tipo_cruzamento,cidade,radar_leman_id,radar_leman_area_m2,radar_leman_link,concorrencia_agencia,concorrencia_url,concorrencia_area_m2,diferenca_area_pct,divisoes_compativeis,radar_leman_endereco,radar_leman_surface_m2,radar_leman_surface_terrain_m2,radar_leman_nb_pieces,concorrencia_superficie_m2,concorrencia_superficie_terreno_m2,concorrencia_num_divisoes,diferenca_habitavel_pct,diferenca_terreno_pct,bate_por
terreno_livre,Évian-les-Bains,74119000AV0025,1466.0,"https://www.google.com/maps?q=46.387469,6.572637",CENTURY 21 Chablais Léman Évian,https://www.century21-chablais-leman-evian.com/trouver_logement/detail/15219684997/,1458.0,0.55,,,,,,,,,,,
terreno_livre,Évian-les-Bains,74119000AO0187,1310.0,"https://www.google.com/maps?q=46.393096,6.587572",CENTURY 21 Chablais Léman Évian,https://www.century21-chablais-leman-evian.com/trouver_logement/detail/15274098956/,1300.0,0.76,,,,,,,,,,,
terreno_livre,Évian-les-Bains,74119000AV0117,1309.0,"https://www.google.com/maps?q=46.390724,6.575532",CENTURY 21 Chablais Léman Évian,https://www.century21-chablais-leman-evian.com/trouver_logement/detail/15274098956/,1300.0,0.69,,,,,,,,,,,
terreno_livre,Évian-les-Bains,74119000AL0419,1297.0,"https://www.google.com/maps?q=46.400059,6.603309",CENTURY 21 Chablais Léman Évian,https://www.century21-chablais-leman-evian.com/trouver_logement/detail/15274098956/,1300.0,0.23,,,,,,,,,,,
terreno_livre,Évian-les-Bains,74119000AP0633,1296.0,"https://www.google.com/maps?q=46.391342,6.583936",CENTURY 21 Chablais Léman Évian,https://www.century21-chablais-leman-evian.com/trouver_logement/detail/15274098956/,1300.0,0.31,,,,,,,,,,,
terreno_livre,Thonon-les-Bains,74281000BL0238,1010.0,"https://www.google.com/maps?q=46.366295,6.452910",CENTURY 21 Chablais-Léman Thonon,https://www.century21-chablais-leman-thonon.com/trouver_logement/detail/12561492259/,1000.0,0.99,,,,,,,,,,,
terreno_livre,Thonon-les-Bains,742810000I0028,1008.0,"https://www.google.com/maps?q=46.369423,6.472233",CENTURY 21 Chablais-Léman Thonon,https://www.century21-chablais-leman-thonon.com/trouver_logement/detail/12561492259/,1000.0,0.79,,,,,,,,,,,
terreno_livre,Thonon-les-Bains,74281000AE0130,1006.0,"https://www.google.com/maps?q=46.404362,6.510817",CENTURY 21 Chablais-Léman Thonon,https://www.century21-chablais-leman-thonon.com/trouver_logement/detail/12561492259/,1000.0,0.6,,,,,,,,,,,
terreno_livre,Thonon-les-Bains,74281000BM0493,1006.0,"https://www.google.com/maps?q=46.364987,6.456665",CENTURY 21 Chablais-Léman Thonon,https://www.century21-chablais-leman-thonon.com/trouver_logement/detail/12561492259/,1000.0,0.6,,,,,,,,,,,
terreno_livre,Thonon-les-Bains,74281000BL0228,1005.0,"https://www.google.com/maps?q=46.366409,6.453577",CENTURY 21 Chablais-Léman Thonon,https://www.century21-chablais-leman-thonon.com/trouver_logement/detail/12561492259/,1000.0,0.5,,,,,,,,,,,
terreno_livre,Thonon-les-Bains,74281000BN0029,1000.0,"https://www.google.com/maps?q=46.366894,6.467811",CENTURY 21 Chablais-Léman Thonon,https://www.century21-chablais-leman-thonon.com/trouver_logement/detail/12561492259/,1000.0,0.0,,,,,,,,,,,
terreno_livre,Thonon-les-Bains,74281000AN0271,1000.0,"https://www.google.com/maps?q=46.366319,6.495950",CENTURY 21 Chablais-Léman Thonon,https://www.century21-chablais-leman-thonon.com/trouver_logement/detail/12561492259/,1000.0,0.0,,,,,,,,,,,
terreno_livre,Thonon-les-Bains,742810000X0319,1000.0,"https://www.google.com/maps?q=46.376311,6.495765",CENTURY 21 Chablais-Léman Thonon,https://www.century21-chablais-leman-thonon.com/trouver_logement/detail/12561492259/,1000.0,0.0,,,,,,,,,,,
terreno_livre,Thonon-les-Bains,74281000AS0276,977.0,"https://www.google.com/maps?q=46.359560,6.484227",CENTURY 21 Chablais-Léman Thonon,https://www.century21-chablais-leman-thonon.com/trouver_logement/detail/12405372287/,971.0,0.61,,,,,,,,,,,
terreno_livre,Thonon-les-Bains,74281000AN0247,974.0,"https://www.google.com/maps?q=46.364135,6.494120",CENTURY 21 Chablais-Léman Thonon,https://www.century21-chablais-leman-thonon.com/trouver_logement/detail/12405372287/,971.0,0.31,,,,,,,,,,,
terreno_livre,Thonon-les-Bains,74281000BI0307,972.0,"https://www.google.com/maps?q=46.356826,6.455610",CENTURY 21 Chablais-Léman Thonon,https://www.century21-chablais-leman-thonon.com/trouver_logement/detail/12405372287/,971.0,0.1,,,,,,,,,,,
terreno_livre,Thonon-les-Bains,742810000Y0340,964.0,"https://www.google.com/maps?q=46.383060,6.493466",CENTURY 21 Chablais-Léman Thonon,https://www.century21-chablais-leman-thonon.com/trouver_logement/detail/12405372287/,971.0,0.72,,,,,,,,,,,
terreno_livre,Thonon-les-Bains,74281000AF0551,961.0,"https://www.google.com/maps?q=46.393532,6.504775",CENTURY 21 Chablais-Léman Thonon,https://www.century21-chablais-leman-thonon.com/trouver_logement/detail/13161135686/,953.0,0.83,,,,,,,,,,,
terreno_livre,Thonon-les-Bains,74281000AR0055,954.0,"https://www.google.com/maps?q=46.359565,6.493340",CENTURY 21 Chablais-Léman Thonon,https://www.century21-chablais-leman-thonon.com/trouver_logement/detail/13161135686/,953.0,0.1,,,,,,,,,,,
terreno_livre,Thonon-les-Bains,74281000BD0282,953.0,"https://www.google.com/maps?q=46.360140,6.458401",CENTURY 21 Chablais-Léman Thonon,https://www.century21-chablais-leman-thonon.com/trouver_logement/detail/13161135686/,953.0,0.0,,,,,,,,,,,
terreno_livre,Thonon-les-Bains,742810000E0036,950.0,"https://www.google.com/maps?q=46.375589,6.481374",CENTURY 21 Chablais-Léman Thonon,https://www.century21-chablais-leman-thonon.com/trouver_logement/detail/13161135686/,953.0,0.31,,,,,,,,,,,
terreno_livre,Thonon-les-Bains,74281000AK0662,950.0,"https://www.google.com/maps?q=46.368823,6.499012",CENTURY 21 Chablais-Léman Thonon,https://www.century21-chablais-leman-thonon.com/trouver_logement/detail/13161135686/,953.0,0.31,,,,,,,,,,,
terreno_livre,Thonon-les-Bains,742810000B0211,948.0,"https://www.google.com/maps?q=46.374192,6.472962",CENTURY 21 Chablais-Léman Thonon,https://www.century21-chablais-leman-thonon.com/trouver_logement/detail/13161135686/,953.0,0.52,,,,,,,,,,,
terreno_livre,Thonon-les-Bains,74281000AQ0226,948.0,"https://www.google.com/maps?q=46.359852,6.485909",CENTURY 21 Chablais-Léman Thonon,https://www.century21-chablais-leman-thonon.com/trouver_logement/detail/13161135686/,953.0,0.52,,,,,,,,,,,
terreno_livre,Thonon-les-Bains,74281000BN0180,705.0,"https://www.google.com/maps?q=46.368642,6.462449",CENTURY 21 Chablais-Léman Thonon,https://www.century21-chablais-leman-thonon.com/trouver_logement/detail/10236910189/,700.0,0.71,,,,,,,,,,,
terreno_livre,Thonon-les-Bains,74281000BN0180,705.0,"https://www.google.com/maps?q=46.368642,6.462449",CENTURY 21 Chablais-Léman Thonon,https://www.century21-chablais-leman-thonon.com/trouver_logement/detail/10236922377/,700.0,0.71,,,,,,,,,,,
terreno_livre,Thonon-les-Bains,74281000BN0180,705.0,"https://www.google.com/maps?q=46.368642,6.462449",CENTURY 21 Chablais-Léman Thonon,https://www.century21-chablais-leman-thonon.com/trouver_logement/detail/10236871000/,700.0,0.71,,,,,,,,,,,
terreno_livre,Thonon-les-Bains,74281000BN0180,705.0,"https://www.google.com/maps?q=46.368642,6.462449",CENTURY 21 Chablais-Léman Thonon,https://www.century21-chablais-leman-thonon.com/trouver_logement/detail/10236926397/,700.0,0.71,,,,,,,,,,,
terreno_livre,Thonon-les-Bains,74281000BN0180,705.0,"https://www.google.com/maps?q=46.368642,6.462449",CENTURY 21 Chablais-Léman Thonon,https://www.century21-chablais-leman-thonon.com/trouver_logement/detail/10236895467/,700.0,0.71,,,,,,,,,,,
terreno_livre,Thonon-les-Bains,74281000BN0813,700.0,"https://www.google.com/maps?q=46.367995,6.463827",CENTURY 21 Chablais-Léman Thonon,https://www.century21-chablais-leman-thonon.com/trouver_logement/detail/10236910189/,700.0,0.0,,,,,,,,,,,
terreno_livre,Thonon-les-Bains,74281000BN0813,700.0,"https://www.google.com/maps?q=46.367995,6.463827",CENTURY 21 Chablais-Léman Thonon,https://www.century21-chablais-leman-thonon.com/trouver_logement/detail/10236922377/,700.0,0.0,,,,,,,,,,,
terreno_livre,Thonon-les-Bains,74281000BN0813,700.0,"https://www.google.com/maps?q=46.367995,6.463827",CENTURY 21 Chablais-Léman Thonon,https://www.century21-chablais-leman-thonon.com/trouver_logement/detail/10236871000/,700.0,0.0,,,,,,,,,,,
terreno_livre,Thonon-les-Bains,74281000BN0813,700.0,"https://www.google.com/maps?q=46.367995,6.463827",CENTURY 21 Chablais-Léman Thonon,https://www.century21-chablais-leman-thonon.com/trouver_logement/detail/10236926397/,700.0,0.0,,,,,,,,,,,
terreno_livre,Thonon-les-Bains,74281000BN0813,700.0,"https://www.google.com/maps?q=46.367995,6.463827",CENTURY 21 Chablais-Léman Thonon,https://www.century21-chablais-leman-thonon.com/trouver_logement/detail/10236895467/,700.0,0.0,,,,,,,,,,,
terreno_livre,Thonon-les-Bains,742810000V0130,700.0,"https://www.google.com/maps?q=46.379814,6.486436",CENTURY 21 Chablais-Léman Thonon,https://www.century21-chablais-leman-thonon.com/trouver_logement/detail/10236910189/,700.0,0.0,,,,,,,,,,,
terreno_livre,Thonon-les-Bains,742810000V0130,700.0,"https://www.google.com/maps?q=46.379814,6.486436",CENTURY 21 Chablais-Léman Thonon,https://www.century21-chablais-leman-thonon.com/trouver_logement/detail/10236922377/,700.0,0.0,,,,,,,,,,,
terreno_livre,Thonon-les-Bains,742810000V0130,700.0,"https://www.google.com/maps?q=46.379814,6.486436",CENTURY 21 Chablais-Léman Thonon,https://www.century21-chablais-leman-thonon.com/trouver_logement/detail/10236871000/,700.0,0.0,,,,,,,,,,,
terreno_livre,Thonon-les-Bains,742810000V0130,700.0,"https://www.google.com/maps?q=46.379814,6.486436",CENTURY 21 Chablais-Léman Thonon,https://www.century21-chablais-leman-thonon.com/trouver_logement/detail/10236926397/,700.0,0.0,,,,,,,,,,,
terreno_livre,Thonon-les-Bains,742810000V0130,700.0,"https://www.google.com/maps?q=46.379814,6.486436",CENTURY 21 Chablais-Léman Thonon,https://www.century21-chablais-leman-thonon.com/trouver_logement/detail/10236895467/,700.0,0.0,,,,,,,,,,,
terreno_livre,Thonon-les-Bains,74281000AS0235,699.0,"https://www.google.com/maps?q=46.358945,6.484247",CENTURY 21 Chablais-Léman Thonon,https://www.century21-chablais-leman-thonon.com/trouver_logement/detail/10236910189/,700.0,0.14,,,,,,,,,,,
terreno_livre,Thonon-les-Bains,74281000AS0235,699.0,"https://www.google.com/maps?q=46.358945,6.484247",CENTURY 21 Chablais-Léman Thonon,https://www.century21-chablais-leman-thonon.com/trouver_logement/detail/10236922377/,700.0,0.14,,,,,,,,,,,
terreno_livre,Thonon-les-Bains,74281000AS0235,699.0,"https://www.google.com/maps?q=46.358945,6.484247",CENTURY 21 Chablais-Léman Thonon,https://www.century21-chablais-leman-thonon.com/trouver_logement/detail/10236871000/,700.0,0.14,,,,,,,,,,,
terreno_livre,Thonon-les-Bains,74281000AS0235,699.0,"https://www.google.com/maps?q=46.358945,6.484247",CENTURY 21 Chablais-Léman Thonon,https://www.century21-chablais-leman-thonon.com/trouver_logement/detail/10236926397/,700.0,0.14,,,,,,,,,,,
terreno_livre,Thonon-les-Bains,74281000AS0235,699.0,"https://www.google.com/maps?q=46.358945,6.484247",CENTURY 21 Chablais-Léman Thonon,https://www.century21-chablais-leman-thonon.com/trouver_logement/detail/10236895467/,700.0,0.14,,,,,,,,,,,
terreno_livre,Thonon-les-Bains,742810000Z0215,697.0,"https://www.google.com/maps?q=46.386354,6.490571",CENTURY 21 Chablais-Léman Thonon,https://www.century21-chablais-leman-thonon.com/trouver_logement/detail/10236910189/,700.0,0.43,,,,,,,,,,,
terreno_livre,Thonon-les-Bains,742810000Z0215,697.0,"https://www.google.com/maps?q=46.386354,6.490571",CENTURY 21 Chablais-Léman Thonon,https://www.century21-chablais-leman-thonon.com/trouver_logement/detail/10236922377/,700.0,0.43,,,,,,,,,,,
terreno_livre,Thonon-les-Bains,742810000Z0215,697.0,"https://www.google.com/maps?q=46.386354,6.490571",CENTURY 21 Chablais-Léman Thonon,https://www.century21-chablais-leman-thonon.com/trouver_logement/detail/10236871000/,700.0,0.43,,,,,,,,,,,
terreno_livre,Thonon-les-Bains,742810000Z0215,697.0,"https://www.google.com/maps?q=46.386354,6.490571",CENTURY 21 Chablais-Léman Thonon,https://www.century21-chablais-leman-thonon.com/trouver_logement/detail/10236926397/,700.0,0.43,,,,,,,,,,,
terreno_livre,Thonon-les-Bains,742810000Z0215,697.0,"https://www.google.com/maps?q=46.386354,6.490571",CENTURY 21 Chablais-Léman Thonon,https://www.century21-chablais-leman-thonon.com/trouver_logement/detail/10236895467/,700.0,0.43,,,,,,,,,,,
terreno_livre,Thonon-les-Bains,74281000AB0677,696.0,"https://www.google.com/maps?q=46.385248,6.496493",CENTURY 21 Chablais-Léman Thonon,https://www.century21-chablais-leman-thonon.com/trouver_logement/detail/10236910189/,700.0,0.57,,,,,,,,,,,
terreno_livre,Thonon-les-Bains,74281000AB0677,696.0,"https://www.google.com/maps?q=46.385248,6.496493",CENTURY 21 Chablais-Léman Thonon,https://www.century21-chablais-leman-thonon.com/trouver_logement/detail/10236922377/,700.0,0.57,,,,,,,,,,,
terreno_livre,Thonon-les-Bains,74281000AB0677,696.0,"https://www.google.com/maps?q=46.385248,6.496493",CENTURY 21 Chablais-Léman Thonon,https://www.century21-chablais-leman-thonon.com/trouver_logement/detail/10236871000/,700.0,0.57,,,,,,,,,,,
terreno_livre,Thonon-les-Bains,74281000AB0677,696.0,"https://www.google.com/maps?q=46.385248,6.496493",CENTURY 21 Chablais-Léman Thonon,https://www.century21-chablais-leman-thonon.com/trouver_logement/detail/10236926397/,700.0,0.57,,,,,,,,,,,
terreno_livre,Thonon-les-Bains,74281000AB0677,696.0,"https://www.google.com/maps?q=46.385248,6.496493",CENTURY 21 Chablais-Léman Thonon,https://www.century21-chablais-leman-thonon.com/trouver_logement/detail/10236895467/,700.0,0.57,,,,,,,,,,,
terreno_livre,Thonon-les-Bains,742810000Y0417,696.0,"https://www.google.com/maps?q=46.383840,6.493781",CENTURY 21 Chablais-Léman Thonon,https://www.century21-chablais-leman-thonon.com/trouver_logement/detail/10236910189/,700.0,0.57,,,,,,,,,,,
terreno_livre,Thonon-les-Bains,742810000Y0417,696.0,"https://www.google.com/maps?q=46.383840,6.493781",CENTURY 21 Chablais-Léman Thonon,https://www.century21-chablais-leman-thonon.com/trouver_logement/detail/10236922377/,700.0,0.57,,,,,,,,,,,
terreno_livre,Thonon-les-Bains,742810000Y0417,696.0,"https://www.google.com/maps?q=46.383840,6.493781",CENTURY 21 Chablais-Léman Thonon,https://www.century21-chablais-leman-thonon.com/trouver_logement/detail/10236871000/,700.0,0.57,,,,,,,,,,,
terreno_livre,Thonon-les-Bains,742810000Y0417,696.0,"https://www.google.com/maps?q=46.383840,6.493781",CENTURY 21 Chablais-Léman Thonon,https://www.century21-chablais-leman-thonon.com/trouver_logement/detail/10236926397/,700.0,0.57,,,,,,,,,,,
terreno_livre,Thonon-les-Bains,742810000Y0417,696.0,"https://www.google.com/maps?q=46.383840,6.493781",CENTURY 21 Chablais-Léman Thonon,https://www.century21-chablais-leman-thonon.com/trouver_logement/detail/10236895467/,700.0,0.57,,,,,,,,,,,
terreno_livre,Thonon-les-Bains,74281000BI0312,695.0,"https://www.google.com/maps?q=46.357281,6.455329",CENTURY 21 Chablais-Léman Thonon,https://www.century21-chablais-leman-thonon.com/trouver_logement/detail/10236910189/,700.0,0.71,,,,,,,,,,,
terreno_livre,Thonon-les-Bains,74281000BI0312,695.0,"https://www.google.com/maps?q=46.357281,6.455329",CENTURY 21 Chablais-Léman Thonon,https://www.century21-chablais-leman-thonon.com/trouver_logement/detail/10236922377/,700.0,0.71,,,,,,,,,,,
terreno_livre,Thonon-les-Bains,74281000BI0312,695.0,"https://www.google.com/maps?q=46.357281,6.455329",CENTURY 21 Chablais-Léman Thonon,https://www.century21-chablais-leman-thonon.com/trouver_logement/detail/10236871000/,700.0,0.71,,,,,,,,,,,
terreno_livre,Thonon-les-Bains,74281000BI0312,695.0,"https://www.google.com/maps?q=46.357281,6.455329",CENTURY 21 Chablais-Léman Thonon,https://www.century21-chablais-leman-thonon.com/trouver_logement/detail/10236926397/,700.0,0.71,,,,,,,,,,,
terreno_livre,Thonon-les-Bains,74281000BI0312,695.0,"https://www.google.com/maps?q=46.357281,6.455329",CENTURY 21 Chablais-Léman Thonon,https://www.century21-chablais-leman-thonon.com/trouver_logement/detail/10236895467/,700.0,0.71,,,,,,,,,,,
terreno_livre,Thonon-les-Bains,74281000AM0093,694.0,"https://www.google.com/maps?q=46.360391,6.494954",CENTURY 21 Chablais-Léman Thonon,https://www.century21-chablais-leman-thonon.com/trouver_logement/detail/10236910189/,700.0,0.86,,,,,,,,,,,
terreno_livre,Thonon-les-Bains,74281000AM0093,694.0,"https://www.google.com/maps?q=46.360391,6.494954",CENTURY 21 Chablais-Léman Thonon,https://www.century21-chablais-leman-thonon.com/trouver_logement/detail/10236922377/,700.0,0.86,,,,,,,,,,,
terreno_livre,Thonon-les-Bains,74281000AM0093,694.0,"https://www.google.com/maps?q=46.360391,6.494954",CENTURY 21 Chablais-Léman Thonon,https://www.century21-chablais-leman-thonon.com/trouver_logement/detail/10236871000/,700.0,0.86,,,,,,,,,,,
terreno_livre,Thonon-les-Bains,74281000AM0093,694.0,"https://www.google.com/maps?q=46.360391,6.494954",CENTURY 21 Chablais-Léman Thonon,https://www.century21-chablais-leman-thonon.com/trouver_logement/detail/10236926397/,700.0,0.86,,,,,,,,,,,
terreno_livre,Thonon-les-Bains,74281000AM0093,694.0,"https://www.google.com/maps?q=46.360391,6.494954",CENTURY 21 Chablais-Léman Thonon,https://www.century21-chablais-leman-thonon.com/trouver_logement/detail/10236895467/,700.0,0.86,,,,,,,,,,,
terreno_livre,Thonon-les-Bains,742810000V0735,693.0,"https://www.google.com/maps?q=46.381766,6.488915",CENTURY 21 Chablais-Léman Thonon,https://www.century21-chablais-leman-thonon.com/trouver_logement/detail/10236910189/,700.0,1.0,,,,,,,,,,,
terreno_livre,Thonon-les-Bains,742810000V0735,693.0,"https://www.google.com/maps?q=46.381766,6.488915",CENTURY 21 Chablais-Léman Thonon,https://www.century21-chablais-leman-thonon.com/trouver_logement/detail/10236922377/,700.0,1.0,,,,,,,,,,,
terreno_livre,Thonon-les-Bains,742810000V0735,693.0,"https://www.google.com/maps?q=46.381766,6.488915",CENTURY 21 Chablais-Léman Thonon,https://www.century21-chablais-leman-thonon.com/trouver_logement/detail/10236871000/,700.0,1.0,,,,,,,,,,,
terreno_livre,Thonon-les-Bains,742810000V0735,693.0,"https://www.google.com/maps?q=46.381766,6.488915",CENTURY 21 Chablais-Léman Thonon,https://www.century21-chablais-leman-thonon.com/trouver_logement/detail/10236926397/,700.0,1.0,,,,,,,,,,,
terreno_livre,Thonon-les-Bains,742810000V0735,693.0,"https://www.google.com/maps?q=46.381766,6.488915",CENTURY 21 Chablais-Léman Thonon,https://www.century21-chablais-leman-thonon.com/trouver_logement/detail/10236895467/,700.0,1.0,,,,,,,,,,,
terreno_livre,Évian-les-Bains,74119000AV0666,564.0,"https://www.google.com/maps?q=46.390006,6.572387",CENTURY 21 Chablais Léman Évian,https://www.century21-chablais-leman-evian.com/trouver_logement/detail/15274237317/,561.0,0.53,,,,,,,,,,,
terreno_livre,Évian-les-Bains,74119000AV0666,564.0,"https://www.google.com/maps?q=46.390006,6.572387",CENTURY 21 Chablais Léman Évian,https://www.century21-chablais-leman-evian.com/trouver_logement/detail/15274306251/,561.0,0.53,,,,,,,,,,,
terreno_livre,Évian-les-Bains,74119000AE0471,560.0,"https://www.google.com/maps?q=46.395822,6.582279",CENTURY 21 Chablais Léman Évian,https://www.century21-chablais-leman-evian.com/trouver_logement/detail/15274237317/,561.0,0.18,,,,,,,,,,,
terreno_livre,Évian-les-Bains,74119000AE0471,560.0,"https://www.google.com/maps?q=46.395822,6.582279",CENTURY 21 Chablais Léman Évian,https://www.century21-chablais-leman-evian.com/trouver_logement/detail/15274306251/,561.0,0.18,,,,,,,,,,,
terreno_livre,Évian-les-Bains,74119000AM0430,559.0,"https://www.google.com/maps?q=46.402007,6.610865",CENTURY 21 Chablais Léman Évian,https://www.century21-chablais-leman-evian.com/trouver_logement/detail/15274237317/,561.0,0.36,,,,,,,,,,,
terreno_livre,Évian-les-Bains,74119000AM0430,559.0,"https://www.google.com/maps?q=46.402007,6.610865",CENTURY 21 Chablais Léman Évian,https://www.century21-chablais-leman-evian.com/trouver_logement/detail/15274306251/,561.0,0.36,,,,,,,,,,,
terreno_livre,Évian-les-Bains,74119000AL0430,558.0,"https://www.google.com/maps?q=46.399183,6.603559",CENTURY 21 Chablais Léman Évian,https://www.century21-chablais-leman-evian.com/trouver_logement/detail/15274237317/,561.0,0.53,,,,,,,,,,,
terreno_livre,Évian-les-Bains,74119000AL0430,558.0,"https://www.google.com/maps?q=46.399183,6.603559",CENTURY 21 Chablais Léman Évian,https://www.century21-chablais-leman-evian.com/trouver_logement/detail/15274306251/,561.0,0.53,,,,,,,,,,,
casa,Thonon-les-Bains,,,"https://www.google.com/maps/search/?api=1&query=46.365992,6.50191",Agence Barnoud Thonon,https://www.barnoud-immobilier.fr/vente/74-haute-savoie/1-thonon-les-bains/1-maison/t6/11010-le-confort-d-une-maison-contemporaine-aux-portes-du-lac-leman/,,,,"1 Chemin du Pré des Moines, 74200 Thonon-les-Bains",120.0,1083.0,6.0,117.79,,,1.84,,habitavel
casa,Thonon-les-Bains,,,"https://www.google.com/maps/search/?api=1&query=46.362401,6.481142",Laforêt Thonon-Évian,https://www.laforet.com/agence-immobiliere/thonon-evian/acheter/thonon-les-bains/maison-5-pieces-52577830,,,True,"16 Avenue de la Patinerie, 74200 Thonon-les-Bains",90.0,1068.0,5.0,88.0,,5.0,2.22,,habitavel
casa,Évian-les-Bains,,,"https://www.google.com/maps/search/?api=1&query=46.402873,6.611493",Leman Property Évian,https://www.leman-property.com/vente/maison/evian-les-bains/cottage-entierement-renove-dans-un-quartier-devian-tres-prise/,,,,"33 Avenue De Grande - Rive - Rd 1005, 74500 Évian-les-Bains",160.0,535.0,8.0,161.0,,,0.62,,habitavel
casa,Évian-les-Bains,,,"https://www.google.com/maps/search/?api=1&query=46.396087,6.58193",Leman Property Évian,https://www.leman-property.com/vente/maison/evian-les-bains/cottage-entierement-renove-dans-un-quartier-devian-tres-prise/,,,,"36 Avenue De Larringes, 74500 Évian-les-Bains",157.0,697.0,8.0,161.0,,,2.48,,habitavel
casa,Évian-les-Bains,,,"https://www.google.com/maps/search/?api=1&query=46.396201,6.581991",Leman Property Évian,https://www.leman-property.com/vente/maison/evian-les-bains/cottage-entierement-renove-dans-un-quartier-devian-tres-prise/,,,,"23 Avenue De Larringes, 74500 Évian-les-Bains",157.0,985.0,8.0,161.0,,,2.48,,habitavel
casa,Évian-les-Bains,,,"https://www.google.com/maps/search/?api=1&query=46.395675,6.584021",Leman Property Évian,https://www.leman-property.com/vente/maison/evian-les-bains/cottage-entierement-renove-dans-un-quartier-devian-tres-prise/,,,,"14 Boulevard Du Royal, 74500 Évian-les-Bains",159.0,1057.0,5.0,161.0,,,1.24,,habitavel
casa,Évian-les-Bains,,,"https://www.google.com/maps/search/?api=1&query=46.40294,6.611506",Leman Property Évian,https://www.leman-property.com/vente/maison/evian-les-bains/cottage-entierement-renove-dans-un-quartier-devian-tres-prise/,,,,"6 Avenue De Grande - Rive - Rd 1005, 74500 Évian-les-Bains",160.0,592.0,8.0,161.0,,,0.62,,habitavel
casa,Thonon-les-Bains,,,"https://www.google.com/maps/search/?api=1&query=46.387661,6.493257",Laforêt Thonon-Évian,https://www.laforet.com/agence-immobiliere/thonon-evian/acheter/thonon-les-bains/maison-4-pieces-52407645,,,True,"11 Chemin de la Forêt, 74200 Thonon-les-Bains",83.0,1509.0,4.0,85.0,,4.0,2.35,,habitavel
casa,Thonon-les-Bains,,,"https://www.google.com/maps/search/?api=1&query=46.357793,6.454296",Laforêt Thonon-Évian,https://www.laforet.com/agence-immobiliere/thonon-evian/acheter/thonon-les-bains/maison-5-pieces-52196942,,,True,"5 Chemin des Oiseaux, 74200 Thonon-les-Bains",110.0,730.0,5.0,109.0,746.0,5.0,0.91,2.14,habitavel
casa,Évian-les-Bains,,,"https://www.google.com/maps/search/?api=1&query=46.398039,6.583586",CENTURY 21 Chablais Léman Évian,https://www.century21-chablais-leman-evian.com/trouver_logement/detail/15835585450/,,,True,"14 Avenue De Larringes, 74500 Évian-les-Bains",150.0,650.0,5.0,147.0,,5.0,2.0,,habitavel
casa,Thonon-les-Bains,,,"https://www.google.com/maps/search/?api=1&query=46.352467,6.472779",Agence Barnoud Thonon,https://www.barnoud-immobilier.fr/vente/74-haute-savoie/1-thonon-les-bains/1-maison/t6/11010-le-confort-d-une-maison-contemporaine-aux-portes-du-lac-leman/,,,,"16 Chemin des Moulins de la Versoie, 74200 Thonon-les-Bains",116.0,1221.0,5.0,117.79,,,1.52,,habitavel
casa,Thonon-les-Bains,,,"https://www.google.com/maps/search/?api=1&query=46.362363,6.480944",Laforêt Thonon-Évian,https://www.laforet.com/agence-immobiliere/thonon-evian/acheter/thonon-les-bains/maison-5-pieces-52577830,,,True,"13 Avenue de la Patinerie, 74200 Thonon-les-Bains",90.0,562.0,5.0,88.0,,5.0,2.22,,habitavel
casa,Thonon-les-Bains,,,"https://www.google.com/maps/search/?api=1&query=46.366062,6.461779",Leman Property Thonon,https://www.leman-property.com/vente/maison/thonon-les-bains/thonon-les-bains-pieds-dans-leau-ponton-prive-et-bouee-a-bateau/,,,,"35 Chemin de Mireille, 74200 Thonon-les-Bains",100.0,1188.0,4.0,100.0,,,0.0,,habitavel
casa,Thonon-les-Bains,,,"https://www.google.com/maps/search/?api=1&query=46.373187,6.472732",Laforêt Thonon-Évian,https://www.laforet.com/agence-immobiliere/thonon-evian/acheter/thonon-les-bains/maison-7-pieces-52813436,,,,"15 Chemin des Clerges, 74200 Thonon-les-Bains",,1075.0,,160.0,1085.0,7.0,,0.92,terreno
casa,Thonon-les-Bains,,,"https://www.google.com/maps/search/?api=1&query=46.372644,6.474213",Agence Barnoud Thonon,https://www.barnoud-immobilier.fr/vente/74-haute-savoie/1-thonon-les-bains/1-maison/t6/11010-le-confort-d-une-maison-contemporaine-aux-portes-du-lac-leman/,,,,"3 Avenue de Corzent, 74200 Thonon-les-Bains",115.0,467.0,5.0,117.79,,,2.37,,habitavel
casa,Thonon-les-Bains,,,"https://www.google.com/maps/search/?api=1&query=46.372572,6.474286",Agence Barnoud Thonon,https://www.barnoud-immobilier.fr/vente/74-haute-savoie/1-thonon-les-bains/1-maison/t6/11010-le-confort-d-une-maison-contemporaine-aux-portes-du-lac-leman/,,,,"2 Avenue de Corzent, 74200 Thonon-les-Bains",115.0,30.0,5.0,117.79,,,2.37,,habitavel
casa,Évian-les-Bains,,,"https://www.google.com/maps/search/?api=1&query=46.401862,6.611212",Agence Barnoud Évian,https://www.barnoud-immobilier.fr/vente/74-haute-savoie/2-evian-les-bains/1-maison/t5/7576-chalet-en-bois-avec-pleine-vue-lac-leman/,,,,"58 Avenue Des Grottes, 74500 Évian-les-Bains",103.0,463.0,4.0,101.74,,,1.22,,habitavel
casa,Évian-les-Bains,,,"https://www.google.com/maps/search/?api=1&query=46.397215,6.571426",CENTURY 21 Chablais Léman Évian,https://www.century21-chablais-leman-evian.com/trouver_logement/detail/3505095102/,,,True,"8 Chemin Des Marronniers, 74500 Évian-les-Bains",90.0,607.0,4.0,92.0,,4.0,2.17,,habitavel
casa,Thonon-les-Bains,,,"https://www.google.com/maps/search/?api=1&query=46.359122,6.451097",Dupraz Immobilier Thonon,https://www.dupraz-immobilier.com/ville_bien/fiches/4-40-26_59086856/grande-maison-familiale-a-concise-terrain-1100m2.html,,,,"107 Boulevard de la Corniche, 74200 Thonon-les-Bains",,1102.0,,,1100.0,,,0.18,terreno
casa,Thonon-les-Bains,,,"https://www.google.com/maps/search/?api=1&query=46.366008,6.46194",Leman Property Thonon,https://www.leman-property.com/vente/maison/thonon-les-bains/thonon-les-bains-pieds-dans-leau-ponton-prive-et-bouee-a-bateau/,,,,"23 Chemin de Mireille, 74200 Thonon-les-Bains",100.0,600.0,4.0,100.0,,,0.0,,habitavel
casa,Thonon-les-Bains,,,"https://www.google.com/maps/search/?api=1&query=46.381631,6.482604",CENTURY 21 Chablais-Léman Thonon,https://www.century21-chablais-leman-thonon.com/trouver_logement/detail/14470736025/,,,,"27 Quai de Ripaille, 74200 Thonon-les-Bains",,1000.0,,,1000.0,7.0,,0.0,terreno
casa,Thonon-les-Bains,,,"https://www.google.com/maps/search/?api=1&query=46.366029,6.502109",Dupraz Immobilier Thonon,https://www.dupraz-immobilier.com/ville_bien/fiches/4-40-26_59086856/grande-maison-familiale-a-concise-terrain-1100m2.html,,,,"3 Chemin du Pré des Moines, 74200 Thonon-les-Bains",120.0,1100.0,6.0,,1100.0,,,0.0,terreno
casa,Thonon-les-Bains,,,"https://www.google.com/maps/search/?api=1&query=46.366029,6.502109",Agence Barnoud Thonon,https://www.barnoud-immobilier.fr/vente/74-haute-savoie/1-thonon-les-bains/1-maison/t6/11010-le-confort-d-une-maison-contemporaine-aux-portes-du-lac-leman/,,,,"3 Chemin du Pré des Moines, 74200 Thonon-les-Bains",120.0,1100.0,6.0,117.79,,,1.84,,habitavel
casa,Évian-les-Bains,,,"https://www.google.com/maps/search/?api=1&query=46.397347,6.571556",CENTURY 21 Chablais Léman Évian,https://www.century21-chablais-leman-evian.com/trouver_logement/detail/3505095102/,,,True,"6 Chemin Des Marronniers, 74500 Évian-les-Bains",90.0,318.0,4.0,92.0,,4.0,2.17,,habitavel
casa,Thonon-les-Bains,,,"https://www.google.com/maps/search/?api=1&query=46.383289,6.504179",Leman Property Thonon,https://www.leman-property.com/vente/maison/thonon-les-bains/thonon-les-bains-pieds-dans-leau-ponton-prive-et-bouee-a-bateau/,,,,"8 Rue des Prés de Vongy, 74200 Thonon-les-Bains",100.0,168.0,3.0,100.0,,,0.0,,habitavel
casa,Évian-les-Bains,,,"https://www.google.com/maps/search/?api=1&query=46.397419,6.571625",CENTURY 21 Chablais Léman Évian,https://www.century21-chablais-leman-evian.com/trouver_logement/detail/3505095102/,,,True,"4 Chemin Des Marronniers, 74500 Évian-les-Bains",90.0,383.0,4.0,92.0,,4.0,2.17,,habitavel
casa,Évian-les-Bains,,,"https://www.google.com/maps/search/?api=1&query=46.388089,6.586838",CENTURY 21 Chablais Léman Évian,https://www.century21-chablais-leman-evian.com/trouver_logement/detail/15835585450/,,,True,"17 Boulevard Du Clou, 74500 Évian-les-Bains",148.0,872.0,5.0,147.0,,5.0,0.68,,habitavel
casa,Thonon-les-Bains,,,"https://www.google.com/maps/search/?api=1&query=46.360972,6.447217",CENTURY 21 Chablais-Léman Thonon,https://www.century21-chablais-leman-thonon.com/trouver_logement/detail/14470736025/,,,,"39 Impasse de Marclaz, 74200 Thonon-les-Bains",,1007.0,,,1000.0,7.0,,0.7,terreno
casa,Thonon-les-Bains,,,"https://www.google.com/maps/search/?api=1&query=46.365086,6.461897",CENTURY 21 Chablais-Léman Thonon,https://www.century21-chablais-leman-thonon.com/trouver_logement/detail/15664262586/,,,True,"15 Avenue du Vernay, 74200 Thonon-les-Bains",143.0,709.0,6.0,143.0,,6.0,0.0,,habitavel
casa,Évian-les-Bains,,,"https://www.google.com/maps/search/?api=1&query=46.388355,6.590182",TiT Immobilier,https://tit-immobilier.com/fr/propri%C3%A9t%C3%A9/86679400,,,,"27 Route De Saint Thomas, 74500 Évian-les-Bains",237.0,1488.0,8.0,240.2,,,1.33,,habitavel
casa,Thonon-les-Bains,,,"https://www.google.com/maps/search/?api=1&query=46.359631,6.45169",Leman Property Thonon,https://www.leman-property.com/vente/maison/thonon-les-bains/thonon-les-bains-pieds-dans-leau-ponton-prive-et-bouee-a-bateau/,,,,"31 Chemin des Croz, 74200 Thonon-les-Bains",99.0,940.0,6.0,100.0,,,1.0,,habitavel
casa,Évian-les-Bains,,,"https://www.google.com/maps/search/?api=1&query=46.398107,6.583766",CENTURY 21 Chablais Léman Évian,https://www.century21-chablais-leman-evian.com/trouver_logement/detail/15835585450/,,,True,"12 Avenue De Larringes, 74500 Évian-les-Bains",150.0,589.0,5.0,147.0,,5.0,2.0,,habitavel
casa,Thonon-les-Bains,,,"https://www.google.com/maps/search/?api=1&query=46.365891,6.461343",Leman Property Thonon,https://www.leman-property.com/vente/maison/thonon-les-bains/thonon-les-bains-pieds-dans-leau-ponton-prive-et-bouee-a-bateau/,,,,"23 Avenue du Vernay, 74200 Thonon-les-Bains",100.0,614.0,4.0,100.0,,,0.0,,habitavel
casa,Thonon-les-Bains,,,"https://www.google.com/maps/search/?api=1&query=46.374512,6.484044",Laforêt Thonon-Évian,https://www.laforet.com/agence-immobiliere/thonon-evian/acheter/thonon-les-bains/maison-5-pieces-52196942,,,True,"15 Boulevard de Savoie, 74200 Thonon-les-Bains",110.0,515.0,5.0,109.0,746.0,5.0,0.91,30.97,habitavel
casa,Thonon-les-Bains,,,"https://www.google.com/maps/search/?api=1&query=46.365539,6.501281",Dupraz Immobilier Thonon,https://www.dupraz-immobilier.com/ville_bien/fiches/4-40-26_59086856/grande-maison-familiale-a-concise-terrain-1100m2.html,,,,"31 Avenue de la Fontaine Couverte, 74200 Thonon-les-Bains",128.0,1090.0,4.0,,1100.0,,,0.91,terreno
casa,Thonon-les-Bains,,,"https://www.google.com/maps/search/?api=1&query=46.357958,6.454618",Laforêt Thonon-Évian,https://www.laforet.com/agence-immobiliere/thonon-evian/acheter/thonon-les-bains/maison-5-pieces-52196942,,,True,"7 Chemin des Oiseaux, 74200 Thonon-les-Bains",110.0,515.0,5.0,109.0,746.0,5.0,0.91,30.97,habitavel
casa,Thonon-les-Bains,,,"https://www.google.com/maps/search/?api=1&query=46.383297,6.504294",Leman Property Thonon,https://www.leman-property.com/vente/maison/thonon-les-bains/thonon-les-bains-pieds-dans-leau-ponton-prive-et-bouee-a-bateau/,,,,"7 Rue des Prés de Vongy, 74200 Thonon-les-Bains",100.0,62.0,3.0,100.0,,,0.0,,habitavel
casa,Thonon-les-Bains,,,"https://www.google.com/maps/search/?api=1&query=46.383204,6.504269",Leman Property Thonon,https://www.leman-property.com/vente/maison/thonon-les-bains/thonon-les-bains-pieds-dans-leau-ponton-prive-et-bouee-a-bateau/,,,,"4 Rue des Prés de Vongy, 74200 Thonon-les-Bains",100.0,36.0,3.0,100.0,,,0.0,,habitavel
casa,Thonon-les-Bains,,,"https://www.google.com/maps/search/?api=1&query=46.363271,6.454015",CENTURY 21 Chablais-Léman Thonon,https://www.century21-chablais-leman-thonon.com/trouver_logement/detail/15664262586/,,,True,"23 Allée des Bosnis, 74200 Thonon-les-Bains",140.0,1432.0,6.0,143.0,,6.0,2.1,,habitavel
casa,Évian-les-Bains,,,"https://www.google.com/maps/search/?api=1&query=46.385452,6.580878",Agence Barnoud Évian,https://www.barnoud-immobilier.fr/vente/74-haute-savoie/2-evian-les-bains/1-maison/t5/7576-chalet-en-bois-avec-pleine-vue-lac-leman/,,,,"54 Route De La Corniche - Rd 21, 74500 Évian-les-Bains",102.0,1898.0,6.0,101.74,,,0.25,,habitavel
casa,Thonon-les-Bains,,,"https://www.google.com/maps/search/?api=1&query=46.367757,6.468888",Agence Barnoud Thonon,https://www.barnoud-immobilier.fr/vente/74-haute-savoie/1-thonon-les-bains/1-maison/t6/11010-le-confort-d-une-maison-contemporaine-aux-portes-du-lac-leman/,,,,"9 Chemin de Bachex, 74200 Thonon-les-Bains",119.0,1304.0,5.0,117.79,,,1.02,,habitavel
casa,Thonon-les-Bains,,,"https://www.google.com/maps/search/?api=1&query=46.361481,6.464789",Leman Property Thonon,https://www.leman-property.com/vente/maison/thonon-les-bains/thonon-les-bains-pieds-dans-leau-ponton-prive-et-bouee-a-bateau/,,,,"15 Avenue de la Grangette, 74200 Thonon-les-Bains",100.0,1004.0,5.0,100.0,,,0.0,,habitavel
casa,Thonon-les-Bains,,,"https://www.google.com/maps/search/?api=1&query=46.381772,6.485857",CENTURY 21 Chablais-Léman Thonon,https://www.century21-chablais-leman-thonon.com/trouver_logement/detail/14797209411/,,,True,"3 Rue de Montagny, 74200 Thonon-les-Bains",162.0,823.0,6.0,158.97,,6.0,1.87,,habitavel
casa,Thonon-les-Bains,,,"https://www.google.com/maps/search/?api=1&query=46.374223,6.497492",Leman Property Thonon,https://www.leman-property.com/vente/maison/thonon-les-bains/thonon-les-bains-pieds-dans-leau-ponton-prive-et-bouee-a-bateau/,,,,"46 Avenue de Champagne, 74200 Thonon-les-Bains",100.0,950.0,4.0,100.0,,,0.0,,habitavel
casa,Évian-les-Bains,,,"https://www.google.com/maps/search/?api=1&query=46.398216,6.583946",CENTURY 21 Chablais Léman Évian,https://www.century21-chablais-leman-evian.com/trouver_logement/detail/15835585450/,,,True,"10 Avenue De Larringes, 74500 Évian-les-Bains",150.0,471.0,5.0,147.0,,5.0,2.0,,habitavel
casa,Thonon-les-Bains,,,"https://www.google.com/maps/search/?api=1&query=46.364659,6.470179",CENTURY 21 Chablais-Léman Thonon,https://www.century21-chablais-leman-thonon.com/trouver_logement/detail/14797209411/,,,True,"15 Avenue du Forchat, 74200 Thonon-les-Bains",163.0,1153.0,6.0,158.97,,6.0,2.47,,habitavel
casa,Thonon-les-Bains,,,"https://www.google.com/maps/search/?api=1&query=46.386405,6.499182",Dupraz Immobilier Thonon,https://www.dupraz-immobilier.com/ville_bien/fiches/4-40-26_59086856/grande-maison-familiale-a-concise-terrain-1100m2.html,,,,"1 Impasse des Grands Champs, 74200 Thonon-les-Bains",153.0,1106.0,8.0,,1100.0,,,0.54,terreno
casa,Thonon-les-Bains,,,"https://www.google.com/maps/search/?api=1&query=46.381719,6.485963",CENTURY 21 Chablais-Léman Thonon,https://www.century21-chablais-leman-thonon.com/trouver_logement/detail/14797209411/,,,True,"2 Rue de Montagny, 74200 Thonon-les-Bains",162.0,794.0,6.0,158.97,,6.0,1.87,,habitavel
casa,Évian-les-Bains,,,"https://www.google.com/maps/search/?api=1&query=46.398013,6.58352",CENTURY 21 Chablais Léman Évian,https://www.century21-chablais-leman-evian.com/trouver_logement/detail/15835585450/,,,True,"16 Avenue De Larringes, 74500 Évian-les-Bains",150.0,497.0,5.0,147.0,,5.0,2.0,,habitavel
casa,Thonon-les-Bains,,,"https://www.google.com/maps/search/?api=1&query=46.369354,6.494441",CENTURY 21 Chablais-Léman Thonon,https://www.century21-chablais-leman-thonon.com/trouver_logement/detail/14470736025/,,,,"3 Impasse des Moissons, 74200 Thonon-les-Bains",,1000.0,,,1000.0,7.0,,0.0,terreno
casa,Thonon-les-Bains,,,"https://www.google.com/maps/search/?api=1&query=46.36533,6.462387",CENTURY 21 Chablais-Léman Thonon,https://www.century21-chablais-leman-thonon.com/trouver_logement/detail/15664262586/,,,True,"16 Chemin du Soleil Couchant, 74200 Thonon-les-Bains",143.0,540.0,6.0,143.0,,6.0,0.0,,habitavel
casa,Thonon-les-Bains,,,"https://www.google.com/maps/search/?api=1&query=46.371594,6.476116",Agence Barnoud Thonon,https://www.barnoud-immobilier.fr/vente/74-haute-savoie/1-thonon-les-bains/1-maison/t6/11010-le-confort-d-une-maison-contemporaine-aux-portes-du-lac-leman/,,,,"4 Allée de la Roseraie, 74200 Thonon-les-Bains",118.0,670.0,5.0,117.79,,,0.18,,habitavel
casa,Thonon-les-Bains,,,"https://www.google.com/maps/search/?api=1&query=46.365273,6.462192",CENTURY 21 Chablais-Léman Thonon,https://www.century21-chablais-leman-thonon.com/trouver_logement/detail/15664262586/,,,True,"18 Chemin du Soleil Couchant, 74200 Thonon-les-Bains",143.0,520.0,6.0,143.0,,6.0,0.0,,habitavel
casa,Évian-les-Bains,,,"https://www.google.com/maps/search/?api=1&query=46.391131,6.587587",Leman Property Évian,https://www.leman-property.com/vente/maison/evian-les-bains/cottage-entierement-renove-dans-un-quartier-devian-tres-prise/,,,,"24 Route Des Tours, 74500 Évian-les-Bains",163.0,1028.0,5.0,161.0,,,1.23,,habitavel
casa,Évian-les-Bains,,,"https://www.google.com/maps/search/?api=1&query=46.392944,6.591906",CENTURY 21 Chablais Léman Évian,https://www.century21-chablais-leman-evian.com/trouver_logement/detail/15835585450/,,,True,"31 Avenue Des Tours, 74500 Évian-les-Bains",148.0,565.0,5.0,147.0,,5.0,0.68,,habitavel
casa,Thonon-les-Bains,,,"https://www.google.com/maps/search/?api=1&query=46.353895,6.44647",Christelle Vannier Immobilier,https://cvannier-immobilier.com/fr/propriete/vente+maison+thonon-les-bains+exclusivite-nouveaute+87067200,,,True,"11 Route de la Visitation, 74200 Thonon-les-Bains",123.0,4116.0,7.0,125.0,,7.0,1.6,,habitavel
casa,Thonon-les-Bains,,,"https://www.google.com/maps/search/?api=1&query=46.354308,6.446919",Christelle Vannier Immobilier,https://cvannier-immobilier.com/fr/propriete/vente+maison+thonon-les-bains+exclusivite-nouveaute+87067200,,,True,"7 Route de la Visitation, 74200 Thonon-les-Bains",123.0,2007.0,7.0,125.0,,7.0,1.6,,habitavel
casa,Thonon-les-Bains,,,"https://www.google.com/maps/search/?api=1&query=46.37894,6.487027",Dupraz Immobilier Thonon,https://www.dupraz-immobilier.com/ville_bien/fiches/4-40-26_59086856/grande-maison-familiale-a-concise-terrain-1100m2.html,,,,"17 Avenue de Concise, 74200 Thonon-les-Bains",110.0,1100.0,6.0,,1100.0,,,0.0,terreno
casa,Thonon-les-Bains,,,"https://www.google.com/maps/search/?api=1&query=46.400768,6.504158",Leman Property Thonon,https://www.leman-property.com/vente/maison/thonon-les-bains/thonon-corzent-villa-de-227-m2-avec-t2-independant/,,,,"112 Avenue de Saint-Disdille, 74200 Thonon-les-Bains",228.0,383.0,6.0,227.0,,,0.44,,habitavel
casa,Thonon-les-Bains,,,"https://www.google.com/maps/search/?api=1&query=46.354114,6.446743",Christelle Vannier Immobilier,https://cvannier-immobilier.com/fr/propriete/vente+maison+thonon-les-bains+exclusivite-nouveaute+87067200,,,True,"9 Route de la Visitation, 74200 Thonon-les-Bains",123.0,2006.0,7.0,125.0,,7.0,1.6,,habitavel
casa,Évian-les-Bains,,,"https://www.google.com/maps/search/?api=1&query=46.387591,6.586654",CENTURY 21 Chablais Léman Évian,https://www.century21-chablais-leman-evian.com/trouver_logement/detail/15835585450/,,,True,"28 Route De La Corniche - Rd 21, 74500 Évian-les-Bains",148.0,2788.0,5.0,147.0,,5.0,0.68,,habitavel
casa,Thonon-les-Bains,,,"https://www.google.com/maps/search/?api=1&query=46.368709,6.486775",Leman Property Thonon,https://www.leman-property.com/vente/maison/thonon-les-bains/thonon-les-bains-pieds-dans-leau-ponton-prive-et-bouee-a-bateau/,,,,"3 Chemin du Paradis, 74200 Thonon-les-Bains",100.0,725.0,5.0,100.0,,,0.0,,habitavel
casa,Thonon-les-Bains,,,"https://www.google.com/maps/search/?api=1&query=46.368636,6.486709",Leman Property Thonon,https://www.leman-property.com/vente/maison/thonon-les-bains/thonon-les-bains-pieds-dans-leau-ponton-prive-et-bouee-a-bateau/,,,,"2 Chemin du Paradis, 74200 Thonon-les-Bains",100.0,720.0,5.0,100.0,,,0.0,,habitavel
casa,Thonon-les-Bains,,,"https://www.google.com/maps/search/?api=1&query=46.365834,6.500582",Agence Barnoud Thonon,https://www.barnoud-immobilier.fr/vente/74-haute-savoie/1-thonon-les-bains/1-maison/t6/11010-le-confort-d-une-maison-contemporaine-aux-portes-du-lac-leman/,,,,"27 Avenue de la Fontaine Couverte, 74200 Thonon-les-Bains",118.0,4520.0,4.0,117.79,,,0.18,,habitavel
casa,Évian-les-Bains,,,"https://www.google.com/maps/search/?api=1&query=46.385573,6.580776",Agence Barnoud Évian,https://www.barnoud-immobilier.fr/vente/74-haute-savoie/2-evian-les-bains/1-maison/t5/7576-chalet-en-bois-avec-pleine-vue-lac-leman/,,,,"83 Route De La Corniche - Rd 21, 74500 Évian-les-Bains",102.0,585.0,6.0,101.74,,,0.25,,habitavel
casa,Thonon-les-Bains,,,"https://www.google.com/maps/search/?api=1&query=46.363228,6.45394",CENTURY 21 Chablais-Léman Thonon,https://www.century21-chablais-leman-thonon.com/trouver_logement/detail/15664262586/,,,True,"25 Allée des Bosnis, 74200 Thonon-les-Bains",140.0,154.0,6.0,143.0,,6.0,2.1,,habitavel
casa,Thonon-les-Bains,,,"https://www.google.com/maps/search/?api=1&query=46.366052,6.50051",Agence Barnoud Thonon,https://www.barnoud-immobilier.fr/vente/74-haute-savoie/1-thonon-les-bains/1-maison/t6/11010-le-confort-d-une-maison-contemporaine-aux-portes-du-lac-leman/,,,,"34 Avenue de la Fontaine Couverte, 74200 Thonon-les-Bains",118.0,801.0,4.0,117.79,,,0.18,,habitavel
casa,Évian-les-Bains,,,"https://www.google.com/maps/search/?api=1&query=46.402892,6.611771",Leman Property Évian,https://www.leman-property.com/vente/maison/evian-les-bains/cottage-entierement-renove-dans-un-quartier-devian-tres-prise/,,,,"31 Avenue De Grande - Rive - Rd 1005, 74500 Évian-les-Bains",160.0,335.0,8.0,161.0,,,0.62,,habitavel
casa,Thonon-les-Bains,,,"https://www.google.com/maps/search/?api=1&query=46.368652,6.46757",Agence Barnoud Thonon,https://www.barnoud-immobilier.fr/vente/74-haute-savoie/1-thonon-les-bains/1-maison/t6/11010-le-confort-d-une-maison-contemporaine-aux-portes-du-lac-leman/,,,,"18 Boulevard Bel Air, 74200 Thonon-les-Bains",120.0,2215.0,5.0,117.79,,,1.84,,habitavel
casa,Thonon-les-Bains,,,"https://www.google.com/maps/search/?api=1&query=46.401396,6.510099",Agence Barnoud Thonon,https://www.barnoud-immobilier.fr/vente/74-haute-savoie/1-thonon-les-bains/1-maison/t6/11010-le-confort-d-une-maison-contemporaine-aux-portes-du-lac-leman/,,,,"14 Presqu’Île les Pinèdes, 74200 Thonon-les-Bains",116.0,1452.0,5.0,117.79,,,1.52,,habitavel
casa,Thonon-les-Bains,,,"https://www.google.com/maps/search/?api=1&query=46.367521,6.488413",Agence Barnoud Thonon,https://www.barnoud-immobilier.fr/vente/74-haute-savoie/1-thonon-les-bains/1-maison/t6/11010-le-confort-d-une-maison-contemporaine-aux-portes-du-lac-leman/,,,,"31 Avenue de l’Ermitage, 74200 Thonon-les-Bains",115.0,1118.0,5.0,117.79,,,2.37,,habitavel
casa,Thonon-les-Bains,,,"https://www.google.com/maps/search/?api=1&query=46.368852,6.468457",Agence Barnoud Thonon,https://www.barnoud-immobilier.fr/vente/74-haute-savoie/1-thonon-les-bains/1-maison/t6/11010-le-confort-d-une-maison-contemporaine-aux-portes-du-lac-leman/,,,,"15 Chemin Jean Moynat, 74200 Thonon-les-Bains",120.0,1019.0,5.0,117.79,,,1.84,,habitavel
casa,Thonon-les-Bains,,,"https://www.google.com/maps/search/?api=1&query=46.367455,6.488648",Agence Barnoud Thonon,https://www.barnoud-immobilier.fr/vente/74-haute-savoie/1-thonon-les-bains/1-maison/t6/11010-le-confort-d-une-maison-contemporaine-aux-portes-du-lac-leman/,,,,"33 Avenue de l’Ermitage, 74200 Thonon-les-Bains",115.0,1118.0,5.0,117.79,,,2.37,,habitavel
casa,Thonon-les-Bains,,,"https://www.google.com/maps/search/?api=1&query=46.35713,6.470389",Laforêt Thonon-Évian,https://www.laforet.com/agence-immobiliere/thonon-evian/acheter/thonon-les-bains/maison-5-pieces-52196942,,,,"6 Chemin de Sarajo, 74200 Thonon-les-Bains",,742.0,,109.0,746.0,5.0,,0.54,terreno
casa,Thonon-les-Bains,,,"https://www.google.com/maps/search/?api=1&query=46.359466,6.457025",Leman Property Thonon,https://www.leman-property.com/vente/maison/thonon-les-bains/thonon-les-bains-pieds-dans-leau-ponton-prive-et-bouee-a-bateau/,,,,"9 Impasse de Létroz Sud, 74200 Thonon-les-Bains",102.0,162.0,5.0,100.0,,,1.96,,habitavel
casa,Thonon-les-Bains,,,"https://www.google.com/maps/search/?api=1&query=46.35948,6.457132",Leman Property Thonon,https://www.leman-property.com/vente/maison/thonon-les-bains/thonon-les-bains-pieds-dans-leau-ponton-prive-et-bouee-a-bateau/,,,,"7 Impasse de Létroz Sud, 74200 Thonon-les-Bains",102.0,485.0,5.0,100.0,,,1.96,,habitavel
casa,Thonon-les-Bains,,,"https://www.google.com/maps/search/?api=1&query=46.364906,6.469964",CENTURY 21 Chablais-Léman Thonon,https://www.century21-chablais-leman-thonon.com/trouver_logement/detail/14797209411/,,,True,"13 Avenue du Forchat, 74200 Thonon-les-Bains",163.0,700.0,6.0,158.97,,6.0,2.47,,habitavel
casa,Évian-les-Bains,,,"https://www.google.com/maps/search/?api=1&query=46.38621,6.586687",CENTURY 21 Chablais Léman Évian,https://www.century21-chablais-leman-evian.com/trouver_logement/detail/3505095102/,,,True,"61 Route De Saint Thomas, 74500 Évian-les-Bains",90.0,725.0,4.0,92.0,,4.0,2.17,,habitavel
casa,Thonon-les-Bains,,,"https://www.google.com/maps/search/?api=1&query=46.366165,6.50028",Agence Barnoud Thonon,https://www.barnoud-immobilier.fr/vente/74-haute-savoie/1-thonon-les-bains/1-maison/t6/11010-le-confort-d-une-maison-contemporaine-aux-portes-du-lac-leman/,,,,"32 Avenue de la Fontaine Couverte, 74200 Thonon-les-Bains",118.0,1352.0,4.0,117.79,,,0.18,,habitavel
casa,Évian-les-Bains,,,"https://www.google.com/maps/search/?api=1&query=46.386262,6.586657",CENTURY 21 Chablais Léman Évian,https://www.century21-chablais-leman-evian.com/trouver_logement/detail/3505095102/,,,True,"46 Route De Saint Thomas, 74500 Évian-les-Bains",90.0,900.0,4.0,92.0,,4.0,2.17,,habitavel
casa,Thonon-les-Bains,,,"https://www.google.com/maps/search/?api=1&query=46.359567,6.451043",Leman Property Thonon,https://www.leman-property.com/vente/maison/thonon-les-bains/thonon-les-bains-pieds-dans-leau-ponton-prive-et-bouee-a-bateau/,,,,"105 Boulevard de la Corniche, 74200 Thonon-les-Bains",99.0,1078.0,6.0,100.0,,,1.0,,habitavel
casa,Thonon-les-Bains,,,"https://www.google.com/maps/search/?api=1&query=46.377213,6.499261",Leman Property Thonon,https://www.leman-property.com/vente/maison/thonon-les-bains/thonon-les-bains-pieds-dans-leau-ponton-prive-et-bouee-a-bateau/,,,,"4 Chemin du Clos d’Armoy, 74200 Thonon-les-Bains",99.0,179.0,4.0,100.0,,,1.0,,habitavel
casa,Thonon-les-Bains,,,"https://www.google.com/maps/search/?api=1&query=46.356702,6.457503",Leman Property Thonon,https://www.leman-property.com/vente/maison/thonon-les-bains/thonon-les-bains-pieds-dans-leau-ponton-prive-et-bouee-a-bateau/,,,,"19 Chemin du Marais, 74200 Thonon-les-Bains",100.0,1038.0,4.0,100.0,,,0.0,,habitavel
casa,Thonon-les-Bains,,,"https://www.google.com/maps/search/?api=1&query=46.356914,6.45796",Leman Property Thonon,https://www.leman-property.com/vente/maison/thonon-les-bains/thonon-les-bains-pieds-dans-leau-ponton-prive-et-bouee-a-bateau/,,,,"20 Chemin du Marais, 74200 Thonon-les-Bains",100.0,986.0,4.0,100.0,,,0.0,,habitavel
casa,Thonon-les-Bains,,,"https://www.google.com/maps/search/?api=1&query=46.35686,6.4577",Leman Property Thonon,https://www.leman-property.com/vente/maison/thonon-les-bains/thonon-les-bains-pieds-dans-leau-ponton-prive-et-bouee-a-bateau/,,,,"17 Chemin du Marais, 74200 Thonon-les-Bains",100.0,1013.0,4.0,100.0,,,0.0,,habitavel
casa,Thonon-les-Bains,,,"https://www.google.com/maps/search/?api=1&query=46.372569,6.487426",Laforêt Thonon-Évian,https://www.laforet.com/agence-immobiliere/thonon-evian/acheter/thonon-les-bains/maison-4-pieces-52556087,,,True,"13 Chemin de la Liberté, 74200 Thonon-les-Bains",68.0,550.0,4.0,67.0,132.0,4.0,1.47,76.0,habitavel
casa,Thonon-les-Bains,,,"https://www.google.com/maps/search/?api=1&query=46.357077,6.457871",Leman Property Thonon,https://www.leman-property.com/vente/maison/thonon-les-bains/thonon-les-bains-pieds-dans-leau-ponton-prive-et-bouee-a-bateau/,,,,"15 Chemin du Marais, 74200 Thonon-les-Bains",100.0,949.0,4.0,100.0,,,0.0,,habitavel
casa,Thonon-les-Bains,,,"https://www.google.com/maps/search/?api=1&query=46.365424,6.462348",CENTURY 21 Chablais-Léman Thonon,https://www.century21-chablais-leman-thonon.com/trouver_logement/detail/15664262586/,,,True,"11 Chemin du Soleil Couchant, 74200 Thonon-les-Bains",143.0,948.0,6.0,143.0,,6.0,0.0,,habitavel
casa,Thonon-les-Bains,,,"https://www.google.com/maps/search/?api=1&query=46.356892,6.458204",Leman Property Thonon,https://www.leman-property.com/vente/maison/thonon-les-bains/thonon-les-bains-pieds-dans-leau-ponton-prive-et-bouee-a-bateau/,,,,"18 Chemin du Marais, 74200 Thonon-les-Bains",100.0,939.0,4.0,100.0,,,0.0,,habitavel
casa,Thonon-les-Bains,,,"https://www.google.com/maps/search/?api=1&query=46.356974,6.458339",Leman Property Thonon,https://www.leman-property.com/vente/maison/thonon-les-bains/thonon-les-bains-pieds-dans-leau-ponton-prive-et-bouee-a-bateau/,,,,"16 Chemin du Marais, 74200 Thonon-les-Bains",100.0,1001.0,4.0,100.0,,,0.0,,habitavel
casa,Évian-les-Bains,,,"https://www.google.com/maps/search/?api=1&query=46.386036,6.58635",CENTURY 21 Chablais Léman Évian,https://www.century21-chablais-leman-evian.com/trouver_logement/detail/3505095102/,,,True,"63 Route De Saint Thomas, 74500 Évian-les-Bains",90.0,1364.0,4.0,92.0,,4.0,2.17,,habitavel
casa,Évian-les-Bains,,,"https://www.google.com/maps/search/?api=1&query=46.394424,6.590477",CENTURY 21 Chablais Léman Évian,https://www.century21-chablais-leman-evian.com/trouver_logement/detail/3505095102/,,,True,"5 Avenue De La Verniaz, 74500 Évian-les-Bains",90.0,1710.0,4.0,92.0,,4.0,2.17,,habitavel
casa,Évian-les-Bains,,,"https://www.google.com/maps/search/?api=1&query=46.394366,6.590529",CENTURY 21 Chablais Léman Évian,https://www.century21-chablais-leman-evian.com/trouver_logement/detail/3505095102/,,,True,"10 Avenue De La Verniaz, 74500 Évian-les-Bains",90.0,1546.0,4.0,92.0,,4.0,2.17,,habitavel
casa,Évian-les-Bains,,,"https://www.google.com/maps/search/?api=1&query=46.388412,6.580876",Agence Barnoud Évian,https://www.barnoud-immobilier.fr/vente/74-haute-savoie/2-evian-les-bains/1-maison/t5/7576-chalet-en-bois-avec-pleine-vue-lac-leman/,,,,"29 Avenue De Gavot, 74500 Évian-les-Bains",102.0,956.0,5.0,101.74,,,0.25,,habitavel
casa,Évian-les-Bains,,,"https://www.google.com/maps/search/?api=1&query=46.387694,6.591599",CENTURY 21 Chablais Léman Évian,https://www.century21-chablais-leman-evian.com/trouver_logement/detail/15868618418/,,,True,"31 Route De Saint Thomas, 74500 Évian-les-Bains",85.0,1319.0,4.0,86.0,,4.0,1.16,,habitavel
casa,Thonon-les-Bains,,,"https://www.google.com/maps/search/?api=1&query=46.396164,6.50306",Laforêt Thonon-Évian,https://www.laforet.com/agence-immobiliere/thonon-evian/acheter/thonon-les-bains/maison-4-pieces-52407645,,,True,"88 Avenue de Saint-Disdille, 74200 Thonon-les-Bains",86.0,2132.0,4.0,85.0,,4.0,1.16,,habitavel
casa,Thonon-les-Bains,,,"https://www.google.com/maps/search/?api=1&query=46.360473,6.458315",Agence Barnoud Thonon,https://www.barnoud-immobilier.fr/vente/74-haute-savoie/1-thonon-les-bains/1-maison/t6/11010-le-confort-d-une-maison-contemporaine-aux-portes-du-lac-leman/,,,,"20 Chemin d’Hirmentaz, 74200 Thonon-les-Bains",116.0,835.0,6.0,117.79,,,1.52,,habitavel
casa,Thonon-les-Bains,,,"https://www.google.com/maps/search/?api=1&query=46.362195,6.455008",CENTURY 21 Chablais-Léman Thonon,https://www.century21-chablais-leman-thonon.com/trouver_logement/detail/14797209411/,,,True,"57 Allée des Bosnis, 74200 Thonon-les-Bains",158.0,1261.0,6.0,158.97,,6.0,0.61,,habitavel
casa,Thonon-les-Bains,,,"https://www.google.com/maps/search/?api=1&query=46.360531,6.458436",Agence Barnoud Thonon,https://www.barnoud-immobilier.fr/vente/74-haute-savoie/1-thonon-les-bains/1-maison/t6/11010-le-confort-d-une-maison-contemporaine-aux-portes-du-lac-leman/,,,,"13 Chemin d’Hirmentaz, 74200 Thonon-les-Bains",116.0,750.0,6.0,117.79,,,1.52,,habitavel
casa,Thonon-les-Bains,,,"https://www.google.com/maps/search/?api=1&query=46.367628,6.468988",Agence Barnoud Thonon,https://www.barnoud-immobilier.fr/vente/74-haute-savoie/1-thonon-les-bains/1-maison/t6/11010-le-confort-d-une-maison-contemporaine-aux-portes-du-lac-leman/,,,,"10 Chemin de Bachex, 74200 Thonon-les-Bains",119.0,442.0,5.0,117.79,,,1.02,,habitavel
casa,Évian-les-Bains,,,"https://www.google.com/maps/search/?api=1&query=46.39515,6.590875",Leman Property Évian,https://www.leman-property.com/vente/maison/evian-les-bains/cottage-entierement-renove-dans-un-quartier-devian-tres-prise/,,,,"6 Avenue Des Melezes, 74500 Évian-les-Bains",162.0,1176.0,6.0,161.0,,,0.62,,habitavel
casa,Thonon-les-Bains,,,"https://www.google.com/maps/search/?api=1&query=46.359938,6.451142",Leman Property Thonon,https://www.leman-property.com/vente/maison/thonon-les-bains/thonon-les-bains-pieds-dans-leau-ponton-prive-et-bouee-a-bateau/,,,,"152 Boulevard de la Corniche, 74200 Thonon-les-Bains",99.0,126.0,6.0,100.0,,,1.0,,habitavel
casa,Évian-les-Bains,,,"https://www.google.com/maps/search/?api=1&query=46.388627,6.581217",Agence Barnoud Évian,https://www.barnoud-immobilier.fr/vente/74-haute-savoie/2-evian-les-bains/1-maison/t5/7576-chalet-en-bois-avec-pleine-vue-lac-leman/,,,,"91 Boulevard Du Clou, 74500 Évian-les-Bains",102.0,177.0,5.0,101.74,,,0.25,,habitavel
casa,Thonon-les-Bains,,,"https://www.google.com/maps/search/?api=1&query=46.368837,6.467753",Laforêt Thonon-Évian,https://www.laforet.com/agence-immobiliere/thonon-evian/acheter/thonon-les-bains/maison-5-pieces-52196942,,,True,"17 Boulevard Bel Air, 74200 Thonon-les-Bains",120.0,744.0,5.0,109.0,746.0,5.0,9.17,0.27,terreno
casa,Thonon-les-Bains,,,"https://www.google.com/maps/search/?api=1&query=46.368837,6.467753",Agence Barnoud Thonon,https://www.barnoud-immobilier.fr/vente/74-haute-savoie/1-thonon-les-bains/1-maison/t6/11010-le-confort-d-une-maison-contemporaine-aux-portes-du-lac-leman/,,,,"17 Boulevard Bel Air, 74200 Thonon-les-Bains",120.0,744.0,5.0,117.79,,,1.84,,habitavel
casa,Évian-les-Bains,,,"https://www.google.com/maps/search/?api=1&query=46.395195,6.59097",Leman Property Évian,https://www.leman-property.com/vente/maison/evian-les-bains/cottage-entierement-renove-dans-un-quartier-devian-tres-prise/,,,,"7 Avenue Des Melezes, 74500 Évian-les-Bains",162.0,1400.0,6.0,161.0,,,0.62,,habitavel
casa,Évian-les-Bains,,,"https://www.google.com/maps/search/?api=1&query=46.396357,6.582301",Leman Property Évian,https://www.leman-property.com/vente/maison/evian-les-bains/cottage-entierement-renove-dans-un-quartier-devian-tres-prise/,,,,"21 Avenue De Larringes, 74500 Évian-les-Bains",157.0,300.0,8.0,161.0,,,2.48,,habitavel
casa,Thonon-les-Bains,,,"https://www.google.com/maps/search/?api=1&query=46.368935,6.467677",Agence Barnoud Thonon,https://www.barnoud-immobilier.fr/vente/74-haute-savoie/1-thonon-les-bains/1-maison/t6/11010-le-confort-d-une-maison-contemporaine-aux-portes-du-lac-leman/,,,,"19 Boulevard Bel Air, 74200 Thonon-les-Bains",120.0,634.0,5.0,117.79,,,1.84,,habitavel
casa,Évian-les-Bains,,,"https://www.google.com/maps/search/?api=1&query=46.388639,6.580966",Agence Barnoud Évian,https://www.barnoud-immobilier.fr/vente/74-haute-savoie/2-evian-les-bains/1-maison/t5/7576-chalet-en-bois-avec-pleine-vue-lac-leman/,,,,"26 Avenue De Gavot, 74500 Évian-les-Bains",102.0,15.0,5.0,101.74,,,0.25,,habitavel
casa,Thonon-les-Bains,,,"https://www.google.com/maps/search/?api=1&query=46.372473,6.47443",Agence Barnoud Thonon,https://www.barnoud-immobilier.fr/vente/74-haute-savoie/1-thonon-les-bains/1-maison/t6/11010-le-confort-d-une-maison-contemporaine-aux-portes-du-lac-leman/,,,,"5 Boulevard de la Corniche, 74200 Thonon-les-Bains",115.0,56.0,5.0,117.79,,,2.37,,habitavel
casa,Thonon-les-Bains,,,"https://www.google.com/maps/search/?api=1&query=46.372434,6.474327",Agence Barnoud Thonon,https://www.barnoud-immobilier.fr/vente/74-haute-savoie/1-thonon-les-bains/1-maison/t6/11010-le-confort-d-une-maison-contemporaine-aux-portes-du-lac-leman/,,,,"7 Boulevard de la Corniche, 74200 Thonon-les-Bains",115.0,303.0,5.0,117.79,,,2.37,,habitavel
casa,Évian-les-Bains,,,"https://www.google.com/maps/search/?api=1&query=46.396672,6.582848",Agence Barnoud Évian,https://www.barnoud-immobilier.fr/vente/74-haute-savoie/2-evian-les-bains/1-maison/t5/7576-chalet-en-bois-avec-pleine-vue-lac-leman/,,,,"32 Avenue De Larringes, 74500 Évian-les-Bains",100.0,158.0,3.0,101.74,,,1.71,,habitavel
casa,Thonon-les-Bains,,,"https://www.google.com/maps/search/?api=1&query=46.374408,6.490109",Laforêt Thonon-Évian,https://www.laforet.com/agence-immobiliere/thonon-evian/acheter/thonon-les-bains/maison-5-pieces-52196942,,,True,"4 Chemin des Romanies, 74200 Thonon-les-Bains",108.0,725.0,5.0,109.0,746.0,5.0,0.92,2.82,habitavel
casa,Thonon-les-Bains,,,"https://www.google.com/maps/search/?api=1&query=46.374213,6.49026",Laforêt Thonon-Évian,https://www.laforet.com/agence-immobiliere/thonon-evian/acheter/thonon-les-bains/maison-5-pieces-52196942,,,True,"3 Chemin des Romanies, 74200 Thonon-les-Bains",108.0,562.0,5.0,109.0,746.0,5.0,0.92,24.66,habitavel
casa,Thonon-les-Bains,,,"https://www.google.com/maps/search/?api=1&query=46.368742,6.48664",Leman Property Thonon,https://www.leman-property.com/vente/maison/thonon-les-bains/thonon-les-bains-pieds-dans-leau-ponton-prive-et-bouee-a-bateau/,,,,"4 Chemin du Paradis, 74200 Thonon-les-Bains",100.0,223.0,5.0,100.0,,,0.0,,habitavel
casa,Thonon-les-Bains,,,"https://www.google.com/maps/search/?api=1&query=46.357467,6.454929",Laforêt Thonon-Évian,https://www.laforet.com/agence-immobiliere/thonon-evian/acheter/thonon-les-bains/maison-5-pieces-52196942,,,True,"8 Impasse des Roseaux, 74200 Thonon-les-Bains",110.0,695.0,5.0,109.0,746.0,5.0,0.91,6.84,habitavel
casa,Évian-les-Bains,,,"https://www.google.com/maps/search/?api=1&query=46.388332,6.580675",Agence Barnoud Évian,https://www.barnoud-immobilier.fr/vente/74-haute-savoie/2-evian-les-bains/1-maison/t5/7576-chalet-en-bois-avec-pleine-vue-lac-leman/,,,,"28 Avenue De Gavot, 74500 Évian-les-Bains",102.0,176.0,5.0,101.74,,,0.25,,habitavel
casa,Évian-les-Bains,,,"https://www.google.com/maps/search/?api=1&query=46.388676,6.587964",CENTURY 21 Chablais Léman Évian,https://www.century21-chablais-leman-evian.com/trouver_logement/detail/15868618418/,,,True,"5 Boulevard Du Clou, 74500 Évian-les-Bains",88.0,807.0,4.0,86.0,,4.0,2.27,,habitavel
casa,Évian-les-Bains,,,"https://www.google.com/maps/search/?api=1&query=46.40169,6.611419",Agence Barnoud Évian,https://www.barnoud-immobilier.fr/vente/74-haute-savoie/2-evian-les-bains/1-maison/t5/7576-chalet-en-bois-avec-pleine-vue-lac-leman/,,,,"95 Avenue Des Grottes, 74500 Évian-les-Bains",103.0,497.0,4.0,101.74,,,1.22,,habitavel
casa,Thonon-les-Bains,,,"https://www.google.com/maps/search/?api=1&query=46.359374,6.485685",Leman Property Thonon,https://www.leman-property.com/vente/maison/thonon-les-bains/thonon-les-bains-pieds-dans-leau-ponton-prive-et-bouee-a-bateau/,,,,"26 Chemin de la Vionnaz, 74200 Thonon-les-Bains",99.0,140.0,4.0,100.0,,,1.0,,habitavel
casa,Thonon-les-Bains,,,"https://www.google.com/maps/search/?api=1&query=46.366408,6.502287",Agence Barnoud Thonon,https://www.barnoud-immobilier.fr/vente/74-haute-savoie/1-thonon-les-bains/1-maison/t6/11010-le-confort-d-une-maison-contemporaine-aux-portes-du-lac-leman/,,,,"23 Chemin du Pré des Moines, 74200 Thonon-les-Bains",120.0,609.0,4.0,117.79,,,1.84,,habitavel
casa,Thonon-les-Bains,,,"https://www.google.com/maps/search/?api=1&query=46.356572,6.457646",Leman Property Thonon,https://www.leman-property.com/vente/maison/thonon-les-bains/thonon-les-bains-pieds-dans-leau-ponton-prive-et-bouee-a-bateau/,,,,"21 Chemin du Marais, 74200 Thonon-les-Bains",100.0,944.0,4.0,100.0,,,0.0,,habitavel
casa,Thonon-les-Bains,,,"https://www.google.com/maps/search/?api=1&query=46.36241,6.480691",Laforêt Thonon-Évian,https://www.laforet.com/agence-immobiliere/thonon-evian/acheter/thonon-les-bains/maison-5-pieces-52577830,,,True,"11 Avenue de la Patinerie, 74200 Thonon-les-Bains",90.0,934.0,5.0,88.0,,5.0,2.22,,habitavel
casa,Thonon-les-Bains,,,"https://www.google.com/maps/search/?api=1&query=46.372601,6.487609",Laforêt Thonon-Évian,https://www.laforet.com/agence-immobiliere/thonon-evian/acheter/thonon-les-bains/maison-4-pieces-52556087,,,True,"11 Chemin de la Liberté, 74200 Thonon-les-Bains",68.0,429.0,4.0,67.0,132.0,4.0,1.47,69.23,habitavel
casa,Thonon-les-Bains,,,"https://www.google.com/maps/search/?api=1&query=46.367994,6.486071",Leman Property Thonon,https://www.leman-property.com/vente/maison/thonon-les-bains/thonon-les-bains-pieds-dans-leau-ponton-prive-et-bouee-a-bateau/,,,,"10 Avenue de l’Ermitage, 74200 Thonon-les-Bains",98.0,550.0,5.0,100.0,,,2.0,,habitavel
casa,Thonon-les-Bains,,,"https://www.google.com/maps/search/?api=1&query=46.365469,6.462471",CENTURY 21 Chablais-Léman Thonon,https://www.century21-chablais-leman-thonon.com/trouver_logement/detail/15664262586/,,,True,"9 Chemin du Soleil Couchant, 74200 Thonon-les-Bains",143.0,438.0,6.0,143.0,,6.0,0.0,,habitavel
casa,Thonon-les-Bains,,,"https://www.google.com/maps/search/?api=1&query=46.365901,6.469861",Laforêt Thonon-Évian,https://www.laforet.com/agence-immobiliere/thonon-evian/acheter/thonon-les-bains/maison-7-pieces-52813436,,,True,"2 Impasse du Forchat, 74200 Thonon-les-Bains",157.0,2420.0,7.0,160.0,1085.0,7.0,1.88,55.17,habitavel
casa,Thonon-les-Bains,,,"https://www.google.com/maps/search/?api=1&query=46.363866,6.447254",Leman Property Thonon,https://www.leman-property.com/vente/maison/thonon-les-bains/thonon-les-bains-pieds-dans-leau-ponton-prive-et-bouee-a-bateau/,,,,"34 Rue du Lac, 74200 Thonon-les-Bains",99.0,567.0,3.0,100.0,,,1.0,,habitavel
casa,Thonon-les-Bains,,,"https://www.google.com/maps/search/?api=1&query=46.365805,6.461414",Leman Property Thonon,https://www.leman-property.com/vente/maison/thonon-les-bains/thonon-les-bains-pieds-dans-leau-ponton-prive-et-bouee-a-bateau/,,,,"21 Avenue du Vernay, 74200 Thonon-les-Bains",100.0,643.0,4.0,100.0,,,0.0,,habitavel
casa,Thonon-les-Bains,,,"https://www.google.com/maps/search/?api=1&query=46.366056,6.461916",Leman Property Thonon,https://www.leman-property.com/vente/maison/thonon-les-bains/thonon-les-bains-pieds-dans-leau-ponton-prive-et-bouee-a-bateau/,,,,"25 Chemin de Mireille, 74200 Thonon-les-Bains",100.0,500.0,4.0,100.0,,,0.0,,habitavel
casa,Thonon-les-Bains,,,"https://www.google.com/maps/search/?api=1&query=46.362297,6.481264",Laforêt Thonon-Évian,https://www.laforet.com/agence-immobiliere/thonon-evian/acheter/thonon-les-bains/maison-5-pieces-52577830,,,True,"15 Avenue de la Patinerie, 74200 Thonon-les-Bains",90.0,559.0,5.0,88.0,,5.0,2.22,,habitavel
casa,Thonon-les-Bains,,,"https://www.google.com/maps/search/?api=1&query=46.362404,6.457762",Leman Property Thonon,https://www.leman-property.com/vente/maison/thonon-les-bains/thonon-les-bains-pieds-dans-leau-ponton-prive-et-bouee-a-bateau/,,,,"8 Chemin de la Brise, 74200 Thonon-les-Bains",100.0,910.0,3.0,100.0,,,0.0,,habitavel
casa,Thonon-les-Bains,,,"https://www.google.com/maps/search/?api=1&query=46.377158,6.498708",Dupraz Immobilier Thonon,https://www.dupraz-immobilier.com/ville_bien/fiches/4-40-26_59086856/grande-maison-familiale-a-concise-terrain-1100m2.html,,,,"23 Chemin du Clos de Champagne, 74200 Thonon-les-Bains",99.0,1105.0,4.0,,1100.0,,,0.45,terreno
casa,Thonon-les-Bains,,,"https://www.google.com/maps/search/?api=1&query=46.377158,6.498708",Leman Property Thonon,https://www.leman-property.com/vente/maison/thonon-les-bains/thonon-les-bains-pieds-dans-leau-ponton-prive-et-bouee-a-bateau/,,,,"23 Chemin du Clos de Champagne, 74200 Thonon-les-Bains",99.0,1105.0,4.0,100.0,,,1.0,,habitavel
casa,Évian-les-Bains,,,"https://www.google.com/maps/search/?api=1&query=46.401596,6.61141",Agence Barnoud Évian,https://www.barnoud-immobilier.fr/vente/74-haute-savoie/2-evian-les-bains/1-maison/t5/7576-chalet-en-bois-avec-pleine-vue-lac-leman/,,,,"93 Avenue Des Grottes, 74500 Évian-les-Bains",100.0,508.0,4.0,101.74,,,1.71,,habitavel
casa,Évian-les-Bains,,,"https://www.google.com/maps/search/?api=1&query=46.401675,6.611352",Agence Barnoud Évian,https://www.barnoud-immobilier.fr/vente/74-haute-savoie/2-evian-les-bains/1-maison/t5/7576-chalet-en-bois-avec-pleine-vue-lac-leman/,,,,"56 Avenue Des Grottes, 74500 Évian-les-Bains",100.0,702.0,4.0,101.74,,,1.71,,habitavel
casa,Évian-les-Bains,,,"https://www.google.com/maps/search/?api=1&query=46.389856,6.586236",CENTURY 21 Chablais Léman Évian,https://www.century21-chablais-leman-evian.com/trouver_logement/detail/3505095102/,,,True,"2 Chemin Du Maure, 74500 Évian-les-Bains",92.0,834.0,4.0,92.0,,4.0,0.0,,habitavel
casa,Évian-les-Bains,,,"https://www.google.com/maps/search/?api=1&query=46.393363,6.588265",Agence Barnoud Évian,https://www.barnoud-immobilier.fr/vente/74-haute-savoie/2-evian-les-bains/1-maison/t5/7576-chalet-en-bois-avec-pleine-vue-lac-leman/,,,,"9 Avenue De La Dent D Oche, 74500 Évian-les-Bains",100.0,1312.0,5.0,101.74,,,1.71,,habitavel
casa,Thonon-les-Bains,,,"https://www.google.com/maps/search/?api=1&query=46.363372,6.448459",Laforêt Thonon-Évian,https://www.laforet.com/agence-immobiliere/thonon-evian/acheter/thonon-les-bains/maison-5-pieces-52196942,,,True,"7 Rue de Corzent, 74200 Thonon-les-Bains",110.0,43.0,5.0,109.0,746.0,5.0,0.91,94.24,habitavel
casa,Évian-les-Bains,,,"https://www.google.com/maps/search/?api=1&query=46.400835,6.609766",CENTURY 21 Chablais Léman Évian,https://www.century21-chablais-leman-evian.com/trouver_logement/detail/13510063441/,,,True,"50 Avenue Des Grottes, 74500 Évian-les-Bains",173.0,1008.0,6.0,170.0,,6.0,1.73,,habitavel
casa,Thonon-les-Bains,,,"https://www.google.com/maps/search/?api=1&query=46.381722,6.486914",Agence Barnoud Thonon,https://www.barnoud-immobilier.fr/vente/74-haute-savoie/1-thonon-les-bains/1-maison/t6/11010-le-confort-d-une-maison-contemporaine-aux-portes-du-lac-leman/,,,,"3 Rue du Comte Vert, 74200 Thonon-les-Bains",120.0,524.0,6.0,117.79,,,1.84,,habitavel
casa,Thonon-les-Bains,,,"https://www.google.com/maps/search/?api=1&query=46.381721,6.486703",Agence Barnoud Thonon,https://www.barnoud-immobilier.fr/vente/74-haute-savoie/1-thonon-les-bains/1-maison/t6/11010-le-confort-d-une-maison-contemporaine-aux-portes-du-lac-leman/,,,,"4 Rue du Comte Vert, 74200 Thonon-les-Bains",120.0,838.0,6.0,117.79,,,1.84,,habitavel
casa,Thonon-les-Bains,,,"https://www.google.com/maps/search/?api=1&query=46.365807,6.503498",Agence Barnoud Thonon,https://www.barnoud-immobilier.fr/vente/74-haute-savoie/1-thonon-les-bains/1-maison/t6/11010-le-confort-d-une-maison-contemporaine-aux-portes-du-lac-leman/,,,,"46 Avenue de la Fontaine Couverte, 74200 Thonon-les-Bains",116.0,1004.0,5.0,117.79,,,1.52,,habitavel
casa,Thonon-les-Bains,,,"https://www.google.com/maps/search/?api=1&query=46.349313,6.466368",CENTURY 21 Chablais-Léman Thonon,https://www.century21-chablais-leman-thonon.com/trouver_logement/detail/15664262586/,,,True,"69 Avenue de Sénévulaz, 74200 Thonon-les-Bains",144.0,1184.0,6.0,143.0,,6.0,0.69,,habitavel
casa,Thonon-les-Bains,,,"https://www.google.com/maps/search/?api=1&query=46.367446,6.468722",Agence Barnoud Thonon,https://www.barnoud-immobilier.fr/vente/74-haute-savoie/1-thonon-les-bains/1-maison/t6/11010-le-confort-d-une-maison-contemporaine-aux-portes-du-lac-leman/,,,,"3 Boulevard Bel Air, 74200 Thonon-les-Bains",119.0,494.0,5.0,117.79,,,1.02,,habitavel
casa,Thonon-les-Bains,,,"https://www.google.com/maps/search/?api=1&query=46.3634,6.448575",Laforêt Thonon-Évian,https://www.laforet.com/agence-immobiliere/thonon-evian/acheter/thonon-les-bains/maison-5-pieces-52196942,,,True,"8 Rue de Corzent, 74200 Thonon-les-Bains",110.0,25.0,5.0,109.0,746.0,5.0,0.91,96.65,habitavel
casa,Thonon-les-Bains,,,"https://www.google.com/maps/search/?api=1&query=46.359874,6.451225",Leman Property Thonon,https://www.leman-property.com/vente/maison/thonon-les-bains/thonon-les-bains-pieds-dans-leau-ponton-prive-et-bouee-a-bateau/,,,,"154 Boulevard de la Corniche, 74200 Thonon-les-Bains",99.0,329.0,6.0,100.0,,,1.0,,habitavel
casa,Thonon-les-Bains,,,"https://www.google.com/maps/search/?api=1&query=46.396666,6.505429",Leman Property Thonon,https://www.leman-property.com/vente/maison/thonon-les-bains/thonon-les-bains-pieds-dans-leau-ponton-prive-et-bouee-a-bateau/,,,,"103 Avenue de Saint-Disdille, 74200 Thonon-les-Bains",102.0,992.0,5.0,100.0,,,1.96,,habitavel
casa,Thonon-les-Bains,,,"https://www.google.com/maps/search/?api=1&query=46.374443,6.490237",Laforêt Thonon-Évian,https://www.laforet.com/agence-immobiliere/thonon-evian/acheter/thonon-les-bains/maison-5-pieces-52196942,,,True,"5 Chemin des Romanies, 74200 Thonon-les-Bains",108.0,225.0,5.0,109.0,746.0,5.0,0.92,69.84,habitavel
casa,Thonon-les-Bains,,,"https://www.google.com/maps/search/?api=1&query=46.363451,6.448575",Laforêt Thonon-Évian,https://www.laforet.com/agence-immobiliere/thonon-evian/acheter/thonon-les-bains/maison-5-pieces-52196942,,,True,"5 Rue de Corzent, 74200 Thonon-les-Bains",110.0,177.0,5.0,109.0,746.0,5.0,0.91,76.27,habitavel
casa,Thonon-les-Bains,,,"https://www.google.com/maps/search/?api=1&query=46.381624,6.485855",CENTURY 21 Chablais-Léman Thonon,https://www.century21-chablais-leman-thonon.com/trouver_logement/detail/14797209411/,,,True,"4 Rue de Montagny, 74200 Thonon-les-Bains",162.0,820.0,6.0,158.97,,6.0,1.87,,habitavel
casa,Thonon-les-Bains,,,"https://www.google.com/maps/search/?api=1&query=46.382393,6.49375",Laforêt Thonon-Évian,https://www.laforet.com/agence-immobiliere/thonon-evian/acheter/thonon-les-bains/maison-5-pieces-52577830,,,True,"8 Avenue de la Combe, 74200 Thonon-les-Bains",87.0,493.0,5.0,88.0,,5.0,1.14,,habitavel
casa,Thonon-les-Bains,,,"https://www.google.com/maps/search/?api=1&query=46.356507,6.457924",Leman Property Thonon,https://www.leman-property.com/vente/maison/thonon-les-bains/thonon-les-bains-pieds-dans-leau-ponton-prive-et-bouee-a-bateau/,,,,"22 Chemin du Marais, 74200 Thonon-les-Bains",100.0,6758.0,4.0,100.0,,,0.0,,habitavel
casa,Thonon-les-Bains,,,"https://www.google.com/maps/search/?api=1&query=46.382573,6.493877",Laforêt Thonon-Évian,https://www.laforet.com/agence-immobiliere/thonon-evian/acheter/thonon-les-bains/maison-5-pieces-52577830,,,True,"10 Avenue de la Combe, 74200 Thonon-les-Bains",87.0,477.0,5.0,88.0,,5.0,1.14,,habitavel
casa,Thonon-les-Bains,,,"https://www.google.com/maps/search/?api=1&query=46.36188,6.481111",Laforêt Thonon-Évian,https://www.laforet.com/agence-immobiliere/thonon-evian/acheter/thonon-les-bains/maison-5-pieces-52577830,,,True,"12 Rue des Peupliers, 74200 Thonon-les-Bains",90.0,443.0,5.0,88.0,,5.0,2.22,,habitavel
casa,Évian-les-Bains,,,"https://www.google.com/maps/search/?api=1&query=46.385597,6.582221",CENTURY 21 Chablais Léman Évian,https://www.century21-chablais-leman-evian.com/trouver_logement/detail/3505095102/,,,True,"58 Route De La Corniche - Rd 21, 74500 Évian-les-Bains",94.0,332.0,4.0,92.0,,4.0,2.13,,habitavel
casa,Thonon-les-Bains,,,"https://www.google.com/maps/search/?api=1&query=46.368249,6.493271",Agence Barnoud Thonon,https://www.barnoud-immobilier.fr/vente/74-haute-savoie/1-thonon-les-bains/1-maison/t6/11010-le-confort-d-une-maison-contemporaine-aux-portes-du-lac-leman/,,,,"20 Chemin des Thésules, 74200 Thonon-les-Bains",115.0,933.0,5.0,117.79,,,2.37,,habitavel
casa,Thonon-les-Bains,,,"https://www.google.com/maps/search/?api=1&query=46.368107,6.493501",Agence Barnoud Thonon,https://www.barnoud-immobilier.fr/vente/74-haute-savoie/1-thonon-les-bains/1-maison/t6/11010-le-confort-d-une-maison-contemporaine-aux-portes-du-lac-leman/,,,,"25 Chemin des Thésules, 74200 Thonon-les-Bains",115.0,760.0,5.0,117.79,,,2.37,,habitavel
casa,Évian-les-Bains,,,"https://www.google.com/maps/search/?api=1&query=46.385682,6.582224",CENTURY 21 Chablais Léman Évian,https://www.century21-chablais-leman-evian.com/trouver_logement/detail/3505095102/,,,True,"89 Route De La Corniche - Rd 21, 74500 Évian-les-Bains",94.0,431.0,4.0,92.0,,4.0,2.13,,habitavel
casa,Thonon-les-Bains,,,"https://www.google.com/maps/search/?api=1&query=46.363838,6.446997",Leman Property Thonon,https://www.leman-property.com/vente/maison/thonon-les-bains/thonon-les-bains-pieds-dans-leau-ponton-prive-et-bouee-a-bateau/,,,,"36 Rue du Lac, 74200 Thonon-les-Bains",99.0,444.0,3.0,100.0,,,1.0,,habitavel
casa,Thonon-les-Bains,,,"https://www.google.com/maps/search/?api=1&query=46.368634,6.495356",Leman Property Thonon,https://www.leman-property.com/vente/maison/thonon-les-bains/thonon-les-bains-pieds-dans-leau-ponton-prive-et-bouee-a-bateau/,,,,"11 Chemin du Clos d’Yvoire, 74200 Thonon-les-Bains",100.0,942.0,4.0,100.0,,,0.0,,habitavel
casa,Thonon-les-Bains,,,"https://www.google.com/maps/search/?api=1&query=46.382151,6.495909",Leman Property Thonon,https://www.leman-property.com/vente/maison/thonon-les-bains/thonon-les-bains-pieds-dans-leau-ponton-prive-et-bouee-a-bateau/,,,,"12 Impasse de Thuyset, 74200 Thonon-les-Bains",99.0,945.0,4.0,100.0,,,1.0,,habitavel
casa,Thonon-les-Bains,,,"https://www.google.com/maps/search/?api=1&query=46.38225,6.496109",Leman Property Thonon,https://www.leman-property.com/vente/maison/thonon-les-bains/thonon-les-bains-pieds-dans-leau-ponton-prive-et-bouee-a-bateau/,,,,"13 Impasse de Thuyset, 74200 Thonon-les-Bains",99.0,930.0,4.0,100.0,,,1.0,,habitavel
casa,Évian-les-Bains,,,"https://www.google.com/maps/search/?api=1&query=46.38808,6.58664",CENTURY 21 Chablais Léman Évian,https://www.century21-chablais-leman-evian.com/trouver_logement/detail/15835585450/,,,True,"19 Boulevard Du Clou, 74500 Évian-les-Bains",148.0,843.0,5.0,147.0,,5.0,0.68,,habitavel
casa,Thonon-les-Bains,,,"https://www.google.com/maps/search/?api=1&query=46.362357,6.4547",CENTURY 21 Chablais-Léman Thonon,https://www.century21-chablais-leman-thonon.com/trouver_logement/detail/14797209411/,,,True,"55 Allée des Bosnis, 74200 Thonon-les-Bains",158.0,1192.0,6.0,158.97,,6.0,0.61,,habitavel
casa,Évian-les-Bains,,,"https://www.google.com/maps/search/?api=1&query=46.388633,6.587583",CENTURY 21 Chablais Léman Évian,https://www.century21-chablais-leman-evian.com/trouver_logement/detail/15868618418/,,,True,"11 Boulevard Du Clou, 74500 Évian-les-Bains",88.0,862.0,4.0,86.0,,4.0,2.27,,habitavel
casa,Thonon-les-Bains,,,"https://www.google.com/maps/search/?api=1&query=46.363599,6.488881",Laforêt Thonon-Évian,https://www.laforet.com/agence-immobiliere/thonon-evian/acheter/thonon-les-bains/maison-5-pieces-52577830,,,True,"7 Impasse du Crêt des Fleurs, 74200 Thonon-les-Bains",90.0,1360.0,5.0,88.0,,5.0,2.22,,habitavel
casa,Thonon-les-Bains,,,"https://www.google.com/maps/search/?api=1&query=46.363262,6.477746",Agence Barnoud Thonon,https://www.barnoud-immobilier.fr/vente/74-haute-savoie/1-thonon-les-bains/1-maison/t6/11010-le-confort-d-une-maison-contemporaine-aux-portes-du-lac-leman/,,,,"4 Impasse des Acacias, 74200 Thonon-les-Bains",115.0,948.0,5.0,117.79,,,2.37,,habitavel
casa,Thonon-les-Bains,,,"https://www.google.com/maps/search/?api=1&query=46.372189,6.498054",Laforêt Thonon-Évian,https://www.laforet.com/agence-immobiliere/thonon-evian/acheter/thonon-les-bains/maison-4-pieces-52407645,,,True,"10 Chemin des Tissottes, 74200 Thonon-les-Bains",83.0,2500.0,4.0,85.0,,4.0,2.35,,habitavel
casa,Thonon-les-Bains,,,"https://www.google.com/maps/search/?api=1&query=46.383476,6.505292",Agence Barnoud Thonon,https://www.barnoud-immobilier.fr/vente/74-haute-savoie/1-thonon-les-bains/1-maison/t6/11010-le-confort-d-une-maison-contemporaine-aux-portes-du-lac-leman/,,,,"30 Rue du Vieux Pont, 74200 Thonon-les-Bains",120.0,997.0,5.0,117.79,,,1.84,,habitavel
casa,Thonon-les-Bains,,,"https://www.google.com/maps/search/?api=1&query=46.376053,6.492121",Laforêt Thonon-Évian,https://www.laforet.com/agence-immobiliere/thonon-evian/acheter/thonon-les-bains/maison-5-pieces-52577830,,,True,"4 Chemin de la Combaz Coinchât, 74200 Thonon-les-Bains",90.0,760.0,5.0,88.0,,5.0,2.22,,habitavel
casa,Évian-les-Bains,,,"https://www.google.com/maps/search/?api=1&query=46.399924,6.587809",Agence Barnoud Évian,https://www.barnoud-immobilier.fr/vente/74-haute-savoie/2-evian-les-bains/1-maison/t5/7576-chalet-en-bois-avec-pleine-vue-lac-leman/,,,,"33 Avenue Commandant Madelaine, 74500 Évian-les-Bains",100.0,112.0,5.0,101.74,,,1.71,,habitavel
casa,Thonon-les-Bains,,,"https://www.google.com/maps/search/?api=1&query=46.385213,6.503937",Agence Barnoud Thonon,https://www.barnoud-immobilier.fr/vente/74-haute-savoie/1-thonon-les-bains/1-maison/t6/11010-le-confort-d-une-maison-contemporaine-aux-portes-du-lac-leman/,,,,"39 Avenue de Saint-Disdille, 74200 Thonon-les-Bains",115.0,654.0,6.0,117.79,,,2.37,,habitavel
casa,Thonon-les-Bains,,,"https://www.google.com/maps/search/?api=1&query=46.376128,6.491958",Laforêt Thonon-Évian,https://www.laforet.com/agence-immobiliere/thonon-evian/acheter/thonon-les-bains/maison-5-pieces-52577830,,,True,"2 Chemin de la Combaz Coinchât, 74200 Thonon-les-Bains",90.0,760.0,5.0,88.0,,5.0,2.22,,habitavel
casa,Évian-les-Bains,,,"https://www.google.com/maps/search/?api=1&query=46.399965,6.58776",Agence Barnoud Évian,https://www.barnoud-immobilier.fr/vente/74-haute-savoie/2-evian-les-bains/1-maison/t5/7576-chalet-en-bois-avec-pleine-vue-lac-leman/,,,,"36 Avenue Commandant Madelaine, 74500 Évian-les-Bains",100.0,55.0,5.0,101.74,,,1.71,,habitavel
casa,Évian-les-Bains,,,"https://www.google.com/maps/search/?api=1&query=46.400774,6.609765",CENTURY 21 Chablais Léman Évian,https://www.century21-chablais-leman-evian.com/trouver_logement/detail/13510063441/,,,True,"65 Avenue Des Grottes, 74500 Évian-les-Bains",173.0,245.0,6.0,170.0,,6.0,1.73,,habitavel
casa,Thonon-les-Bains,,,"https://www.google.com/maps/search/?api=1&query=46.365847,6.503746",Agence Barnoud Thonon,https://www.barnoud-immobilier.fr/vente/74-haute-savoie/1-thonon-les-bains/1-maison/t6/11010-le-confort-d-une-maison-contemporaine-aux-portes-du-lac-leman/,,,,"45 Avenue de la Fontaine Couverte, 74200 Thonon-les-Bains",116.0,10615.0,5.0,117.79,,,1.52,,habitavel
casa,Thonon-les-Bains,,,"https://www.google.com/maps/search/?api=1&query=46.374654,6.487951",Leman Property Thonon,https://www.leman-property.com/vente/maison/thonon-les-bains/thonon-les-bains-pieds-dans-leau-ponton-prive-et-bouee-a-bateau/,,,,"11 Allée du Chèvrefeuille, 74200 Thonon-les-Bains",99.0,630.0,5.0,100.0,,,1.0,,habitavel
casa,Thonon-les-Bains,,,"https://www.google.com/maps/search/?api=1&query=46.368544,6.492929",Agence Barnoud Thonon,https://www.barnoud-immobilier.fr/vente/74-haute-savoie/1-thonon-les-bains/1-maison/t6/11010-le-confort-d-une-maison-contemporaine-aux-portes-du-lac-leman/,,,,"16 Chemin des Thésules, 74200 Thonon-les-Bains",115.0,1026.0,5.0,117.79,,,2.37,,habitavel
casa,Évian-les-Bains,,,"https://www.google.com/maps/search/?api=1&query=46.391672,6.576135",Agence Barnoud Évian,https://www.barnoud-immobilier.fr/vente/74-haute-savoie/2-evian-les-bains/1-maison/t5/7576-chalet-en-bois-avec-pleine-vue-lac-leman/,,,,"16 Avenue De Thony, 74500 Évian-les-Bains",102.0,1088.0,4.0,101.74,,,0.25,,habitavel
casa,Thonon-les-Bains,,,"https://www.google.com/maps/search/?api=1&query=46.374569,6.478825",Dupraz Immobilier Thonon,https://www.dupraz-immobilier.com/ville_bien/fiches/4-40-26_59086856/grande-maison-familiale-a-concise-terrain-1100m2.html,,,,"16 Chemin des Echenets, 74200 Thonon-les-Bains",117.0,1097.0,5.0,,1100.0,,,0.27,terreno
casa,Thonon-les-Bains,,,"https://www.google.com/maps/search/?api=1&query=46.374569,6.478825",Agence Barnoud Thonon,https://www.barnoud-immobilier.fr/vente/74-haute-savoie/1-thonon-les-bains/1-maison/t6/11010-le-confort-d-une-maison-contemporaine-aux-portes-du-lac-leman/,,,,"16 Chemin des Echenets, 74200 Thonon-les-Bains",117.0,1097.0,5.0,117.79,,,0.67,,habitavel
casa,Thonon-les-Bains,,,"https://www.google.com/maps/search/?api=1&query=46.368433,6.496575",CENTURY 21 Chablais-Léman Thonon,https://www.century21-chablais-leman-thonon.com/trouver_logement/detail/15664262586/,,,True,"8 Impasse de la Doie, 74200 Thonon-les-Bains",140.0,501.0,6.0,143.0,,6.0,2.1,,habitavel
casa,Évian-les-Bains,,,"https://www.google.com/maps/search/?api=1&query=46.394326,6.579729",Agence Barnoud Évian,https://www.barnoud-immobilier.fr/vente/74-haute-savoie/2-evian-les-bains/1-maison/t5/7576-chalet-en-bois-avec-pleine-vue-lac-leman/,,,,"13 Route Du Golf, 74500 Évian-les-Bains",103.0,1289.0,5.0,101.74,,,1.22,,habitavel
casa,Thonon-les-Bains,,,"https://www.google.com/maps/search/?api=1&query=46.363346,6.448168",Laforêt Thonon-Évian,https://www.laforet.com/agence-immobiliere/thonon-evian/acheter/thonon-les-bains/maison-5-pieces-52577830,,,True,"24 Rue du Lac, 74200 Thonon-les-Bains",90.0,278.0,5.0,88.0,,5.0,2.22,,habitavel
casa,Thonon-les-Bains,,,"https://www.google.com/maps/search/?api=1&query=46.363356,6.477569",Agence Barnoud Thonon,https://www.barnoud-immobilier.fr/vente/74-haute-savoie/1-thonon-les-bains/1-maison/t6/11010-le-confort-d-une-maison-contemporaine-aux-portes-du-lac-leman/,,,,"3 Impasse des Acacias, 74200 Thonon-les-Bains",115.0,496.0,5.0,117.79,,,2.37,,habitavel
casa,Thonon-les-Bains,,,"https://www.google.com/maps/search/?api=1&query=46.380731,6.488876",Agence Barnoud Thonon,https://www.barnoud-immobilier.fr/vente/74-haute-savoie/1-thonon-les-bains/1-maison/t6/11010-le-confort-d-une-maison-contemporaine-aux-portes-du-lac-leman/,,,,"9 Chemin des Plantées, 74200 Thonon-les-Bains",115.0,450.0,5.0,117.79,,,2.37,,habitavel
casa,Thonon-les-Bains,,,"https://www.google.com/maps/search/?api=1&query=46.36848,6.495199",Leman Property Thonon,https://www.leman-property.com/vente/maison/thonon-les-bains/thonon-les-bains-pieds-dans-leau-ponton-prive-et-bouee-a-bateau/,,,,"13 Chemin du Clos d’Yvoire, 74200 Thonon-les-Bains",100.0,1032.0,4.0,100.0,,,0.0,,habitavel
casa,Thonon-les-Bains,,,"https://www.google.com/maps/search/?api=1&query=46.367112,6.474908",Agence Barnoud Thonon,https://www.barnoud-immobilier.fr/vente/74-haute-savoie/1-thonon-les-bains/1-maison/t6/11010-le-confort-d-une-maison-contemporaine-aux-portes-du-lac-leman/,,,,"11 Rue Fernand David, 74200 Thonon-les-Bains",118.0,262.0,5.0,117.79,,,0.18,,habitavel
casa,Thonon-les-Bains,,,"https://www.google.com/maps/search/?api=1&query=46.367004,6.47502",Agence Barnoud Thonon,https://www.barnoud-immobilier.fr/vente/74-haute-savoie/1-thonon-les-bains/1-maison/t6/11010-le-confort-d-une-maison-contemporaine-aux-portes-du-lac-leman/,,,,"13 Rue Fernand David, 74200 Thonon-les-Bains",118.0,328.0,5.0,117.79,,,0.18,,habitavel
casa,Thonon-les-Bains,,,"https://www.google.com/maps/search/?api=1&query=46.3636,6.453613",CENTURY 21 Chablais-Léman Thonon,https://www.century21-chablais-leman-thonon.com/trouver_logement/detail/15664262586/,,,True,"124 Boulevard de la Corniche, 74200 Thonon-les-Bains",140.0,602.0,6.0,143.0,,6.0,2.1,,habitavel
casa,Thonon-les-Bains,,,"https://www.google.com/maps/search/?api=1&query=46.382042,6.487121",Agence Barnoud Thonon,https://www.barnoud-immobilier.fr/vente/74-haute-savoie/1-thonon-les-bains/1-maison/t6/11010-le-confort-d-une-maison-contemporaine-aux-portes-du-lac-leman/,,,,"3 Impasse des Ducs de Savoie, 74200 Thonon-les-Bains",120.0,616.0,6.0,117.79,,,1.84,,habitavel
casa,Évian-les-Bains,,,"https://www.google.com/maps/search/?api=1&query=46.396686,6.571339",Agence Barnoud Évian,https://www.barnoud-immobilier.fr/vente/74-haute-savoie/2-evian-les-bains/1-maison/t5/7576-chalet-en-bois-avec-pleine-vue-lac-leman/,,,,"2 Route De Bissinges - Rd 11, 74500 Évian-les-Bains",100.0,374.0,4.0,101.74,,,1.71,,habitavel
casa,Évian-les-Bains,,,"https://www.google.com/maps/search/?api=1&query=46.395478,6.589372",Leman Property Évian,https://www.leman-property.com/vente/maison/evian-les-bains/cottage-entierement-renove-dans-un-quartier-devian-tres-prise/,,,,"2 Avenue Des Melezes, 74500 Évian-les-Bains",162.0,2002.0,6.0,161.0,,,0.62,,habitavel
casa,Thonon-les-Bains,,,"https://www.google.com/maps/search/?api=1&query=46.386136,6.49747",Leman Property Thonon,https://www.leman-property.com/vente/maison/thonon-les-bains/thonon-les-bains-pieds-dans-leau-ponton-prive-et-bouee-a-bateau/,,,,"5 Impasse de Ripaille, 74200 Thonon-les-Bains",98.0,875.0,5.0,100.0,,,2.0,,habitavel
casa,Thonon-les-Bains,,,"https://www.google.com/maps/search/?api=1&query=46.37473,6.478941",Agence Barnoud Thonon,https://www.barnoud-immobilier.fr/vente/74-haute-savoie/1-thonon-les-bains/1-maison/t6/11010-le-confort-d-une-maison-contemporaine-aux-portes-du-lac-leman/,,,,"13 Rue de Naples, 74200 Thonon-les-Bains",117.0,58.0,5.0,117.79,,,0.67,,habitavel
casa,Thonon-les-Bains,,,"https://www.google.com/maps/search/?api=1&query=46.374044,6.497629",Leman Property Thonon,https://www.leman-property.com/vente/maison/thonon-les-bains/thonon-les-bains-pieds-dans-leau-ponton-prive-et-bouee-a-bateau/,,,,"48 Avenue de Champagne, 74200 Thonon-les-Bains",100.0,980.0,4.0,100.0,,,0.0,,habitavel
casa,Thonon-les-Bains,,,"https://www.google.com/maps/search/?api=1&query=46.368324,6.492789",Agence Barnoud Thonon,https://www.barnoud-immobilier.fr/vente/74-haute-savoie/1-thonon-les-bains/1-maison/t6/11010-le-confort-d-une-maison-contemporaine-aux-portes-du-lac-leman/,,,,"18 Chemin des Thésules, 74200 Thonon-les-Bains",115.0,772.0,5.0,117.79,,,2.37,,habitavel
casa,Évian-les-Bains,,,"https://www.google.com/maps/search/?api=1&query=46.388242,6.590084",TiT Immobilier,https://tit-immobilier.com/fr/propri%C3%A9t%C3%A9/86679400,,,,"28 Route De Saint Thomas, 74500 Évian-les-Bains",237.0,62.0,8.0,240.2,,,1.33,,habitavel
casa,Thonon-les-Bains,,,"https://www.google.com/maps/search/?api=1&query=46.372513,6.474503",Agence Barnoud Thonon,https://www.barnoud-immobilier.fr/vente/74-haute-savoie/1-thonon-les-bains/1-maison/t6/11010-le-confort-d-une-maison-contemporaine-aux-portes-du-lac-leman/,,,,"3 Boulevard de la Corniche, 74200 Thonon-les-Bains",115.0,241.0,5.0,117.79,,,2.37,,habitavel
casa,Évian-les-Bains,,,"https://www.google.com/maps/search/?api=1&query=46.399976,6.587676",Agence Barnoud Évian,https://www.barnoud-immobilier.fr/vente/74-haute-savoie/2-evian-les-bains/1-maison/t5/7576-chalet-en-bois-avec-pleine-vue-lac-leman/,,,,"38 Avenue Commandant Madelaine, 74500 Évian-les-Bains",100.0,45.0,5.0,101.74,,,1.71,,habitavel
casa,Évian-les-Bains,,,"https://www.google.com/maps/search/?api=1&query=46.390547,6.572381",CENTURY 21 Chablais Léman Évian,https://www.century21-chablais-leman-evian.com/trouver_logement/detail/16811804985/,,,True,"13 Boulevard De Publier, 74500 Évian-les-Bains",107.0,241.0,5.0,106.74,,5.0,0.24,,habitavel
casa,Thonon-les-Bains,,,"https://www.google.com/maps/search/?api=1&query=46.366981,6.494512",Dupraz Immobilier Thonon,https://www.dupraz-immobilier.com/ville_bien/fiches/4-40-26_59086856/grande-maison-familiale-a-concise-terrain-1100m2.html,,,,"5 Impasse du Vuard Marchat, 74200 Thonon-les-Bains",35.0,1100.0,2.0,,1100.0,,,0.0,terreno
casa,Thonon-les-Bains,,,"https://www.google.com/maps/search/?api=1&query=46.372818,6.489441",Dupraz Immobilier Thonon,https://www.dupraz-immobilier.com/ville_bien/fiches/4-40-26_59086856/grande-maison-familiale-a-concise-terrain-1100m2.html,,,,"13 Avenue des Romains, 74200 Thonon-les-Bains",150.0,1110.0,5.0,,1100.0,,,0.9,terreno
casa,Thonon-les-Bains,,,"https://www.google.com/maps/search/?api=1&query=46.367053,6.494632",Dupraz Immobilier Thonon,https://www.dupraz-immobilier.com/ville_bien/fiches/4-40-26_59086856/grande-maison-familiale-a-concise-terrain-1100m2.html,,,,"7 Impasse du Vuard Marchat, 74200 Thonon-les-Bains",35.0,1108.0,2.0,,1100.0,,,0.72,terreno
casa,Évian-les-Bains,,,"https://www.google.com/maps/search/?api=1&query=46.399844,6.588257",Agence Barnoud Évian,https://www.barnoud-immobilier.fr/vente/74-haute-savoie/2-evian-les-bains/1-maison/t5/7576-chalet-en-bois-avec-pleine-vue-lac-leman/,,,,"25 Avenue Commandant Madelaine, 74500 Évian-les-Bains",100.0,621.0,5.0,101.74,,,1.71,,habitavel
casa,Thonon-les-Bains,,,"https://www.google.com/maps/search/?api=1&query=46.373976,6.498003",Leman Property Thonon,https://www.leman-property.com/vente/maison/thonon-les-bains/thonon-les-bains-pieds-dans-leau-ponton-prive-et-bouee-a-bateau/,,,,"56 Route de Tully, 74200 Thonon-les-Bains",100.0,247.0,4.0,100.0,,,0.0,,habitavel
casa,Thonon-les-Bains,,,"https://www.google.com/maps/search/?api=1&query=46.381567,6.494499",Dupraz Immobilier Thonon,https://www.dupraz-immobilier.com/ville_bien/fiches/4-40-26_59086856/grande-maison-familiale-a-concise-terrain-1100m2.html,,,,"29 Impasse de Thuyset, 74200 Thonon-les-Bains",92.0,1100.0,5.0,,1100.0,,,0.0,terreno
casa,Évian-les-Bains,,,"https://www.google.com/maps/search/?api=1&query=46.388744,6.58822",CENTURY 21 Chablais Léman Évian,https://www.century21-chablais-leman-evian.com/trouver_logement/detail/15868618418/,,,True,"3 Boulevard Du Clou, 74500 Évian-les-Bains",88.0,792.0,4.0,86.0,,4.0,2.27,,habitavel
casa,Évian-les-Bains,,,"https://www.google.com/maps/search/?api=1&query=46.388414,6.587835",CENTURY 21 Chablais Léman Évian,https://www.century21-chablais-leman-evian.com/trouver_logement/detail/15868618418/,,,True,"7 Boulevard Du Clou, 74500 Évian-les-Bains",88.0,802.0,4.0,86.0,,4.0,2.27,,habitavel
casa,Évian-les-Bains,,,"https://www.google.com/maps/search/?api=1&query=46.388334,6.587614",CENTURY 21 Chablais Léman Évian,https://www.century21-chablais-leman-evian.com/trouver_logement/detail/15868618418/,,,True,"9 Boulevard Du Clou, 74500 Évian-les-Bains",88.0,802.0,4.0,86.0,,4.0,2.27,,habitavel
casa,Thonon-les-Bains,,,"https://www.google.com/maps/search/?api=1&query=46.384679,6.503871",Agence Barnoud Thonon,https://www.barnoud-immobilier.fr/vente/74-haute-savoie/1-thonon-les-bains/1-maison/t6/11010-le-confort-d-une-maison-contemporaine-aux-portes-du-lac-leman/,,,,"38 Avenue de Saint-Disdille, 74200 Thonon-les-Bains",115.0,344.0,6.0,117.79,,,2.37,,habitavel
casa,Évian-les-Bains,,,"https://www.google.com/maps/search/?api=1&query=46.395609,6.589224",Leman Property Évian,https://www.leman-property.com/vente/maison/evian-les-bains/cottage-entierement-renove-dans-un-quartier-devian-tres-prise/,,,,"1 Avenue Des Melezes, 74500 Évian-les-Bains",162.0,714.0,6.0,161.0,,,0.62,,habitavel
casa,Thonon-les-Bains,,,"https://www.google.com/maps/search/?api=1&query=46.384881,6.503635",Agence Barnoud Thonon,https://www.barnoud-immobilier.fr/vente/74-haute-savoie/1-thonon-les-bains/1-maison/t6/11010-le-confort-d-une-maison-contemporaine-aux-portes-du-lac-leman/,,,,"40 Avenue de Saint-Disdille, 74200 Thonon-les-Bains",115.0,446.0,6.0,117.79,,,2.37,,habitavel
casa,Thonon-les-Bains,,,"https://www.google.com/maps/search/?api=1&query=46.374914,6.478962",Agence Barnoud Thonon,https://www.barnoud-immobilier.fr/vente/74-haute-savoie/1-thonon-les-bains/1-maison/t6/11010-le-confort-d-une-maison-contemporaine-aux-portes-du-lac-leman/,,,,"19 Rue des Pêcheurs, 74200 Thonon-les-Bains",117.0,84.0,5.0,117.79,,,0.67,,habitavel
casa,Thonon-les-Bains,,,"https://www.google.com/maps/search/?api=1&query=46.374678,6.478801",Agence Barnoud Thonon,https://www.barnoud-immobilier.fr/vente/74-haute-savoie/1-thonon-les-bains/1-maison/t6/11010-le-confort-d-une-maison-contemporaine-aux-portes-du-lac-leman/,,,,"11 Rue de Naples, 74200 Thonon-les-Bains",117.0,153.0,5.0,117.79,,,0.67,,habitavel
casa,Thonon-les-Bains,,,"https://www.google.com/maps/search/?api=1&query=46.378912,6.491242",Laforêt Thonon-Évian,https://www.laforet.com/agence-immobiliere/thonon-evian/acheter/thonon-les-bains/maison-5-pieces-52577830,,,True,"4 Chemin des Cités, 74200 Thonon-les-Bains",90.0,330.0,5.0,88.0,,5.0,2.22,,habitavel
casa,Évian-les-Bains,,,"https://www.google.com/maps/search/?api=1&query=46.399944,6.587702",Agence Barnoud Évian,https://www.barnoud-immobilier.fr/vente/74-haute-savoie/2-evian-les-bains/1-maison/t5/7576-chalet-en-bois-avec-pleine-vue-lac-leman/,,,,"35 Avenue Commandant Madelaine, 74500 Évian-les-Bains",100.0,107.0,5.0,101.74,,,1.71,,habitavel
casa,Évian-les-Bains,,,"https://www.google.com/maps/search/?api=1&query=46.399863,6.588139",Agence Barnoud Évian,https://www.barnoud-immobilier.fr/vente/74-haute-savoie/2-evian-les-bains/1-maison/t5/7576-chalet-en-bois-avec-pleine-vue-lac-leman/,,,,"27 Avenue Commandant Madelaine, 74500 Évian-les-Bains",100.0,217.0,5.0,101.74,,,1.71,,habitavel
casa,Thonon-les-Bains,,,"https://www.google.com/maps/search/?api=1&query=46.381577,6.486986",Laforêt Thonon-Évian,https://www.laforet.com/agence-immobiliere/thonon-evian/acheter/thonon-les-bains/maison-5-pieces-52196942,,,,"2 Rue du Comte Vert, 74200 Thonon-les-Bains",,739.0,,109.0,746.0,5.0,,0.94,terreno
casa,Thonon-les-Bains,,,"https://www.google.com/maps/search/?api=1&query=46.36864,6.494886",Agence Barnoud Thonon,https://www.barnoud-immobilier.fr/vente/74-haute-savoie/1-thonon-les-bains/1-maison/t6/11010-le-confort-d-une-maison-contemporaine-aux-portes-du-lac-leman/,,,,"1 Impasse du Clos d’Yvoire, 74200 Thonon-les-Bains",120.0,608.0,6.0,117.79,,,1.84,,habitavel
casa,Thonon-les-Bains,,,"https://www.google.com/maps/search/?api=1&query=46.36873,6.494695",Agence Barnoud Thonon,https://www.barnoud-immobilier.fr/vente/74-haute-savoie/1-thonon-les-bains/1-maison/t6/11010-le-confort-d-une-maison-contemporaine-aux-portes-du-lac-leman/,,,,"3 Impasse du Clos d’Yvoire, 74200 Thonon-les-Bains",120.0,612.0,6.0,117.79,,,1.84,,habitavel
casa,Thonon-les-Bains,,,"https://www.google.com/maps/search/?api=1&query=46.362532,6.460846",Laforêt Thonon-Évian,https://www.laforet.com/agence-immobiliere/thonon-evian/acheter/thonon-les-bains/maison-5-pieces-52577830,,,True,"2 Avenue de Geneve, 74200 Thonon-les-Bains",90.0,325.0,5.0,88.0,,5.0,2.22,,habitavel
casa,Thonon-les-Bains,,,"https://www.google.com/maps/search/?api=1&query=46.372146,6.498353",Laforêt Thonon-Évian,https://www.laforet.com/agence-immobiliere/thonon-evian/acheter/thonon-les-bains/maison-4-pieces-52407645,,,True,"12 Chemin des Tissottes, 74200 Thonon-les-Bains",83.0,377.0,4.0,85.0,,4.0,2.35,,habitavel
casa,Thonon-les-Bains,,,"https://www.google.com/maps/search/?api=1&query=46.366895,6.502077",Laforêt Thonon-Évian,https://www.laforet.com/agence-immobiliere/thonon-evian/acheter/thonon-les-bains/maison-5-pieces-52577830,,,True,"35 Chemin du Pré des Moines, 74200 Thonon-les-Bains",89.0,1155.0,5.0,88.0,,5.0,1.12,,habitavel
casa,Thonon-les-Bains,,,"https://www.google.com/maps/search/?api=1&query=46.36566,6.503403",Agence Barnoud Thonon,https://www.barnoud-immobilier.fr/vente/74-haute-savoie/1-thonon-les-bains/1-maison/t6/11010-le-confort-d-une-maison-contemporaine-aux-portes-du-lac-leman/,,,,"43 Avenue de la Fontaine Couverte, 74200 Thonon-les-Bains",116.0,1014.0,5.0,117.79,,,1.52,,habitavel
casa,Thonon-les-Bains,,,"https://www.google.com/maps/search/?api=1&query=46.367336,6.461477",Laforêt Thonon-Évian,https://www.laforet.com/agence-immobiliere/thonon-evian/acheter/thonon-les-bains/maison-7-pieces-52813436,,,True,"5 Chemin du Beau Site, 74200 Thonon-les-Bains",180.0,1079.0,7.0,160.0,1085.0,7.0,11.11,0.55,terreno
casa,Thonon-les-Bains,,,"https://www.google.com/maps/search/?api=1&query=46.372959,6.487325",Laforêt Thonon-Évian,https://www.laforet.com/agence-immobiliere/thonon-evian/acheter/thonon-les-bains/maison-4-pieces-52556087,,,True,"15 Chemin de la Liberté, 74200 Thonon-les-Bains",68.0,368.0,4.0,67.0,132.0,4.0,1.47,64.13,habitavel
casa,Thonon-les-Bains,,,"https://www.google.com/maps/search/?api=1&query=46.378577,6.492485",CENTURY 21 Chablais-Léman Thonon,https://www.century21-chablais-leman-thonon.com/trouver_logement/detail/14470736025/,,,,"7 Avenue des Prés Verts, 74200 Thonon-les-Bains",,998.0,,,1000.0,7.0,,0.2,terreno
casa,Thonon-les-Bains,,,"https://www.google.com/maps/search/?api=1&query=46.34956,6.466444",Dupraz Immobilier Thonon,https://www.dupraz-immobilier.com/ville_bien/fiches/4-40-26_59086856/grande-maison-familiale-a-concise-terrain-1100m2.html,,,,"67 Avenue de Sénévulaz, 74200 Thonon-les-Bains",,1105.0,,,1100.0,,,0.45,terreno
casa,Évian-les-Bains,,,"https://www.google.com/maps/search/?api=1&query=46.39194,6.575687",Agence Barnoud Évian,https://www.barnoud-immobilier.fr/vente/74-haute-savoie/2-evian-les-bains/1-maison/t5/7576-chalet-en-bois-avec-pleine-vue-lac-leman/,,,,"18 Avenue De Thony, 74500 Évian-les-Bains",102.0,1088.0,4.0,101.74,,,0.25,,habitavel
casa,Thonon-les-Bains,,,"https://www.google.com/maps/search/?api=1&query=46.363012,6.455722",CENTURY 21 Chablais-Léman Thonon,https://www.century21-chablais-leman-thonon.com/trouver_logement/detail/15664262586/,,,True,"39 Allée des Bosnis, 74200 Thonon-les-Bains",144.0,886.0,6.0,143.0,,6.0,0.69,,habitavel
casa,Thonon-les-Bains,,,"https://www.google.com/maps/search/?api=1&query=46.369502,6.487411",CENTURY 21 Chablais-Léman Thonon,https://www.century21-chablais-leman-thonon.com/trouver_logement/detail/14797209411/,,,True,"14 Avenue de la Cité Fleurie, 74200 Thonon-les-Bains",160.0,1230.0,6.0,158.97,,6.0,0.64,,habitavel
casa,Thonon-les-Bains,,,"https://www.google.com/maps/search/?api=1&query=46.365341,6.454707",Laforêt Thonon-Évian,https://www.laforet.com/agence-immobiliere/thonon-evian/acheter/thonon-les-bains/maison-7-pieces-52813436,,,True,"2 Chemin des Esserts, 74200 Thonon-les-Bains",148.0,1084.0,7.0,160.0,1085.0,7.0,7.5,0.09,terreno
casa,Thonon-les-Bains,,,"https://www.google.com/maps/search/?api=1&query=46.36978,6.487089",CENTURY 21 Chablais-Léman Thonon,https://www.century21-chablais-leman-thonon.com/trouver_logement/detail/14797209411/,,,True,"4 Chemin de la Ratte, 74200 Thonon-les-Bains",160.0,1270.0,6.0,158.97,,6.0,0.64,,habitavel
casa,Thonon-les-Bains,,,"https://www.google.com/maps/search/?api=1&query=46.365425,6.487157",Agence Barnoud Thonon,https://www.barnoud-immobilier.fr/vente/74-haute-savoie/1-thonon-les-bains/1-maison/t6/11010-le-confort-d-une-maison-contemporaine-aux-portes-du-lac-leman/,,,,"20 Chemin des Vignes, 74200 Thonon-les-Bains",118.0,1665.0,4.0,117.79,,,0.18,,habitavel
casa,Thonon-les-Bains,,,"https://www.google.com/maps/search/?api=1&query=46.380974,6.489251",Agence Barnoud Thonon,https://www.barnoud-immobilier.fr/vente/74-haute-savoie/1-thonon-les-bains/1-maison/t6/11010-le-confort-d-une-maison-contemporaine-aux-portes-du-lac-leman/,,,,"10 Chemin des Plantées, 74200 Thonon-les-Bains",115.0,830.0,6.0,117.79,,,2.37,,habitavel
casa,Évian-les-Bains,,,"https://www.google.com/maps/search/?api=1&query=46.402879,6.612731",Agence Barnoud Évian,https://www.barnoud-immobilier.fr/vente/74-haute-savoie/2-evian-les-bains/1-maison/t5/7576-chalet-en-bois-avec-pleine-vue-lac-leman/,,,,"21 Avenue De Grande - Rive - Rd 1005, 74500 Évian-les-Bains",100.0,131.0,6.0,101.74,,,1.71,,habitavel
casa,Thonon-les-Bains,,,"https://www.google.com/maps/search/?api=1&query=46.369508,6.478872",Agence Barnoud Thonon,https://www.barnoud-immobilier.fr/vente/74-haute-savoie/1-thonon-les-bains/1-maison/t6/11010-le-confort-d-une-maison-contemporaine-aux-portes-du-lac-leman/,,,,"6 Rue de l’Hôtel Dieu, 74200 Thonon-les-Bains",120.0,369.0,5.0,117.79,,,1.84,,habitavel
casa,Thonon-les-Bains,,,"https://www.google.com/maps/search/?api=1&query=46.383764,6.493502",Agence Barnoud Thonon,https://www.barnoud-immobilier.fr/vente/74-haute-savoie/1-thonon-les-bains/1-maison/t6/11010-le-confort-d-une-maison-contemporaine-aux-portes-du-lac-leman/,,,,"3 Chemin du Clos de l’Oratoire, 74200 Thonon-les-Bains",119.0,515.0,6.0,117.79,,,1.02,,habitavel
casa,Thonon-les-Bains,,,"https://www.google.com/maps/search/?api=1&query=46.377166,6.497486",Laforêt Thonon-Évian,https://www.laforet.com/agence-immobiliere/thonon-evian/acheter/thonon-les-bains/maison-4-pieces-52407645,,,True,"26 Chemin du Clos de Champagne, 74200 Thonon-les-Bains",86.0,1731.0,4.0,85.0,,4.0,1.16,,habitavel
casa,Thonon-les-Bains,,,"https://www.google.com/maps/search/?api=1&query=46.36318,6.488221",Laforêt Thonon-Évian,https://www.laforet.com/agence-immobiliere/thonon-evian/acheter/thonon-les-bains/maison-5-pieces-52577830,,,True,"11 Impasse du Crêt des Fleurs, 74200 Thonon-les-Bains",90.0,446.0,5.0,88.0,,5.0,2.22,,habitavel
casa,Thonon-les-Bains,,,"https://www.google.com/maps/search/?api=1&query=46.365957,6.47022",Laforêt Thonon-Évian,https://www.laforet.com/agence-immobiliere/thonon-evian/acheter/thonon-les-bains/maison-7-pieces-52813436,,,True,"3 Impasse du Forchat, 74200 Thonon-les-Bains",157.0,610.0,7.0,160.0,1085.0,7.0,1.88,43.78,habitavel
casa,Évian-les-Bains,,,"https://www.google.com/maps/search/?api=1&query=46.402947,6.612113",Agence Barnoud Évian,https://www.barnoud-immobilier.fr/vente/74-haute-savoie/2-evian-les-bains/1-maison/t5/7576-chalet-en-bois-avec-pleine-vue-lac-leman/,,,,"4 Avenue De Grande - Rive - Rd 1005, 74500 Évian-les-Bains",100.0,1057.0,6.0,101.74,,,1.71,,habitavel
casa,Thonon-les-Bains,,,"https://www.google.com/maps/search/?api=1&query=46.367308,6.474953",Agence Barnoud Thonon,https://www.barnoud-immobilier.fr/vente/74-haute-savoie/1-thonon-les-bains/1-maison/t6/11010-le-confort-d-une-maison-contemporaine-aux-portes-du-lac-leman/,,,,"14 Rue Fernand David, 74200 Thonon-les-Bains",118.0,560.0,5.0,117.79,,,0.18,,habitavel
casa,Thonon-les-Bains,,,"https://www.google.com/maps/search/?api=1&query=46.385848,6.497626",Leman Property Thonon,https://www.leman-property.com/vente/maison/thonon-les-bains/thonon-les-bains-pieds-dans-leau-ponton-prive-et-bouee-a-bateau/,,,,"5 Impasse du Pont, 74200 Thonon-les-Bains",98.0,524.0,5.0,100.0,,,2.0,,habitavel
casa,Thonon-les-Bains,,,"https://www.google.com/maps/search/?api=1&query=46.363317,6.488234",Laforêt Thonon-Évian,https://www.laforet.com/agence-immobiliere/thonon-evian/acheter/thonon-les-bains/maison-5-pieces-52577830,,,True,"9 Impasse du Crêt des Fleurs, 74200 Thonon-les-Bains",90.0,498.0,5.0,88.0,,5.0,2.22,,habitavel
casa,Thonon-les-Bains,,,"https://www.google.com/maps/search/?api=1&query=46.352744,6.446775",Laforêt Thonon-Évian,https://www.laforet.com/agence-immobiliere/thonon-evian/acheter/thonon-les-bains/maison-5-pieces-52196942,,,True,"23 Route de la Visitation, 74200 Thonon-les-Bains",110.0,512.0,5.0,109.0,746.0,5.0,0.91,31.37,habitavel
casa,Thonon-les-Bains,,,"https://www.google.com/maps/search/?api=1&query=46.386014,6.498056",Leman Property Thonon,https://www.leman-property.com/vente/maison/thonon-les-bains/thonon-les-bains-pieds-dans-leau-ponton-prive-et-bouee-a-bateau/,,,,"9 Impasse du Pont, 74200 Thonon-les-Bains",98.0,403.0,5.0,100.0,,,2.0,,habitavel
casa,Thonon-les-Bains,,,"https://www.google.com/maps/search/?api=1&query=46.367261,6.474752",Agence Barnoud Thonon,https://www.barnoud-immobilier.fr/vente/74-haute-savoie/1-thonon-les-bains/1-maison/t6/11010-le-confort-d-une-maison-contemporaine-aux-portes-du-lac-leman/,,,,"9 Rue Fernand David, 74200 Thonon-les-Bains",118.0,555.0,5.0,117.79,,,0.18,,habitavel
casa,Thonon-les-Bains,,,"https://www.google.com/maps/search/?api=1&query=46.386033,6.497904",Leman Property Thonon,https://www.leman-property.com/vente/maison/thonon-les-bains/thonon-les-bains-pieds-dans-leau-ponton-prive-et-bouee-a-bateau/,,,,"2 Impasse du Pont, 74200 Thonon-les-Bains",98.0,494.0,5.0,100.0,,,2.0,,habitavel
casa,Thonon-les-Bains,,,"https://www.google.com/maps/search/?api=1&query=46.375811,6.490706",Laforêt Thonon-Évian,https://www.laforet.com/agence-immobiliere/thonon-evian/acheter/thonon-les-bains/maison-4-pieces-52556087,,,True,"8 Chemin de la Combaz Coinchât, 74200 Thonon-les-Bains",68.0,2240.0,4.0,67.0,132.0,4.0,1.47,94.11,habitavel
casa,Évian-les-Bains,,,"https://www.google.com/maps/search/?api=1&query=46.386823,6.584073",Agence Barnoud Évian,https://www.barnoud-immobilier.fr/vente/74-haute-savoie/2-evian-les-bains/1-maison/t5/7576-chalet-en-bois-avec-pleine-vue-lac-leman/,,,,"38 Route De La Corniche - Rd 21, 74500 Évian-les-Bains",103.0,3309.0,5.0,101.74,,,1.22,,habitavel
casa,Évian-les-Bains,,,"https://www.google.com/maps/search/?api=1&query=46.401151,6.609967",CENTURY 21 Chablais Léman Évian,https://www.century21-chablais-leman-evian.com/trouver_logement/detail/13510063441/,,,True,"11 Avenue Des Mouettes, 74500 Évian-les-Bains",173.0,661.0,6.0,170.0,,6.0,1.73,,habitavel
casa,Thonon-les-Bains,,,"https://www.google.com/maps/search/?api=1&query=46.371572,6.495014",Agence Barnoud Thonon,https://www.barnoud-immobilier.fr/vente/74-haute-savoie/1-thonon-les-bains/1-maison/t6/11010-le-confort-d-une-maison-contemporaine-aux-portes-du-lac-leman/,,,,"21 Avenue du Clos Rouge, 74200 Thonon-les-Bains",119.0,1370.0,4.0,117.79,,,1.02,,habitavel
casa,Thonon-les-Bains,,,"https://www.google.com/maps/search/?api=1&query=46.368683,6.496313",CENTURY 21 Chablais-Léman Thonon,https://www.century21-chablais-leman-thonon.com/trouver_logement/detail/15664262586/,,,True,"4 Impasse de la Doie, 74200 Thonon-les-Bains",140.0,520.0,6.0,143.0,,6.0,2.1,,habitavel
casa,Thonon-les-Bains,,,"https://www.google.com/maps/search/?api=1&query=46.36856,6.496297",CENTURY 21 Chablais-Léman Thonon,https://www.century21-chablais-leman-thonon.com/trouver_logement/detail/15664262586/,,,True,"1 Impasse de la Doie, 74200 Thonon-les-Bains",140.0,629.0,6.0,143.0,,6.0,2.1,,habitavel
casa,Évian-les-Bains,,,"https://www.google.com/maps/search/?api=1&query=46.400842,6.610142",CENTURY 21 Chablais Léman Évian,https://www.century21-chablais-leman-evian.com/trouver_logement/detail/13510063441/,,,True,"69 Avenue Des Grottes, 74500 Évian-les-Bains",173.0,755.0,6.0,170.0,,6.0,1.73,,habitavel
casa,Thonon-les-Bains,,,"https://www.google.com/maps/search/?api=1&query=46.371474,6.495139",Agence Barnoud Thonon,https://www.barnoud-immobilier.fr/vente/74-haute-savoie/1-thonon-les-bains/1-maison/t6/11010-le-confort-d-une-maison-contemporaine-aux-portes-du-lac-leman/,,,,"19 Avenue du Clos Rouge, 74200 Thonon-les-Bains",119.0,1890.0,4.0,117.79,,,1.02,,habitavel
casa,Évian-les-Bains,,,"https://www.google.com/maps/search/?api=1&query=46.401301,6.609588",CENTURY 21 Chablais Léman Évian,https://www.century21-chablais-leman-evian.com/trouver_logement/detail/13510063441/,,,True,"9 Avenue Des Mouettes, 74500 Évian-les-Bains",173.0,564.0,6.0,170.0,,6.0,1.73,,habitavel
casa,Thonon-les-Bains,,,"https://www.google.com/maps/search/?api=1&query=46.368583,6.496417",CENTURY 21 Chablais-Léman Thonon,https://www.century21-chablais-leman-thonon.com/trouver_logement/detail/15664262586/,,,True,"6 Impasse de la Doie, 74200 Thonon-les-Bains",140.0,513.0,6.0,143.0,,6.0,2.1,,habitavel
casa,Thonon-les-Bains,,,"https://www.google.com/maps/search/?api=1&query=46.369672,6.487504",CENTURY 21 Chablais-Léman Thonon,https://www.century21-chablais-leman-thonon.com/trouver_logement/detail/14797209411/,,,True,"15 Avenue de la Cité Fleurie, 74200 Thonon-les-Bains",160.0,500.0,6.0,158.97,,6.0,0.64,,habitavel
casa,Évian-les-Bains,,,"https://www.google.com/maps/search/?api=1&query=46.401219,6.609812",CENTURY 21 Chablais Léman Évian,https://www.century21-chablais-leman-evian.com/trouver_logement/detail/13510063441/,,,True,"18 Avenue Des Mouettes, 74500 Évian-les-Bains",173.0,517.0,6.0,170.0,,6.0,1.73,,habitavel
casa,Évian-les-Bains,,,"https://www.google.com/maps/search/?api=1&query=46.393245,6.576773",CENTURY 21 Chablais Léman Évian,https://www.century21-chablais-leman-evian.com/trouver_logement/detail/16811804985/,,,True,"19 Route De L Horloge, 74500 Évian-les-Bains",105.0,1980.0,5.0,106.74,,5.0,1.63,,habitavel
casa,Thonon-les-Bains,,,"https://www.google.com/maps/search/?api=1&query=46.368464,6.496394",CENTURY 21 Chablais-Léman Thonon,https://www.century21-chablais-leman-thonon.com/trouver_logement/detail/15664262586/,,,True,"3 Impasse de la Doie, 74200 Thonon-les-Bains",140.0,518.0,6.0,143.0,,6.0,2.1,,habitavel
casa,Thonon-les-Bains,,,"https://www.google.com/maps/search/?api=1&query=46.383654,6.501247",Leman Property Thonon,https://www.leman-property.com/vente/maison/thonon-les-bains/thonon-les-bains-pieds-dans-leau-ponton-prive-et-bouee-a-bateau/,,,,"15 Avenue de Ripaille, 74200 Thonon-les-Bains",100.0,1126.0,5.0,100.0,,,0.0,,habitavel
apartamento,Thonon-les-Bains,,,"https://www.google.com/maps/search/?api=1&query=46.373085,6.478535",Cabinet Greneche,https://grenecheimmo.fr/fr/propriete/vente+appartement+thonon-les-bains+appartement-t4-neuf+86974022,,,,"8 Rue Marie Curie, 74200 Thonon-les-Bains",111.0,93.0,6.0,109.93,,,0.96,,habitavel
apartamento,Thonon-les-Bains,,,"https://www.google.com/maps/search/?api=1&query=46.373117,6.478622",Cabinet Greneche,https://grenecheimmo.fr/fr/propriete/vente+appartement+thonon-les-bains+appartement-t4-neuf+86974022,,,,"7 Rue Marie Curie, 74200 Thonon-les-Bains",111.0,136.0,6.0,109.93,,,0.96,,habitavel
apartamento,Évian-les-Bains,,,"https://www.google.com/maps/search/?api=1&query=46.400932,6.594888",CENTURY 21 Chablais Léman Évian,https://www.century21-chablais-leman-evian.com/trouver_logement/detail/12331772638/,,,True,"6 Avenue Jean Leger, 74500 Évian-les-Bains",100.0,40.0,4.0,100.0,,4.0,0.0,,habitavel
apartamento,Évian-les-Bains,,,"https://www.google.com/maps/search/?api=1&query=46.401147,6.594863",CENTURY 21 Chablais Léman Évian,https://www.century21-chablais-leman-evian.com/trouver_logement/detail/12331772638/,,,True,"2 Avenue Jean Leger, 74500 Évian-les-Bains",100.0,408.0,4.0,100.0,,4.0,0.0,,habitavel
apartamento,Thonon-les-Bains,,,"https://www.google.com/maps/search/?api=1&query=46.372873,6.478924",Agence Barnoud Thonon,https://www.barnoud-immobilier.fr/vente/74-haute-savoie/1-thonon-les-bains/2-appartement/t4/10465-a-vendre-au-centre-ville-de-thonon-les-bains-grand-appartement-avec-balcon/,,,,"54 Grande Rue, 74200 Thonon-les-Bains",100.0,146.0,3.0,100.65,,,0.65,,habitavel
apartamento,Évian-les-Bains,,,"https://www.google.com/maps/search/?api=1&query=46.392872,6.590218",Cabinet Greneche,https://grenecheimmo.fr/fr/propriete/vente+appartement+evian-les-bains+spacieux-t2-evian+86760575,,,,"19 Avenue Des Tours, 74500 Évian-les-Bains",128.0,1995.0,6.0,126.0,,,1.56,,habitavel
apartamento,Thonon-les-Bains,,,"https://www.google.com/maps/search/?api=1&query=46.376931,6.489449",Agence Lehmann,https://lehmann-immo.com/fr/propriete/vente+appartement+thonon-les-bains+bel-appartement-4-pieces-avec-jardin-a-thonon-les-bains+87306178,,,True,"48 Avenue Jules Ferry, 74200 Thonon-les-Bains",81.0,1687.0,4.0,82.0,,4.0,1.22,,habitavel
apartamento,Thonon-les-Bains,,,"https://www.google.com/maps/search/?api=1&query=46.376931,6.489449",Poirier Immobilier Thonon,https://www.poirier-immobilier.com/vente/6-thonon-les-bains/appartement/2240-thonon-les-bains-votre-ecrin-de-verdure-au-coeur-du-pillon,,,True,"48 Avenue Jules Ferry, 74200 Thonon-les-Bains",81.0,1687.0,4.0,80.99,,4.0,0.01,,habitavel
apartamento,Thonon-les-Bains,,,"https://www.google.com/maps/search/?api=1&query=46.366271,6.460404",Dupraz Immobilier Thonon,https://www.dupraz-immobilier.com/ville_bien/fiches/3-33-29_60896304/t3-de-76-m2-avec-terrasse-de-25-m2-garage-cave-et-stationnement.html,,,,"1 Impasse du Vernay, 74200 Thonon-les-Bains",76.0,350.0,4.0,76.0,,,0.0,,habitavel
apartamento,Évian-les-Bains,,,"https://www.google.com/maps/search/?api=1&query=46.400392,6.590886",Leman Property Évian,https://www.leman-property.com/vente/appartement/evian-les-bains/appartement-t4-rez-de-jardin-evian-les-bains/,,,,"31 Rue Nationale, 74500 Évian-les-Bains",95.0,331.0,6.0,96.0,,,1.04,,habitavel
apartamento,Évian-les-Bains,,,"https://www.google.com/maps/search/?api=1&query=46.400392,6.590886",Cabinet Greneche,https://grenecheimmo.fr/fr/propriete/vente+appartement+evian-les-bains+t3-evian-centre-ville+86400014,,,,"31 Rue Nationale, 74500 Évian-les-Bains",95.0,331.0,6.0,95.0,,,0.0,,habitavel
apartamento,Évian-les-Bains,,,"https://www.google.com/maps/search/?api=1&query=46.400443,6.590902",Leman Property Évian,https://www.leman-property.com/vente/appartement/evian-les-bains/appartement-t4-rez-de-jardin-evian-les-bains/,,,,"42 Rue Nationale, 74500 Évian-les-Bains",95.0,203.0,6.0,96.0,,,1.04,,habitavel
apartamento,Évian-les-Bains,,,"https://www.google.com/maps/search/?api=1&query=46.400443,6.590902",Cabinet Greneche,https://grenecheimmo.fr/fr/propriete/vente+appartement+evian-les-bains+t3-evian-centre-ville+86400014,,,,"42 Rue Nationale, 74500 Évian-les-Bains",95.0,203.0,6.0,95.0,,,0.0,,habitavel
apartamento,Thonon-les-Bains,,,"https://www.google.com/maps/search/?api=1&query=46.363128,6.475821",Agence Barnoud Thonon,https://www.barnoud-immobilier.fr/vente/74-haute-savoie/1-thonon-les-bains/2-appartement/t2/10517-a-thonon-les-bains-grand-appartement-a-acheter-avec-balcon/,,,,"4 Impasse de la Faucille, 74200 Thonon-les-Bains",48.0,827.0,3.0,47.8,,,0.42,,habitavel
apartamento,Thonon-les-Bains,,,"https://www.google.com/maps/search/?api=1&query=46.363128,6.475821",Agence Barnoud Thonon,https://www.barnoud-immobilier.fr/vente/74-haute-savoie/1-thonon-les-bains/2-appartement/t2/9852-appartement-a-vendre-dernier-etage-a-thonon-les-bains/,,,,"4 Impasse de la Faucille, 74200 Thonon-les-Bains",48.0,827.0,3.0,48.91,,,1.86,,habitavel
apartamento,Thonon-les-Bains,,,"https://www.google.com/maps/search/?api=1&query=46.363128,6.475821",Leman Property Thonon,https://www.leman-property.com/vente/appartement/thonon-les-bains/appartement-t2-thonon-les-bains/,,,,"4 Impasse de la Faucille, 74200 Thonon-les-Bains",48.0,827.0,3.0,48.0,,,0.0,,habitavel
apartamento,Thonon-les-Bains,,,"https://www.google.com/maps/search/?api=1&query=46.363926,6.475808",CENTURY 21 Chablais-Léman Thonon,https://www.century21-chablais-leman-thonon.com/trouver_logement/detail/15698583939/,,,True,"6 Impasse de la Dôle, 74200 Thonon-les-Bains",58.0,408.0,3.0,58.39,,3.0,0.67,,habitavel
apartamento,Thonon-les-Bains,,,"https://www.google.com/maps/search/?api=1&query=46.367875,6.48576",CENTURY 21 Chablais-Léman Thonon,https://www.century21-chablais-leman-thonon.com/trouver_logement/detail/16350251916/,,,True,"13 Avenue de l’Ermitage, 74200 Thonon-les-Bains",60.0,765.0,3.0,60.0,,3.0,0.0,,habitavel
apartamento,Thonon-les-Bains,,,"https://www.google.com/maps/search/?api=1&query=46.367875,6.48576",Agence Lehmann,https://lehmann-immo.com/fr/propriete/vente+appartement+thonon-les-bains+87286557,,,,"13 Avenue de l’Ermitage, 74200 Thonon-les-Bains",60.0,765.0,3.0,61.22,,,1.99,,habitavel
apartamento,Thonon-les-Bains,,,"https://www.google.com/maps/search/?api=1&query=46.363849,6.464401",CENTURY 21 Chablais-Léman Thonon,https://www.century21-chablais-leman-thonon.com/trouver_logement/detail/16350251916/,,,True,"4 Avenue de la Grangette, 74200 Thonon-les-Bains",61.0,478.0,3.0,60.0,,3.0,1.64,,habitavel
apartamento,Thonon-les-Bains,,,"https://www.google.com/maps/search/?api=1&query=46.363849,6.464401",Agence Lehmann,https://lehmann-immo.com/fr/propriete/vente+appartement+thonon-les-bains+87286557,,,,"4 Avenue de la Grangette, 74200 Thonon-les-Bains",61.0,478.0,3.0,61.22,,,0.36,,habitavel
apartamento,Thonon-les-Bains,,,"https://www.google.com/maps/search/?api=1&query=46.363849,6.464401",Christelle Vannier Immobilier,https://cvannier-immobilier.com/fr/propriete/vente+appartement+thonon-les-bains+appartement-t3-thonon-centre-ville+85078596,,,True,"4 Avenue de la Grangette, 74200 Thonon-les-Bains",61.0,478.0,3.0,62.0,,3.0,1.61,,habitavel
apartamento,Évian-les-Bains,,,"https://www.google.com/maps/search/?api=1&query=46.400607,6.587432",Leman Property Évian,https://www.leman-property.com/vente/appartement/evian-les-bains/appartement-t4-rez-de-jardin-evian-les-bains/,,,,"6 Rue De La Monnaie, 74500 Évian-les-Bains",97.0,134.0,5.0,96.0,,,1.03,,habitavel
apartamento,Évian-les-Bains,,,"https://www.google.com/maps/search/?api=1&query=46.400607,6.587432",Cabinet Greneche,https://grenecheimmo.fr/fr/propriete/vente+appartement+evian-les-bains+t3-evian-centre-ville+86400014,,,,"6 Rue De La Monnaie, 74500 Évian-les-Bains",97.0,134.0,5.0,95.0,,,2.06,,habitavel
apartamento,Évian-les-Bains,,,"https://www.google.com/maps/search/?api=1&query=46.397699,6.582897",Nestenn Évian,https://immobilier-evian-les-bains.nestenn.com/avant-premiere-residence-alvea-a-evian-les-bains-ref-39323972,,,True,"40 Boulevard De La Detanche, 74500 Évian-les-Bains",90.0,866.0,4.0,89.0,,4.0,1.11,,habitavel
apartamento,Évian-les-Bains,,,"https://www.google.com/maps/search/?api=1&query=46.400734,6.594226",Nestenn Évian,https://immobilier-evian-les-bains.nestenn.com/avant-premiere-residence-alvea-a-evian-les-bains-ref-39323972,,,True,"34 Rue De La Touviere, 74500 Évian-les-Bains",90.0,401.0,4.0,89.0,,4.0,1.11,,habitavel
apartamento,Thonon-les-Bains,,,"https://www.google.com/maps/search/?api=1&query=46.368524,6.473704",Agence Lehmann,https://lehmann-immo.com/fr/propriete/vente+appartement+thonon-les-bains+appartement-moderne-t2-a-thonon-les-bains+87095867,,,,"2 Rue Fernand David, 74200 Thonon-les-Bains",42.0,760.0,2.0,42.39,,,0.92,,habitavel
apartamento,Thonon-les-Bains,,,"https://www.google.com/maps/search/?api=1&query=46.363873,6.466296",Laforêt Thonon-Évian,https://www.laforet.com/agence-immobiliere/thonon-evian/acheter/thonon-les-bains/appartement-4-pieces-21989784,,,True,"12 Chemin des Voirons, 74200 Thonon-les-Bains",87.0,495.0,4.0,87.0,241.0,4.0,0.0,,habitavel
apartamento,Thonon-les-Bains,,,"https://www.google.com/maps/search/?api=1&query=46.363873,6.466296",Christelle Vannier Immobilier,https://cvannier-immobilier.com/fr/propriete/vente+appartement+thonon-les-bains+appartement-t4-en-attique-residence-neuve+86566650,,,True,"12 Chemin des Voirons, 74200 Thonon-les-Bains",87.0,495.0,4.0,87.33,,4.0,0.38,,habitavel
apartamento,Thonon-les-Bains,,,"https://www.google.com/maps/search/?api=1&query=46.363873,6.466296",Christelle Vannier Immobilier,https://cvannier-immobilier.com/fr/propriete/vente+appartement+thonon-les-bains+appartement-t4-thonon-les-bains-concise+87257451,,,True,"12 Chemin des Voirons, 74200 Thonon-les-Bains",87.0,495.0,4.0,85.92,,4.0,1.24,,habitavel
apartamento,Thonon-les-Bains,,,"https://www.google.com/maps/search/?api=1&query=46.371708,6.47967",Leman Property Thonon,https://www.leman-property.com/vente/appartement/thonon-les-bains/thonon-les-bains-t2-duplex-renove-vue-lac/,,,,"1 Rue Saint-Sébastien, 74200 Thonon-les-Bains",40.0,65.0,3.0,40.0,,,0.0,,habitavel
apartamento,Thonon-les-Bains,,,"https://www.google.com/maps/search/?api=1&query=46.368398,6.47383",Agence Lehmann,https://lehmann-immo.com/fr/propriete/vente+appartement+thonon-les-bains+appartement-moderne-t2-a-thonon-les-bains+87095867,,,,"4 Rue Fernand David, 74200 Thonon-les-Bains",42.0,580.0,2.0,42.39,,,0.92,,habitavel
apartamento,Thonon-les-Bains,,,"https://www.google.com/maps/search/?api=1&query=46.37668,6.48672",Agence Barnoud Thonon,https://www.barnoud-immobilier.fr/vente/74-haute-savoie/1-thonon-les-bains/2-appartement/t2/10682-rez-jardin-17-54m-au-calme-t2-52m/,,,,"24 Avenue d’Evian, 74200 Thonon-les-Bains",53.0,460.0,3.0,52.04,,,1.81,,habitavel
apartamento,Thonon-les-Bains,,,"https://www.google.com/maps/search/?api=1&query=46.363274,6.448285",Laforêt Thonon-Évian,https://www.laforet.com/agence-immobiliere/thonon-evian/acheter/thonon-les-bains/appartement-2-pieces-52232479,,,True,"22 Rue du Lac, 74200 Thonon-les-Bains",47.0,189.0,2.0,48.0,,2.0,2.08,,habitavel
apartamento,Thonon-les-Bains,,,"https://www.google.com/maps/search/?api=1&query=46.363274,6.448285",Laforêt Thonon-Évian,https://www.laforet.com/agence-immobiliere/thonon-evian/acheter/thonon-les-bains/appartement-2-pieces-52196464,,,True,"22 Rue du Lac, 74200 Thonon-les-Bains",47.0,189.0,2.0,48.0,,2.0,2.08,,habitavel
apartamento,Thonon-les-Bains,,,"https://www.google.com/maps/search/?api=1&query=46.363274,6.448285",Agence Barnoud Thonon,https://www.barnoud-immobilier.fr/vente/74-haute-savoie/1-thonon-les-bains/2-appartement/t2/10517-a-thonon-les-bains-grand-appartement-a-acheter-avec-balcon/,,,,"22 Rue du Lac, 74200 Thonon-les-Bains",47.0,189.0,2.0,47.8,,,1.67,,habitavel
apartamento,Thonon-les-Bains,,,"https://www.google.com/maps/search/?api=1&query=46.363274,6.448285",Leman Property Thonon,https://www.leman-property.com/vente/appartement/thonon-les-bains/appartement-t2-thonon-les-bains/,,,,"22 Rue du Lac, 74200 Thonon-les-Bains",47.0,189.0,2.0,48.0,,,2.08,,habitavel
apartamento,Thonon-les-Bains,,,"https://www.google.com/maps/search/?api=1&query=46.363274,6.448285",Agence Barnoud Thonon,https://www.barnoud-immobilier.fr/vente/74-haute-savoie/1-thonon-les-bains/2-appartement/t2/11354-appartement-de-type-2-a-vendre-a-thonon-les-bains/,,,,"22 Rue du Lac, 74200 Thonon-les-Bains",47.0,189.0,2.0,46.0,,,2.13,,habitavel
apartamento,Thonon-les-Bains,,,"https://www.google.com/maps/search/?api=1&query=46.371493,6.492942",Christelle Vannier Immobilier,https://cvannier-immobilier.com/fr/propriete/vente+maison+thonon-les-bains+villa-jumelee-t5-secteur-corzent+87337095,,,True,"15 Route de Tully, 74200 Thonon-les-Bains",118.0,403.0,4.0,118.0,,4.0,0.0,,habitavel
apartamento,Thonon-les-Bains,,,"https://www.google.com/maps/search/?api=1&query=46.383733,6.491451",Laforêt Thonon-Évian,https://www.laforet.com/agence-immobiliere/thonon-evian/acheter/thonon-les-bains/appartement-3-pieces-52196898,,,True,"38 Chemin des Tréflons, 74200 Thonon-les-Bains",68.0,705.0,3.0,68.0,,3.0,0.0,,habitavel
apartamento,Thonon-les-Bains,,,"https://www.google.com/maps/search/?api=1&query=46.383733,6.491451",Laforêt Thonon-Évian,https://www.laforet.com/agence-immobiliere/thonon-evian/acheter/thonon-les-bains/appartement-3-pieces-52232506,,,True,"38 Chemin des Tréflons, 74200 Thonon-les-Bains",68.0,705.0,3.0,68.0,,3.0,0.0,,habitavel
apartamento,Thonon-les-Bains,,,"https://www.google.com/maps/search/?api=1&query=46.383733,6.491451",CENTURY 21 Chablais-Léman Thonon,https://www.century21-chablais-leman-thonon.com/trouver_logement/detail/15273893649/,,,True,"38 Chemin des Tréflons, 74200 Thonon-les-Bains",68.0,705.0,3.0,68.0,,3.0,0.0,,habitavel
apartamento,Thonon-les-Bains,,,"https://www.google.com/maps/search/?api=1&query=46.383733,6.491451",CENTURY 21 Chablais-Léman Thonon,https://www.century21-chablais-leman-thonon.com/trouver_logement/detail/15273884285/,,,True,"38 Chemin des Tréflons, 74200 Thonon-les-Bains",68.0,705.0,3.0,68.0,,3.0,0.0,,habitavel
apartamento,Thonon-les-Bains,,,"https://www.google.com/maps/search/?api=1&query=46.383733,6.491451",Agence Lehmann,https://lehmann-immo.com/fr/propriete/vente+appartement+thonon-les-bains+appartement-moderne-t3-a-thonon-les-bains+87100377,,,,"38 Chemin des Tréflons, 74200 Thonon-les-Bains",68.0,705.0,3.0,66.44,,,2.29,,habitavel
apartamento,Thonon-les-Bains,,,"https://www.google.com/maps/search/?api=1&query=46.383733,6.491451",Agence Barnoud Thonon,https://www.barnoud-immobilier.fr/vente/74-haute-savoie/1-thonon-les-bains/2-appartement/t3/9917-a-thonon-les-bains-appartement-a-acheter-avec-2-chambres/,,,,"38 Chemin des Tréflons, 74200 Thonon-les-Bains",68.0,705.0,3.0,69.52,,,2.19,,habitavel
apartamento,Thonon-les-Bains,,,"https://www.google.com/maps/search/?api=1&query=46.383733,6.491451",CENTURY 21 Chablais-Léman Thonon,https://www.century21-chablais-leman-thonon.com/trouver_logement/detail/15273980963/,,,True,"38 Chemin des Tréflons, 74200 Thonon-les-Bains",68.0,705.0,3.0,68.0,,3.0,0.0,,habitavel
apartamento,Thonon-les-Bains,,,"https://www.google.com/maps/search/?api=1&query=46.383733,6.491451",Agence Lehmann,https://lehmann-immo.com/fr/propriete/vente+appartement+thonon-les-bains+bel-appartement-3-pieces-moderne-a-thonon-les-bains+87095945,,,True,"38 Chemin des Tréflons, 74200 Thonon-les-Bains",68.0,705.0,3.0,66.53,,3.0,2.16,,habitavel
apartamento,Thonon-les-Bains,,,"https://www.google.com/maps/search/?api=1&query=46.383733,6.491451",A&P Immobilier,https://www.immobilierapi.com/vente/1-thonon-les-bains/appartement/t3/864-thonon-les-bains-magnifique-appartement-t3-en-centre-au-calme-a-saisir/,,,True,"38 Chemin des Tréflons, 74200 Thonon-les-Bains",68.0,705.0,3.0,68.0,,3.0,0.0,,habitavel
apartamento,Thonon-les-Bains,,,"https://www.google.com/maps/search/?api=1&query=46.383733,6.491451",Christelle Vannier Immobilier,https://cvannier-immobilier.com/fr/propriete/vente+appartement+thonon-les-bains+exclusivite-appartement-t3-avec-garage-+86909438,,,True,"38 Chemin des Tréflons, 74200 Thonon-les-Bains",68.0,705.0,3.0,68.98,,3.0,1.42,,habitavel
apartamento,Thonon-les-Bains,,,"https://www.google.com/maps/search/?api=1&query=46.383733,6.491451",Laforêt Thonon-Évian,https://www.laforet.com/agence-immobiliere/thonon-evian/acheter/thonon-les-bains/appartement-3-pieces-52232515,,,True,"38 Chemin des Tréflons, 74200 Thonon-les-Bains",68.0,705.0,3.0,68.0,,3.0,0.0,,habitavel
apartamento,Thonon-les-Bains,,,"https://www.google.com/maps/search/?api=1&query=46.383733,6.491451",Poirier Immobilier Thonon,https://www.poirier-immobilier.com/vente/6-thonon-les-bains/appartement/2467-bel-appartement-de-type-3-a-proximite-immediate-du-centre-ville,,,True,"38 Chemin des Tréflons, 74200 Thonon-les-Bains",68.0,705.0,3.0,67.05,,3.0,1.4,,habitavel
apartamento,Thonon-les-Bains,,,"https://www.google.com/maps/search/?api=1&query=46.37157,6.492736",Christelle Vannier Immobilier,https://cvannier-immobilier.com/fr/propriete/vente+maison+thonon-les-bains+villa-jumelee-t5-secteur-corzent+87337095,,,True,"12 Route de Tully, 74200 Thonon-les-Bains",118.0,714.0,4.0,118.0,,4.0,0.0,,habitavel
apartamento,Évian-les-Bains,,,"https://www.google.com/maps/search/?api=1&query=46.399522,6.5886",Leman Property Évian,https://www.leman-property.com/vente/appartement/evian-les-bains/appartement-4-pieces-a-evian-les-bains-charme-et-confort-au-coeur-de-la-ville/,,,,"3 Chemin De La Guinguette, 74500 Évian-les-Bains",80.0,415.0,3.0,82.0,,,2.44,,habitavel
apartamento,Évian-les-Bains,,,"https://www.google.com/maps/search/?api=1&query=46.399522,6.5886",Leman Property Évian,https://www.leman-property.com/vente/appartement/evian-les-bains/maison-mitoyenne-80-m2/,,,,"3 Chemin De La Guinguette, 74500 Évian-les-Bains",80.0,415.0,3.0,81.0,,,1.23,,habitavel
apartamento,Évian-les-Bains,,,"https://www.google.com/maps/search/?api=1&query=46.399522,6.5886",Poirier Immobilier Évian,https://www.poirier-immobilier.com/vente/5-evian-les-bains/appartement/1933-appartement-3-pieces-a-evian-les-bains-avec-balcons-et-garage,,,True,"3 Chemin De La Guinguette, 74500 Évian-les-Bains",80.0,415.0,3.0,78.09,,3.0,2.39,,habitavel
apartamento,Thonon-les-Bains,,,"https://www.google.com/maps/search/?api=1&query=46.371095,6.482071",Poirier Immobilier Thonon,https://www.poirier-immobilier.com/vente/6-thonon-les-bains/appartement/2341-exclusivite-thonon-ouest-secteur-corzent,,,True,"1 Avenue Jules Ferry, 74200 Thonon-les-Bains",138.0,30.0,5.0,137.45,,5.0,0.4,,habitavel
apartamento,Thonon-les-Bains,,,"https://www.google.com/maps/search/?api=1&query=46.378363,6.484214",Cabinet Greneche,https://grenecheimmo.fr/fr/propriete/vente+appartement+thonon-les-bains+appartement-t4-neuf+86974022,,,,"11 Avenue du Léman, 74200 Thonon-les-Bains",110.0,970.0,4.0,109.93,,,0.06,,habitavel
apartamento,Thonon-les-Bains,,,"https://www.google.com/maps/search/?api=1&query=46.378363,6.484214",Cabinet Greneche,https://grenecheimmo.fr/fr/propriete/vente+appartement+thonon-les-bains+appartement-4-pieces-local-entrepot-artisanal-thonon-les-bains+86641773,,,True,"11 Avenue du Léman, 74200 Thonon-les-Bains",110.0,970.0,4.0,112.0,,4.0,1.79,,habitavel
apartamento,Thonon-les-Bains,,,"https://www.google.com/maps/search/?api=1&query=46.378363,6.484214",Cabinet Greneche,https://grenecheimmo.fr/fr/propriete/vente+appartement+thonon-les-bains+duplex-4-pieces-thonon-les-bains+85982874,,,True,"11 Avenue du Léman, 74200 Thonon-les-Bains",110.0,970.0,4.0,112.0,,4.0,1.79,,habitavel
apartamento,Thonon-les-Bains,,,"https://www.google.com/maps/search/?api=1&query=46.378661,6.484263",Cabinet Greneche,https://grenecheimmo.fr/fr/propriete/vente+appartement+thonon-les-bains+appartement-t4-neuf+86974022,,,,"20 Avenue du Léman, 74200 Thonon-les-Bains",110.0,1642.0,4.0,109.93,,,0.06,,habitavel
apartamento,Thonon-les-Bains,,,"https://www.google.com/maps/search/?api=1&query=46.378661,6.484263",Cabinet Greneche,https://grenecheimmo.fr/fr/propriete/vente+appartement+thonon-les-bains+appartement-4-pieces-local-entrepot-artisanal-thonon-les-bains+86641773,,,True,"20 Avenue du Léman, 74200 Thonon-les-Bains",110.0,1642.0,4.0,112.0,,4.0,1.79,,habitavel
apartamento,Thonon-les-Bains,,,"https://www.google.com/maps/search/?api=1&query=46.378661,6.484263",Cabinet Greneche,https://grenecheimmo.fr/fr/propriete/vente+appartement+thonon-les-bains+duplex-4-pieces-thonon-les-bains+85982874,,,True,"20 Avenue du Léman, 74200 Thonon-les-Bains",110.0,1642.0,4.0,112.0,,4.0,1.79,,habitavel
apartamento,Thonon-les-Bains,,,"https://www.google.com/maps/search/?api=1&query=46.371674,6.479365",Dupraz Immobilier Thonon,https://www.dupraz-immobilier.com/ville_bien/fiches/3-33-29_60896304/t3-de-76-m2-avec-terrasse-de-25-m2-garage-cave-et-stationnement.html,,,,"43 Grande Rue, 74200 Thonon-les-Bains",75.0,110.0,2.0,76.0,,,1.32,,habitavel
apartamento,Thonon-les-Bains,,,"https://www.google.com/maps/search/?api=1&query=46.378487,6.484107",Cabinet Greneche,https://grenecheimmo.fr/fr/propriete/vente+appartement+thonon-les-bains+appartement-t4-neuf+86974022,,,,"18 Avenue du Léman, 74200 Thonon-les-Bains",110.0,6140.0,4.0,109.93,,,0.06,,habitavel
apartamento,Thonon-les-Bains,,,"https://www.google.com/maps/search/?api=1&query=46.378487,6.484107",Cabinet Greneche,https://grenecheimmo.fr/fr/propriete/vente+appartement+thonon-les-bains+appartement-4-pieces-local-entrepot-artisanal-thonon-les-bains+86641773,,,True,"18 Avenue du Léman, 74200 Thonon-les-Bains",110.0,6140.0,4.0,112.0,,4.0,1.79,,habitavel
apartamento,Thonon-les-Bains,,,"https://www.google.com/maps/search/?api=1&query=46.378487,6.484107",Cabinet Greneche,https://grenecheimmo.fr/fr/propriete/vente+appartement+thonon-les-bains+duplex-4-pieces-thonon-les-bains+85982874,,,True,"18 Avenue du Léman, 74200 Thonon-les-Bains",110.0,6140.0,4.0,112.0,,4.0,1.79,,habitavel
apartamento,Thonon-les-Bains,,,"https://www.google.com/maps/search/?api=1&query=46.373168,6.478488",Cabinet Greneche,https://grenecheimmo.fr/fr/propriete/vente+appartement+thonon-les-bains+appartement-t4-neuf+86974022,,,,"9 Rue Marie Curie, 74200 Thonon-les-Bains",111.0,343.0,6.0,109.93,,,0.96,,habitavel
apartamento,Thonon-les-Bains,,,"https://www.google.com/maps/search/?api=1&query=46.37065,6.489544",Laforêt Thonon-Évian,https://www.laforet.com/agence-immobiliere/thonon-evian/acheter/thonon-les-bains/appartement-3-pieces-52196857,,,True,"36 Avenue des Vallées, 74200 Thonon-les-Bains",64.0,733.0,3.0,65.0,,3.0,1.54,,habitavel
apartamento,Thonon-les-Bains,,,"https://www.google.com/maps/search/?api=1&query=46.37065,6.489544",A&P Immobilier,https://www.immobilierapi.com/vente/1-thonon-les-bains/appartement/t3/894-thonon-les-bains-nouvelle-exclusivite-t3-en-rez-de-jardin-a-decouvrir/,,,True,"36 Avenue des Vallées, 74200 Thonon-les-Bains",64.0,733.0,3.0,63.0,,3.0,1.56,,habitavel
apartamento,Thonon-les-Bains,,,"https://www.google.com/maps/search/?api=1&query=46.37065,6.489544",A&P Immobilier,https://www.immobilierapi.com/vente/1-thonon-les-bains/appartement/t3/806-t3-a-fort-potentiel-thonon-les-bains-parking-et-cave-thonon-ouest/,,,True,"36 Avenue des Vallées, 74200 Thonon-les-Bains",64.0,733.0,3.0,63.6,,3.0,0.62,,habitavel
apartamento,Thonon-les-Bains,,,"https://www.google.com/maps/search/?api=1&query=46.37065,6.489544",Christelle Vannier Immobilier,https://cvannier-immobilier.com/fr/propriete/vente+appartement+thonon-les-bains+exclusivite-t3-en-rez-de-jardin-avec-garage+87300076,,,True,"36 Avenue des Vallées, 74200 Thonon-les-Bains",64.0,733.0,3.0,65.42,,3.0,2.17,,habitavel
apartamento,Thonon-les-Bains,,,"https://www.google.com/maps/search/?api=1&query=46.37065,6.489544",Christelle Vannier Immobilier,https://cvannier-immobilier.com/fr/propriete/vente+appartement+thonon-les-bains+exclusivite-t3-en-duplex+87254132,,,True,"36 Avenue des Vallées, 74200 Thonon-les-Bains",64.0,733.0,3.0,65.0,,3.0,1.54,,habitavel
apartamento,Thonon-les-Bains,,,"https://www.google.com/maps/search/?api=1&query=46.37065,6.489544",Christelle Vannier Immobilier,https://cvannier-immobilier.com/fr/propriete/vente+appartement+thonon-les-bains+exclusivite-appartement-type-3-avec-garage+84395461,,,True,"36 Avenue des Vallées, 74200 Thonon-les-Bains",64.0,733.0,3.0,65.0,,3.0,1.54,,habitavel
apartamento,Thonon-les-Bains,,,"https://www.google.com/maps/search/?api=1&query=46.374443,6.491121",Laforêt Thonon-Évian,https://www.laforet.com/agence-immobiliere/thonon-evian/acheter/thonon-les-bains/appartement-3-pieces-52196898,,,True,"30 Avenue des Romains, 74200 Thonon-les-Bains",67.0,500.0,3.0,68.0,,3.0,1.47,,habitavel
apartamento,Thonon-les-Bains,,,"https://www.google.com/maps/search/?api=1&query=46.374443,6.491121",Laforêt Thonon-Évian,https://www.laforet.com/agence-immobiliere/thonon-evian/acheter/thonon-les-bains/appartement-3-pieces-52232506,,,True,"30 Avenue des Romains, 74200 Thonon-les-Bains",67.0,500.0,3.0,68.0,,3.0,1.47,,habitavel
apartamento,Thonon-les-Bains,,,"https://www.google.com/maps/search/?api=1&query=46.374443,6.491121",CENTURY 21 Chablais-Léman Thonon,https://www.century21-chablais-leman-thonon.com/trouver_logement/detail/15273893649/,,,True,"30 Avenue des Romains, 74200 Thonon-les-Bains",67.0,500.0,3.0,68.0,,3.0,1.47,,habitavel
apartamento,Thonon-les-Bains,,,"https://www.google.com/maps/search/?api=1&query=46.374443,6.491121",CENTURY 21 Chablais-Léman Thonon,https://www.century21-chablais-leman-thonon.com/trouver_logement/detail/15273884285/,,,True,"30 Avenue des Romains, 74200 Thonon-les-Bains",67.0,500.0,3.0,68.0,,3.0,1.47,,habitavel
apartamento,Thonon-les-Bains,,,"https://www.google.com/maps/search/?api=1&query=46.374443,6.491121",Agence Lehmann,https://lehmann-immo.com/fr/propriete/vente+appartement+thonon-les-bains+appartement-moderne-t3-a-thonon-les-bains+87100377,,,,"30 Avenue des Romains, 74200 Thonon-les-Bains",67.0,500.0,3.0,66.44,,,0.84,,habitavel
apartamento,Thonon-les-Bains,,,"https://www.google.com/maps/search/?api=1&query=46.374443,6.491121",CENTURY 21 Chablais-Léman Thonon,https://www.century21-chablais-leman-thonon.com/trouver_logement/detail/15273980963/,,,True,"30 Avenue des Romains, 74200 Thonon-les-Bains",67.0,500.0,3.0,68.0,,3.0,1.47,,habitavel
apartamento,Thonon-les-Bains,,,"https://www.google.com/maps/search/?api=1&query=46.374443,6.491121",Agence Lehmann,https://lehmann-immo.com/fr/propriete/vente+appartement+thonon-les-bains+bel-appartement-3-pieces-moderne-a-thonon-les-bains+87095945,,,True,"30 Avenue des Romains, 74200 Thonon-les-Bains",67.0,500.0,3.0,66.53,,3.0,0.7,,habitavel
apartamento,Thonon-les-Bains,,,"https://www.google.com/maps/search/?api=1&query=46.374443,6.491121",Christelle Vannier Immobilier,https://cvannier-immobilier.com/fr/propriete/vente+appartement+thonon-les-bains+exclusivite-t3-en-rez-de-jardin-avec-garage+87300076,,,True,"30 Avenue des Romains, 74200 Thonon-les-Bains",67.0,500.0,3.0,65.42,,3.0,2.36,,habitavel
apartamento,Thonon-les-Bains,,,"https://www.google.com/maps/search/?api=1&query=46.374443,6.491121",A&P Immobilier,https://www.immobilierapi.com/vente/1-thonon-les-bains/appartement/t3/864-thonon-les-bains-magnifique-appartement-t3-en-centre-au-calme-a-saisir/,,,True,"30 Avenue des Romains, 74200 Thonon-les-Bains",67.0,500.0,3.0,68.0,,3.0,1.47,,habitavel
apartamento,Thonon-les-Bains,,,"https://www.google.com/maps/search/?api=1&query=46.374443,6.491121",Christelle Vannier Immobilier,https://cvannier-immobilier.com/fr/propriete/vente+appartement+thonon-les-bains+appartement-de-type-3-a-thonon-les-bains+85757383,,,True,"30 Avenue des Romains, 74200 Thonon-les-Bains",67.0,500.0,3.0,66.0,,3.0,1.49,,habitavel
apartamento,Thonon-les-Bains,,,"https://www.google.com/maps/search/?api=1&query=46.374443,6.491121",Laforêt Thonon-Évian,https://www.laforet.com/agence-immobiliere/thonon-evian/acheter/thonon-les-bains/appartement-3-pieces-52232515,,,True,"30 Avenue des Romains, 74200 Thonon-les-Bains",67.0,500.0,3.0,68.0,,3.0,1.47,,habitavel
apartamento,Thonon-les-Bains,,,"https://www.google.com/maps/search/?api=1&query=46.374443,6.491121",Poirier Immobilier Thonon,https://www.poirier-immobilier.com/vente/6-thonon-les-bains/appartement/2467-bel-appartement-de-type-3-a-proximite-immediate-du-centre-ville,,,True,"30 Avenue des Romains, 74200 Thonon-les-Bains",67.0,500.0,3.0,67.05,,3.0,0.07,,habitavel
apartamento,Thonon-les-Bains,,,"https://www.google.com/maps/search/?api=1&query=46.364518,6.474555",Nestenn Évian,https://immobilier-evian-les-bains.nestenn.com/a-vendre-a-thonon-les-bains-t2-renove-avec-deux-balcons-ref-39439459,,,True,"33 Rue des Alpes, 74200 Thonon-les-Bains",50.0,1530.0,2.0,50.0,,2.0,0.0,,habitavel
apartamento,Thonon-les-Bains,,,"https://www.google.com/maps/search/?api=1&query=46.364518,6.474555",Leman Property Thonon,https://www.leman-property.com/vente/appartement/thonon-les-bains/appartement-t3-coup-de-coeur/,,,,"33 Rue des Alpes, 74200 Thonon-les-Bains",50.0,1530.0,2.0,50.0,,,0.0,,habitavel
apartamento,Thonon-les-Bains,,,"https://www.google.com/maps/search/?api=1&query=46.364518,6.474555",Agence Barnoud Thonon,https://www.barnoud-immobilier.fr/vente/74-haute-savoie/1-thonon-les-bains/2-appartement/t2/9852-appartement-a-vendre-dernier-etage-a-thonon-les-bains/,,,,"33 Rue des Alpes, 74200 Thonon-les-Bains",50.0,1530.0,2.0,48.91,,,2.18,,habitavel
apartamento,Thonon-les-Bains,,,"https://www.google.com/maps/search/?api=1&query=46.364518,6.474555",Agence Barnoud Thonon,https://www.barnoud-immobilier.fr/vente/74-haute-savoie/1-thonon-les-bains/2-appartement/t2/11274-appartement-t2-51-15m/,,,,"33 Rue des Alpes, 74200 Thonon-les-Bains",50.0,1530.0,2.0,51.15,,,2.25,,habitavel
apartamento,Thonon-les-Bains,,,"https://www.google.com/maps/search/?api=1&query=46.370505,6.489501",Laforêt Thonon-Évian,https://www.laforet.com/agence-immobiliere/thonon-evian/acheter/thonon-les-bains/appartement-3-pieces-52196857,,,True,"23 Avenue des Vallées, 74200 Thonon-les-Bains",64.0,609.0,3.0,65.0,,3.0,1.54,,habitavel
apartamento,Thonon-les-Bains,,,"https://www.google.com/maps/search/?api=1&query=46.370505,6.489501",A&P Immobilier,https://www.immobilierapi.com/vente/1-thonon-les-bains/appartement/t3/894-thonon-les-bains-nouvelle-exclusivite-t3-en-rez-de-jardin-a-decouvrir/,,,True,"23 Avenue des Vallées, 74200 Thonon-les-Bains",64.0,609.0,3.0,63.0,,3.0,1.56,,habitavel
apartamento,Thonon-les-Bains,,,"https://www.google.com/maps/search/?api=1&query=46.370505,6.489501",A&P Immobilier,https://www.immobilierapi.com/vente/1-thonon-les-bains/appartement/t3/806-t3-a-fort-potentiel-thonon-les-bains-parking-et-cave-thonon-ouest/,,,True,"23 Avenue des Vallées, 74200 Thonon-les-Bains",64.0,609.0,3.0,63.6,,3.0,0.62,,habitavel
apartamento,Thonon-les-Bains,,,"https://www.google.com/maps/search/?api=1&query=46.370505,6.489501",Christelle Vannier Immobilier,https://cvannier-immobilier.com/fr/propriete/vente+appartement+thonon-les-bains+exclusivite-t3-en-rez-de-jardin-avec-garage+87300076,,,True,"23 Avenue des Vallées, 74200 Thonon-les-Bains",64.0,609.0,3.0,65.42,,3.0,2.17,,habitavel
apartamento,Thonon-les-Bains,,,"https://www.google.com/maps/search/?api=1&query=46.370505,6.489501",Christelle Vannier Immobilier,https://cvannier-immobilier.com/fr/propriete/vente+appartement+thonon-les-bains+exclusivite-t3-en-duplex+87254132,,,True,"23 Avenue des Vallées, 74200 Thonon-les-Bains",64.0,609.0,3.0,65.0,,3.0,1.54,,habitavel
apartamento,Thonon-les-Bains,,,"https://www.google.com/maps/search/?api=1&query=46.370505,6.489501",Christelle Vannier Immobilier,https://cvannier-immobilier.com/fr/propriete/vente+appartement+thonon-les-bains+exclusivite-appartement-type-3-avec-garage+84395461,,,True,"23 Avenue des Vallées, 74200 Thonon-les-Bains",64.0,609.0,3.0,65.0,,3.0,1.54,,habitavel
apartamento,Thonon-les-Bains,,,"https://www.google.com/maps/search/?api=1&query=46.37095,6.489217",Christelle Vannier Immobilier,https://cvannier-immobilier.com/fr/propriete/vente+maison+thonon-les-bains+villa-jumelee-t5-secteur-corzent+87337095,,,True,"31 Rue du Commerce, 74200 Thonon-les-Bains",120.0,733.0,4.0,118.0,,4.0,1.67,,habitavel
apartamento,Thonon-les-Bains,,,"https://www.google.com/maps/search/?api=1&query=46.358817,6.475633",Agence Lehmann,https://lehmann-immo.com/fr/propriete/vente+appartement+thonon-les-bains+87286557,,,,"20 Avenue de Sénévulaz, 74200 Thonon-les-Bains",61.0,620.0,2.0,61.22,,,0.36,,habitavel
apartamento,Thonon-les-Bains,,,"https://www.google.com/maps/search/?api=1&query=46.358817,6.475633",Poirier Immobilier Thonon,https://www.poirier-immobilier.com/vente/6-thonon-les-bains/appartement/2339-t2-avec-double-vue-lac-balcons-cave-et-ascenseur,,,True,"20 Avenue de Sénévulaz, 74200 Thonon-les-Bains",61.0,620.0,2.0,59.73,,2.0,2.08,,habitavel
apartamento,Thonon-les-Bains,,,"https://www.google.com/maps/search/?api=1&query=46.376522,6.488924",Agence Lehmann,https://lehmann-immo.com/fr/propriete/vente+appartement+thonon-les-bains+87286557,,,,"44 Avenue Jules Ferry, 74200 Thonon-les-Bains",62.0,720.0,3.0,61.22,,,1.26,,habitavel
apartamento,Thonon-les-Bains,,,"https://www.google.com/maps/search/?api=1&query=46.376522,6.488924",A&P Immobilier,https://www.immobilierapi.com/vente/1-thonon-les-bains/appartement/t3/894-thonon-les-bains-nouvelle-exclusivite-t3-en-rez-de-jardin-a-decouvrir/,,,True,"44 Avenue Jules Ferry, 74200 Thonon-les-Bains",62.0,720.0,3.0,63.0,,3.0,1.59,,habitavel
apartamento,Thonon-les-Bains,,,"https://www.google.com/maps/search/?api=1&query=46.376522,6.488924",Christelle Vannier Immobilier,https://cvannier-immobilier.com/fr/propriete/vente+appartement+thonon-les-bains+appartement-t3-thonon-centre-ville+85078596,,,True,"44 Avenue Jules Ferry, 74200 Thonon-les-Bains",62.0,720.0,3.0,62.0,,3.0,0.0,,habitavel
apartamento,Thonon-les-Bains,,,"https://www.google.com/maps/search/?api=1&query=46.366408,6.485194",Agence Barnoud Thonon,https://www.barnoud-immobilier.fr/vente/74-haute-savoie/1-thonon-les-bains/2-appartement/t4/10465-a-vendre-au-centre-ville-de-thonon-les-bains-grand-appartement-avec-balcon/,,,,"15 Avenue des Jardins, 74200 Thonon-les-Bains",100.0,745.0,5.0,100.65,,,0.65,,habitavel
apartamento,Thonon-les-Bains,,,"https://www.google.com/maps/search/?api=1&query=46.370179,6.49955",Laforêt Thonon-Évian,https://www.laforet.com/agence-immobiliere/thonon-evian/acheter/thonon-les-bains/appartement-3-pieces-52703873,,,True,"31 Chemin des Tissottes, 74200 Thonon-les-Bains",76.0,1403.0,3.0,75.0,,3.0,1.32,,habitavel
apartamento,Thonon-les-Bains,,,"https://www.google.com/maps/search/?api=1&query=46.370179,6.49955",Laforêt Thonon-Évian,https://www.laforet.com/agence-immobiliere/thonon-evian/acheter/thonon-les-bains/appartement-3-pieces-52584814,,,True,"31 Chemin des Tissottes, 74200 Thonon-les-Bains",76.0,1403.0,3.0,76.0,,3.0,0.0,,habitavel
apartamento,Thonon-les-Bains,,,"https://www.google.com/maps/search/?api=1&query=46.370179,6.49955",Dupraz Immobilier Thonon,https://www.dupraz-immobilier.com/ville_bien/fiches/3-33-29_60896304/t3-de-76-m2-avec-terrasse-de-25-m2-garage-cave-et-stationnement.html,,,,"31 Chemin des Tissottes, 74200 Thonon-les-Bains",76.0,1403.0,3.0,76.0,,,0.0,,habitavel
apartamento,Thonon-les-Bains,,,"https://www.google.com/maps/search/?api=1&query=46.370179,6.49955",Laforêt Thonon-Évian,https://www.laforet.com/agence-immobiliere/thonon-evian/acheter/thonon-les-bains/appartement-3-pieces-52402655,,,True,"31 Chemin des Tissottes, 74200 Thonon-les-Bains",76.0,1403.0,3.0,75.0,,3.0,1.32,,habitavel
apartamento,Thonon-les-Bains,,,"https://www.google.com/maps/search/?api=1&query=46.370179,6.49955",Poirier Immobilier Thonon,https://www.poirier-immobilier.com/vente/6-thonon-les-bains/appartement/2456-spacieux-appartement-de-type-3-avec-garage-proche-centre-ville,,,True,"31 Chemin des Tissottes, 74200 Thonon-les-Bains",76.0,1403.0,3.0,76.12,,3.0,0.16,,habitavel
apartamento,Thonon-les-Bains,,,"https://www.google.com/maps/search/?api=1&query=46.36202,6.482889",Leman Property Thonon,https://www.leman-property.com/vente/appartement/thonon-les-bains/en-exclusivite-t2-rez-de-jardin-thonon-st-disdille/,,,,"2 Chemin de la Vionnaz, 74200 Thonon-les-Bains",43.0,194.0,2.0,44.0,,,2.27,,habitavel
apartamento,Thonon-les-Bains,,,"https://www.google.com/maps/search/?api=1&query=46.36202,6.482889",Agence Lehmann,https://lehmann-immo.com/fr/propriete/vente+appartement+thonon-les-bains+appartement-moderne-t2-a-thonon-les-bains+87095867,,,,"2 Chemin de la Vionnaz, 74200 Thonon-les-Bains",43.0,194.0,2.0,42.39,,,1.42,,habitavel
apartamento,Thonon-les-Bains,,,"https://www.google.com/maps/search/?api=1&query=46.36202,6.482889",Christelle Vannier Immobilier,https://cvannier-immobilier.com/fr/propriete/vente+appartement+thonon-les-bains+exclusivite-t2-centre-ville-thonon-les-bains+86925991,,,True,"2 Chemin de la Vionnaz, 74200 Thonon-les-Bains",43.0,194.0,2.0,43.6,,2.0,1.38,,habitavel
apartamento,Thonon-les-Bains,,,"https://www.google.com/maps/search/?api=1&query=46.361973,6.482773",Leman Property Thonon,https://www.leman-property.com/vente/appartement/thonon-les-bains/en-exclusivite-t2-rez-de-jardin-thonon-st-disdille/,,,,"3 Chemin de la Vionnaz, 74200 Thonon-les-Bains",43.0,528.0,2.0,44.0,,,2.27,,habitavel
apartamento,Thonon-les-Bains,,,"https://www.google.com/maps/search/?api=1&query=46.361973,6.482773",Agence Lehmann,https://lehmann-immo.com/fr/propriete/vente+appartement+thonon-les-bains+appartement-moderne-t2-a-thonon-les-bains+87095867,,,,"3 Chemin de la Vionnaz, 74200 Thonon-les-Bains",43.0,528.0,2.0,42.39,,,1.42,,habitavel
apartamento,Thonon-les-Bains,,,"https://www.google.com/maps/search/?api=1&query=46.361973,6.482773",Christelle Vannier Immobilier,https://cvannier-immobilier.com/fr/propriete/vente+appartement+thonon-les-bains+exclusivite-t2-centre-ville-thonon-les-bains+86925991,,,True,"3 Chemin de la Vionnaz, 74200 Thonon-les-Bains",43.0,528.0,2.0,43.6,,2.0,1.38,,habitavel
apartamento,Thonon-les-Bains,,,"https://www.google.com/maps/search/?api=1&query=46.361969,6.482989",Leman Property Thonon,https://www.leman-property.com/vente/appartement/thonon-les-bains/en-exclusivite-t2-rez-de-jardin-thonon-st-disdille/,,,,"4 Chemin de la Vionnaz, 74200 Thonon-les-Bains",43.0,285.0,2.0,44.0,,,2.27,,habitavel
apartamento,Thonon-les-Bains,,,"https://www.google.com/maps/search/?api=1&query=46.361969,6.482989",Agence Lehmann,https://lehmann-immo.com/fr/propriete/vente+appartement+thonon-les-bains+appartement-moderne-t2-a-thonon-les-bains+87095867,,,,"4 Chemin de la Vionnaz, 74200 Thonon-les-Bains",43.0,285.0,2.0,42.39,,,1.42,,habitavel
apartamento,Thonon-les-Bains,,,"https://www.google.com/maps/search/?api=1&query=46.361969,6.482989",Christelle Vannier Immobilier,https://cvannier-immobilier.com/fr/propriete/vente+appartement+thonon-les-bains+exclusivite-t2-centre-ville-thonon-les-bains+86925991,,,True,"4 Chemin de la Vionnaz, 74200 Thonon-les-Bains",43.0,285.0,2.0,43.6,,2.0,1.38,,habitavel
apartamento,Thonon-les-Bains,,,"https://www.google.com/maps/search/?api=1&query=46.371447,6.494305",Laforêt Thonon-Évian,https://www.laforet.com/agence-immobiliere/thonon-evian/acheter/thonon-les-bains/appartement-2-pieces-52196779,,,True,"27 Route de Tully, 74200 Thonon-les-Bains",46.0,5639.0,2.0,45.0,,2.0,2.17,,habitavel
apartamento,Thonon-les-Bains,,,"https://www.google.com/maps/search/?api=1&query=46.371447,6.494305",Agence Barnoud Thonon,https://www.barnoud-immobilier.fr/vente/74-haute-savoie/1-thonon-les-bains/2-appartement/t2/11354-appartement-de-type-2-a-vendre-a-thonon-les-bains/,,,,"27 Route de Tully, 74200 Thonon-les-Bains",46.0,5639.0,2.0,46.0,,,0.0,,habitavel
apartamento,Thonon-les-Bains,,,"https://www.google.com/maps/search/?api=1&query=46.370122,6.499792",Laforêt Thonon-Évian,https://www.laforet.com/agence-immobiliere/thonon-evian/acheter/thonon-les-bains/appartement-3-pieces-52703873,,,True,"36 Chemin des Tissottes, 74200 Thonon-les-Bains",76.0,499.0,3.0,75.0,,3.0,1.32,,habitavel
apartamento,Thonon-les-Bains,,,"https://www.google.com/maps/search/?api=1&query=46.370122,6.499792",Laforêt Thonon-Évian,https://www.laforet.com/agence-immobiliere/thonon-evian/acheter/thonon-les-bains/appartement-3-pieces-52584814,,,True,"36 Chemin des Tissottes, 74200 Thonon-les-Bains",76.0,499.0,3.0,76.0,,3.0,0.0,,habitavel
apartamento,Thonon-les-Bains,,,"https://www.google.com/maps/search/?api=1&query=46.370122,6.499792",Dupraz Immobilier Thonon,https://www.dupraz-immobilier.com/ville_bien/fiches/3-33-29_60896304/t3-de-76-m2-avec-terrasse-de-25-m2-garage-cave-et-stationnement.html,,,,"36 Chemin des Tissottes, 74200 Thonon-les-Bains",76.0,499.0,3.0,76.0,,,0.0,,habitavel
apartamento,Thonon-les-Bains,,,"https://www.google.com/maps/search/?api=1&query=46.370122,6.499792",Laforêt Thonon-Évian,https://www.laforet.com/agence-immobiliere/thonon-evian/acheter/thonon-les-bains/appartement-3-pieces-52402655,,,True,"36 Chemin des Tissottes, 74200 Thonon-les-Bains",76.0,499.0,3.0,75.0,,3.0,1.32,,habitavel
apartamento,Thonon-les-Bains,,,"https://www.google.com/maps/search/?api=1&query=46.370122,6.499792",Poirier Immobilier Thonon,https://www.poirier-immobilier.com/vente/6-thonon-les-bains/appartement/2456-spacieux-appartement-de-type-3-avec-garage-proche-centre-ville,,,True,"36 Chemin des Tissottes, 74200 Thonon-les-Bains",76.0,499.0,3.0,76.12,,3.0,0.16,,habitavel
apartamento,Thonon-les-Bains,,,"https://www.google.com/maps/search/?api=1&query=46.365846,6.47699",Leman Property Thonon,https://www.leman-property.com/vente/appartement/thonon-les-bains/appartement-t3-coup-de-coeur/,,,,"14 Chemin du Martinet, 74200 Thonon-les-Bains",50.0,1064.0,3.0,50.0,,,0.0,,habitavel
apartamento,Thonon-les-Bains,,,"https://www.google.com/maps/search/?api=1&query=46.365846,6.47699",Agence Barnoud Thonon,https://www.barnoud-immobilier.fr/vente/74-haute-savoie/1-thonon-les-bains/2-appartement/t2/9852-appartement-a-vendre-dernier-etage-a-thonon-les-bains/,,,,"14 Chemin du Martinet, 74200 Thonon-les-Bains",50.0,1064.0,3.0,48.91,,,2.18,,habitavel
apartamento,Thonon-les-Bains,,,"https://www.google.com/maps/search/?api=1&query=46.365846,6.47699",Agence Barnoud Thonon,https://www.barnoud-immobilier.fr/vente/74-haute-savoie/1-thonon-les-bains/2-appartement/t2/11274-appartement-t2-51-15m/,,,,"14 Chemin du Martinet, 74200 Thonon-les-Bains",50.0,1064.0,3.0,51.15,,,2.25,,habitavel
apartamento,Thonon-les-Bains,,,"https://www.google.com/maps/search/?api=1&query=46.366354,6.490098",Laforêt Thonon-Évian,https://www.laforet.com/agence-immobiliere/thonon-evian/acheter/thonon-les-bains/appartement-2-pieces-52196779,,,True,"36 Avenue de l’Ermitage, 74200 Thonon-les-Bains",45.0,8402.0,2.0,45.0,,2.0,0.0,,habitavel
apartamento,Thonon-les-Bains,,,"https://www.google.com/maps/search/?api=1&query=46.366354,6.490098",Leman Property Thonon,https://www.leman-property.com/vente/appartement/thonon-les-bains/en-exclusivite-t2-rez-de-jardin-thonon-st-disdille/,,,,"36 Avenue de l’Ermitage, 74200 Thonon-les-Bains",45.0,8402.0,2.0,44.0,,,2.22,,habitavel
apartamento,Thonon-les-Bains,,,"https://www.google.com/maps/search/?api=1&query=46.366354,6.490098",A&P Immobilier,https://www.immobilierapi.com/vente/1-thonon-les-bains/appartement/t2/853-thonon-les-bains-a-vendre-appartement-en-plateau-brut-a-amenager-parking-et-cave-thonon-ouest/,,,True,"36 Avenue de l’Ermitage, 74200 Thonon-les-Bains",45.0,8402.0,2.0,44.3,,2.0,1.56,,habitavel
apartamento,Thonon-les-Bains,,,"https://www.google.com/maps/search/?api=1&query=46.366354,6.490098",Poirier Immobilier Thonon,https://www.poirier-immobilier.com/vente/6-thonon-les-bains/appartement/2317-a-decouvrir-appartement-t2-avec-fort-potentiel-a-rafraichir-selon-vos-envies,,,True,"36 Avenue de l’Ermitage, 74200 Thonon-les-Bains",45.0,8402.0,2.0,44.78,,2.0,0.49,,habitavel
apartamento,Thonon-les-Bains,,,"https://www.google.com/maps/search/?api=1&query=46.366354,6.490098",Agence Barnoud Thonon,https://www.barnoud-immobilier.fr/vente/74-haute-savoie/1-thonon-les-bains/2-appartement/t2/11354-appartement-de-type-2-a-vendre-a-thonon-les-bains/,,,,"36 Avenue de l’Ermitage, 74200 Thonon-les-Bains",45.0,8402.0,2.0,46.0,,,2.17,,habitavel
apartamento,Thonon-les-Bains,,,"https://www.google.com/maps/search/?api=1&query=46.381836,6.491679",Agence Barnoud Thonon,https://www.barnoud-immobilier.fr/vente/74-haute-savoie/1-thonon-les-bains/2-appartement/t2/10682-rez-jardin-17-54m-au-calme-t2-52m/,,,,"13 Impasse de la Combe, 74200 Thonon-les-Bains",52.0,600.0,2.0,52.04,,,0.08,,habitavel
apartamento,Thonon-les-Bains,,,"https://www.google.com/maps/search/?api=1&query=46.381836,6.491679",Agence Barnoud Thonon,https://www.barnoud-immobilier.fr/vente/74-haute-savoie/1-thonon-les-bains/2-appartement/t2/11274-appartement-t2-51-15m/,,,,"13 Impasse de la Combe, 74200 Thonon-les-Bains",52.0,600.0,2.0,51.15,,,1.63,,habitavel
apartamento,Thonon-les-Bains,,,"https://www.google.com/maps/search/?api=1&query=46.370755,6.478966",Laforêt Thonon-Évian,https://www.laforet.com/agence-immobiliere/thonon-evian/acheter/thonon-les-bains/appartement-4-pieces-21989784,,,True,"10 Grande Rue, 74200 Thonon-les-Bains",88.0,113.0,4.0,87.0,241.0,4.0,1.14,,habitavel
apartamento,Thonon-les-Bains,,,"https://www.google.com/maps/search/?api=1&query=46.370755,6.478966",Christelle Vannier Immobilier,https://cvannier-immobilier.com/fr/propriete/vente+appartement+thonon-les-bains+appartement-t4-en-attique-residence-neuve+86566650,,,True,"10 Grande Rue, 74200 Thonon-les-Bains",88.0,113.0,4.0,87.33,,4.0,0.76,,habitavel
apartamento,Thonon-les-Bains,,,"https://www.google.com/maps/search/?api=1&query=46.370755,6.478966",Christelle Vannier Immobilier,https://cvannier-immobilier.com/fr/propriete/vente+appartement+thonon-les-bains+appartement-t4-thonon-les-bains-concise+87257451,,,True,"10 Grande Rue, 74200 Thonon-les-Bains",88.0,113.0,4.0,85.92,,4.0,2.36,,habitavel
apartamento,Thonon-les-Bains,,,"https://www.google.com/maps/search/?api=1&query=46.369611,6.47588",Laforêt Thonon-Évian,https://www.laforet.com/agence-immobiliere/thonon-evian/acheter/thonon-les-bains/appartement-3-pieces-52196898,,,True,"13 Avenue du Général de Gaulle, 74200 Thonon-les-Bains",67.0,465.0,3.0,68.0,,3.0,1.47,,habitavel
apartamento,Thonon-les-Bains,,,"https://www.google.com/maps/search/?api=1&query=46.369611,6.47588",Laforêt Thonon-Évian,https://www.laforet.com/agence-immobiliere/thonon-evian/acheter/thonon-les-bains/appartement-3-pieces-52232506,,,True,"13 Avenue du Général de Gaulle, 74200 Thonon-les-Bains",67.0,465.0,3.0,68.0,,3.0,1.47,,habitavel
apartamento,Thonon-les-Bains,,,"https://www.google.com/maps/search/?api=1&query=46.369611,6.47588",CENTURY 21 Chablais-Léman Thonon,https://www.century21-chablais-leman-thonon.com/trouver_logement/detail/15273893649/,,,True,"13 Avenue du Général de Gaulle, 74200 Thonon-les-Bains",67.0,465.0,3.0,68.0,,3.0,1.47,,habitavel
apartamento,Thonon-les-Bains,,,"https://www.google.com/maps/search/?api=1&query=46.369611,6.47588",CENTURY 21 Chablais-Léman Thonon,https://www.century21-chablais-leman-thonon.com/trouver_logement/detail/15273884285/,,,True,"13 Avenue du Général de Gaulle, 74200 Thonon-les-Bains",67.0,465.0,3.0,68.0,,3.0,1.47,,habitavel
apartamento,Thonon-les-Bains,,,"https://www.google.com/maps/search/?api=1&query=46.369611,6.47588",Agence Lehmann,https://lehmann-immo.com/fr/propriete/vente+appartement+thonon-les-bains+appartement-moderne-t3-a-thonon-les-bains+87100377,,,,"13 Avenue du Général de Gaulle, 74200 Thonon-les-Bains",67.0,465.0,3.0,66.44,,,0.84,,habitavel
apartamento,Thonon-les-Bains,,,"https://www.google.com/maps/search/?api=1&query=46.369611,6.47588",CENTURY 21 Chablais-Léman Thonon,https://www.century21-chablais-leman-thonon.com/trouver_logement/detail/15273980963/,,,True,"13 Avenue du Général de Gaulle, 74200 Thonon-les-Bains",67.0,465.0,3.0,68.0,,3.0,1.47,,habitavel
apartamento,Thonon-les-Bains,,,"https://www.google.com/maps/search/?api=1&query=46.369611,6.47588",Agence Lehmann,https://lehmann-immo.com/fr/propriete/vente+appartement+thonon-les-bains+bel-appartement-3-pieces-moderne-a-thonon-les-bains+87095945,,,True,"13 Avenue du Général de Gaulle, 74200 Thonon-les-Bains",67.0,465.0,3.0,66.53,,3.0,0.7,,habitavel
apartamento,Thonon-les-Bains,,,"https://www.google.com/maps/search/?api=1&query=46.369611,6.47588",Christelle Vannier Immobilier,https://cvannier-immobilier.com/fr/propriete/vente+appartement+thonon-les-bains+exclusivite-t3-en-rez-de-jardin-avec-garage+87300076,,,True,"13 Avenue du Général de Gaulle, 74200 Thonon-les-Bains",67.0,465.0,3.0,65.42,,3.0,2.36,,habitavel
apartamento,Thonon-les-Bains,,,"https://www.google.com/maps/search/?api=1&query=46.369611,6.47588",A&P Immobilier,https://www.immobilierapi.com/vente/1-thonon-les-bains/appartement/t3/864-thonon-les-bains-magnifique-appartement-t3-en-centre-au-calme-a-saisir/,,,True,"13 Avenue du Général de Gaulle, 74200 Thonon-les-Bains",67.0,465.0,3.0,68.0,,3.0,1.47,,habitavel
apartamento,Thonon-les-Bains,,,"https://www.google.com/maps/search/?api=1&query=46.369611,6.47588",Christelle Vannier Immobilier,https://cvannier-immobilier.com/fr/propriete/vente+appartement+thonon-les-bains+appartement-de-type-3-a-thonon-les-bains+85757383,,,True,"13 Avenue du Général de Gaulle, 74200 Thonon-les-Bains",67.0,465.0,3.0,66.0,,3.0,1.49,,habitavel
apartamento,Thonon-les-Bains,,,"https://www.google.com/maps/search/?api=1&query=46.369611,6.47588",Laforêt Thonon-Évian,https://www.laforet.com/agence-immobiliere/thonon-evian/acheter/thonon-les-bains/appartement-3-pieces-52232515,,,True,"13 Avenue du Général de Gaulle, 74200 Thonon-les-Bains",67.0,465.0,3.0,68.0,,3.0,1.47,,habitavel
apartamento,Thonon-les-Bains,,,"https://www.google.com/maps/search/?api=1&query=46.369611,6.47588",Poirier Immobilier Thonon,https://www.poirier-immobilier.com/vente/6-thonon-les-bains/appartement/2467-bel-appartement-de-type-3-a-proximite-immediate-du-centre-ville,,,True,"13 Avenue du Général de Gaulle, 74200 Thonon-les-Bains",67.0,465.0,3.0,67.05,,3.0,0.07,,habitavel
apartamento,Thonon-les-Bains,,,"https://www.google.com/maps/search/?api=1&query=46.366353,6.472835",Agence Lehmann,https://lehmann-immo.com/fr/propriete/vente+appartement+thonon-les-bains+appartement-moderne-t3-a-thonon-les-bains+87100377,,,,"6 Rue Alexandre Gander, 74200 Thonon-les-Bains",68.0,397.0,2.0,66.44,,,2.29,,habitavel
apartamento,Thonon-les-Bains,,,"https://www.google.com/maps/search/?api=1&query=46.366353,6.472835",Agence Barnoud Thonon,https://www.barnoud-immobilier.fr/vente/74-haute-savoie/1-thonon-les-bains/2-appartement/t3/9917-a-thonon-les-bains-appartement-a-acheter-avec-2-chambres/,,,,"6 Rue Alexandre Gander, 74200 Thonon-les-Bains",68.0,397.0,2.0,69.52,,,2.19,,habitavel
apartamento,Thonon-les-Bains,,,"https://www.google.com/maps/search/?api=1&query=46.385608,6.498359",CENTURY 21 Chablais-Léman Thonon,https://www.century21-chablais-leman-thonon.com/trouver_logement/detail/16350251916/,,,True,"4 Avenue du Champ Bochard, 74200 Thonon-les-Bains",61.0,1025.0,3.0,60.0,,3.0,1.64,,habitavel
apartamento,Thonon-les-Bains,,,"https://www.google.com/maps/search/?api=1&query=46.385608,6.498359",Agence Lehmann,https://lehmann-immo.com/fr/propriete/vente+appartement+thonon-les-bains+87286557,,,,"4 Avenue du Champ Bochard, 74200 Thonon-les-Bains",61.0,1025.0,3.0,61.22,,,0.36,,habitavel
apartamento,Thonon-les-Bains,,,"https://www.google.com/maps/search/?api=1&query=46.385608,6.498359",Christelle Vannier Immobilier,https://cvannier-immobilier.com/fr/propriete/vente+appartement+thonon-les-bains+appartement-t3-thonon-centre-ville+85078596,,,True,"4 Avenue du Champ Bochard, 74200 Thonon-les-Bains",61.0,1025.0,3.0,62.0,,3.0,1.61,,habitavel
apartamento,Thonon-les-Bains,,,"https://www.google.com/maps/search/?api=1&query=46.363501,6.464493",CENTURY 21 Chablais-Léman Thonon,https://www.century21-chablais-leman-thonon.com/trouver_logement/detail/16350251916/,,,True,"7 Avenue de la Grangette, 74200 Thonon-les-Bains",61.0,821.0,3.0,60.0,,3.0,1.64,,habitavel
apartamento,Thonon-les-Bains,,,"https://www.google.com/maps/search/?api=1&query=46.363501,6.464493",Agence Lehmann,https://lehmann-immo.com/fr/propriete/vente+appartement+thonon-les-bains+87286557,,,,"7 Avenue de la Grangette, 74200 Thonon-les-Bains",61.0,821.0,3.0,61.22,,,0.36,,habitavel
apartamento,Thonon-les-Bains,,,"https://www.google.com/maps/search/?api=1&query=46.363501,6.464493",Christelle Vannier Immobilier,https://cvannier-immobilier.com/fr/propriete/vente+appartement+thonon-les-bains+appartement-t3-thonon-centre-ville+85078596,,,True,"7 Avenue de la Grangette, 74200 Thonon-les-Bains",61.0,821.0,3.0,62.0,,3.0,1.61,,habitavel
apartamento,Évian-les-Bains,,,"https://www.google.com/maps/search/?api=1&query=46.40263,6.610214",Nestenn Évian,https://immobilier-evian-les-bains.nestenn.com/avant-premiere-residence-alvea-a-evian-les-bains-ref-39323972,,,True,"37 Avenue De Grande - Rive - Rd 1005, 74500 Évian-les-Bains",91.0,480.0,4.0,89.0,,4.0,2.2,,habitavel
apartamento,Évian-les-Bains,,,"https://www.google.com/maps/search/?api=1&query=46.402729,6.610291",Nestenn Évian,https://immobilier-evian-les-bains.nestenn.com/avant-premiere-residence-alvea-a-evian-les-bains-ref-39323972,,,True,"12 Avenue De Grande - Rive - Rd 1005, 74500 Évian-les-Bains",91.0,184.0,4.0,89.0,,4.0,2.2,,habitavel
apartamento,Thonon-les-Bains,,,"https://www.google.com/maps/search/?api=1&query=46.366295,6.47267",Agence Lehmann,https://lehmann-immo.com/fr/propriete/vente+appartement+thonon-les-bains+appartement-moderne-t3-a-thonon-les-bains+87100377,,,,"8 Rue Alexandre Gander, 74200 Thonon-les-Bains",68.0,521.0,2.0,66.44,,,2.29,,habitavel
apartamento,Thonon-les-Bains,,,"https://www.google.com/maps/search/?api=1&query=46.366295,6.47267",Agence Barnoud Thonon,https://www.barnoud-immobilier.fr/vente/74-haute-savoie/1-thonon-les-bains/2-appartement/t3/9917-a-thonon-les-bains-appartement-a-acheter-avec-2-chambres/,,,,"8 Rue Alexandre Gander, 74200 Thonon-les-Bains",68.0,521.0,2.0,69.52,,,2.19,,habitavel
apartamento,Évian-les-Bains,,,"https://www.google.com/maps/search/?api=1&query=46.400105,6.599412",Agence Barnoud Évian,https://www.barnoud-immobilier.fr/vente/74-haute-savoie/2-evian-les-bains/4-studio/9473-dernier-etage-vue-lac-studio-avec-beaucoup-de-charme/,,,,"8 Avenue Des Grottes, 74500 Évian-les-Bains",44.0,702.0,2.0,43.88,,,0.27,,habitavel
apartamento,Thonon-les-Bains,,,"https://www.google.com/maps/search/?api=1&query=46.370802,6.479097",Laforêt Thonon-Évian,https://www.laforet.com/agence-immobiliere/thonon-evian/acheter/thonon-les-bains/appartement-4-pieces-21989784,,,True,"25 Grande Rue, 74200 Thonon-les-Bains",88.0,261.0,4.0,87.0,241.0,4.0,1.14,,habitavel
apartamento,Thonon-les-Bains,,,"https://www.google.com/maps/search/?api=1&query=46.370802,6.479097",Christelle Vannier Immobilier,https://cvannier-immobilier.com/fr/propriete/vente+appartement+thonon-les-bains+appartement-t4-en-attique-residence-neuve+86566650,,,True,"25 Grande Rue, 74200 Thonon-les-Bains",88.0,261.0,4.0,87.33,,4.0,0.76,,habitavel
apartamento,Thonon-les-Bains,,,"https://www.google.com/maps/search/?api=1&query=46.370802,6.479097",Christelle Vannier Immobilier,https://cvannier-immobilier.com/fr/propriete/vente+appartement+thonon-les-bains+appartement-t4-thonon-les-bains-concise+87257451,,,True,"25 Grande Rue, 74200 Thonon-les-Bains",88.0,261.0,4.0,85.92,,4.0,2.36,,habitavel
apartamento,Thonon-les-Bains,,,"https://www.google.com/maps/search/?api=1&query=46.366149,6.47706",Agence Lehmann,https://lehmann-immo.com/fr/propriete/vente+appartement+thonon-les-bains+bel-appartement-4-pieces-avec-jardin-a-thonon-les-bains+87306178,,,True,"3 Chemin du Martinet, 74200 Thonon-les-Bains",84.0,430.0,4.0,82.0,,4.0,2.38,,habitavel
apartamento,Thonon-les-Bains,,,"https://www.google.com/maps/search/?api=1&query=46.366149,6.47706",Christelle Vannier Immobilier,https://cvannier-immobilier.com/fr/propriete/vente+appartement+thonon-les-bains+exclusivite-nouveaute-t4-avec-jardin-garage-et-cave+87049047,,,True,"3 Chemin du Martinet, 74200 Thonon-les-Bains",84.0,430.0,4.0,83.8,,4.0,0.24,,habitavel
apartamento,Thonon-les-Bains,,,"https://www.google.com/maps/search/?api=1&query=46.366149,6.47706",Laforêt Thonon-Évian,https://www.laforet.com/agence-immobiliere/thonon-evian/acheter/thonon-les-bains/appartement-4-pieces-52648362,,,True,"3 Chemin du Martinet, 74200 Thonon-les-Bains",84.0,430.0,4.0,84.0,,4.0,0.0,,habitavel
apartamento,Thonon-les-Bains,,,"https://www.google.com/maps/search/?api=1&query=46.366149,6.47706",Christelle Vannier Immobilier,https://cvannier-immobilier.com/fr/propriete/vente+appartement+thonon-les-bains+appartement-t4-thonon-les-bains-concise+87257451,,,True,"3 Chemin du Martinet, 74200 Thonon-les-Bains",84.0,430.0,4.0,85.92,,4.0,2.23,,habitavel
apartamento,Thonon-les-Bains,,,"https://www.google.com/maps/search/?api=1&query=46.366149,6.47706",Christelle Vannier Immobilier,https://cvannier-immobilier.com/fr/propriete/vente+appartement+thonon-les-bains+appartement-de-type-4-avec-2-places-de-parking-en-sous-sol+86648754,,,True,"3 Chemin du Martinet, 74200 Thonon-les-Bains",84.0,430.0,4.0,83.55,,4.0,0.54,,habitavel
apartamento,Thonon-les-Bains,,,"https://www.google.com/maps/search/?api=1&query=46.372915,6.48042",Dupraz Immobilier Thonon,https://www.dupraz-immobilier.com/ville_bien/fiches/3-33-29_60896304/t3-de-76-m2-avec-terrasse-de-25-m2-garage-cave-et-stationnement.html,,,,"28 Rue des Granges, 74200 Thonon-les-Bains",77.0,4344.0,4.0,76.0,,,1.3,,habitavel
apartamento,Thonon-les-Bains,,,"https://www.google.com/maps/search/?api=1&query=46.372865,6.480444",Dupraz Immobilier Thonon,https://www.dupraz-immobilier.com/ville_bien/fiches/3-33-29_60896304/t3-de-76-m2-avec-terrasse-de-25-m2-garage-cave-et-stationnement.html,,,,"26 Rue des Granges, 74200 Thonon-les-Bains",77.0,4344.0,4.0,76.0,,,1.3,,habitavel
apartamento,Thonon-les-Bains,,,"https://www.google.com/maps/search/?api=1&query=46.372225,6.490799",CENTURY 21 Chablais-Léman Thonon,https://www.century21-chablais-leman-thonon.com/trouver_logement/detail/16350251916/,,,True,"12 Chemin de la Mouche, 74200 Thonon-les-Bains",60.0,980.0,3.0,60.0,,3.0,0.0,,habitavel
apartamento,Thonon-les-Bains,,,"https://www.google.com/maps/search/?api=1&query=46.372225,6.490799",Agence Lehmann,https://lehmann-immo.com/fr/propriete/vente+appartement+thonon-les-bains+87286557,,,,"12 Chemin de la Mouche, 74200 Thonon-les-Bains",60.0,980.0,3.0,61.22,,,1.99,,habitavel
apartamento,Évian-les-Bains,,,"https://www.google.com/maps/search/?api=1&query=46.394426,6.583472",Leman Property Évian,https://www.leman-property.com/vente/appartement/evian-les-bains/appartement-4-pieces-a-evian-les-bains-charme-et-confort-au-coeur-de-la-ville/,,,,"12 Route Nouvelle Du Stade, 74500 Évian-les-Bains",80.0,1236.0,4.0,82.0,,,2.44,,habitavel
apartamento,Évian-les-Bains,,,"https://www.google.com/maps/search/?api=1&query=46.394426,6.583472",Leman Property Évian,https://www.leman-property.com/vente/appartement/evian-les-bains/maison-mitoyenne-80-m2/,,,,"12 Route Nouvelle Du Stade, 74500 Évian-les-Bains",80.0,1236.0,4.0,81.0,,,1.23,,habitavel
apartamento,Thonon-les-Bains,,,"https://www.google.com/maps/search/?api=1&query=46.367849,6.477019",Agence Barnoud Thonon,https://www.barnoud-immobilier.fr/vente/74-haute-savoie/1-thonon-les-bains/2-appartement/t4/9874-thonon-appartement-t4/,,,,"13 Rue des Italiens, 74200 Thonon-les-Bains",73.0,2450.0,5.0,71.85,,,1.58,,habitavel
apartamento,Thonon-les-Bains,,,"https://www.google.com/maps/search/?api=1&query=46.362291,6.463951",Laforêt Thonon-Évian,https://www.laforet.com/agence-immobiliere/thonon-evian/acheter/thonon-les-bains/appartement-4-pieces-21989784,,,True,"9 Chemin de Morcy, 74200 Thonon-les-Bains",85.0,1445.0,4.0,87.0,241.0,4.0,2.3,,habitavel
apartamento,Thonon-les-Bains,,,"https://www.google.com/maps/search/?api=1&query=46.362291,6.463951",Christelle Vannier Immobilier,https://cvannier-immobilier.com/fr/propriete/vente+appartement+thonon-les-bains+exclusivite-nouveaute-t4-avec-jardin-garage-et-cave+87049047,,,True,"9 Chemin de Morcy, 74200 Thonon-les-Bains",85.0,1445.0,4.0,83.8,,4.0,1.41,,habitavel
apartamento,Thonon-les-Bains,,,"https://www.google.com/maps/search/?api=1&query=46.362291,6.463951",Laforêt Thonon-Évian,https://www.laforet.com/agence-immobiliere/thonon-evian/acheter/thonon-les-bains/appartement-4-pieces-52648362,,,True,"9 Chemin de Morcy, 74200 Thonon-les-Bains",85.0,1445.0,4.0,84.0,,4.0,1.18,,habitavel
apartamento,Thonon-les-Bains,,,"https://www.google.com/maps/search/?api=1&query=46.362291,6.463951",Christelle Vannier Immobilier,https://cvannier-immobilier.com/fr/propriete/vente+appartement+thonon-les-bains+appartement-t4-thonon-les-bains-concise+87257451,,,True,"9 Chemin de Morcy, 74200 Thonon-les-Bains",85.0,1445.0,4.0,85.92,,4.0,1.07,,habitavel
apartamento,Thonon-les-Bains,,,"https://www.google.com/maps/search/?api=1&query=46.362291,6.463951",Christelle Vannier Immobilier,https://cvannier-immobilier.com/fr/propriete/vente+appartement+thonon-les-bains+appartement-de-type-4-avec-2-places-de-parking-en-sous-sol+86648754,,,True,"9 Chemin de Morcy, 74200 Thonon-les-Bains",85.0,1445.0,4.0,83.55,,4.0,1.71,,habitavel
apartamento,Évian-les-Bains,,,"https://www.google.com/maps/search/?api=1&query=46.400473,6.591266",Leman Property Évian,https://www.leman-property.com/vente/appartement/evian-les-bains/appartement-4-pieces-avec-jardin-a-neuvecelle/,,,,"2 Place Du Docteur Jean Bernex, 74500 Évian-les-Bains",85.0,76.0,4.0,84.0,,,1.18,,habitavel
apartamento,Évian-les-Bains,,,"https://www.google.com/maps/search/?api=1&query=46.400527,6.591268",Leman Property Évian,https://www.leman-property.com/vente/appartement/evian-les-bains/appartement-4-pieces-avec-jardin-a-neuvecelle/,,,,"4 Place Du Docteur Jean Bernex, 74500 Évian-les-Bains",85.0,105.0,4.0,84.0,,,1.18,,habitavel
apartamento,Thonon-les-Bains,,,"https://www.google.com/maps/search/?api=1&query=46.370542,6.486061",Laforêt Thonon-Évian,https://www.laforet.com/agence-immobiliere/thonon-evian/acheter/thonon-les-bains/appartement-3-pieces-52703873,,,True,"10 Avenue des Vallées, 74200 Thonon-les-Bains",75.0,282.0,3.0,75.0,,3.0,0.0,,habitavel
apartamento,Thonon-les-Bains,,,"https://www.google.com/maps/search/?api=1&query=46.370542,6.486061",Laforêt Thonon-Évian,https://www.laforet.com/agence-immobiliere/thonon-evian/acheter/thonon-les-bains/appartement-3-pieces-52584814,,,True,"10 Avenue des Vallées, 74200 Thonon-les-Bains",75.0,282.0,3.0,76.0,,3.0,1.32,,habitavel
apartamento,Thonon-les-Bains,,,"https://www.google.com/maps/search/?api=1&query=46.370542,6.486061",Dupraz Immobilier Thonon,https://www.dupraz-immobilier.com/ville_bien/fiches/3-33-29_60896304/t3-de-76-m2-avec-terrasse-de-25-m2-garage-cave-et-stationnement.html,,,,"10 Avenue des Vallées, 74200 Thonon-les-Bains",75.0,282.0,3.0,76.0,,,1.32,,habitavel
apartamento,Thonon-les-Bains,,,"https://www.google.com/maps/search/?api=1&query=46.370542,6.486061",Laforêt Thonon-Évian,https://www.laforet.com/agence-immobiliere/thonon-evian/acheter/thonon-les-bains/appartement-3-pieces-52402655,,,True,"10 Avenue des Vallées, 74200 Thonon-les-Bains",75.0,282.0,3.0,75.0,,3.0,0.0,,habitavel
apartamento,Thonon-les-Bains,,,"https://www.google.com/maps/search/?api=1&query=46.370542,6.486061",Poirier Immobilier Thonon,https://www.poirier-immobilier.com/vente/6-thonon-les-bains/appartement/2456-spacieux-appartement-de-type-3-avec-garage-proche-centre-ville,,,True,"10 Avenue des Vallées, 74200 Thonon-les-Bains",75.0,282.0,3.0,76.12,,3.0,1.47,,habitavel
apartamento,Thonon-les-Bains,,,"https://www.google.com/maps/search/?api=1&query=46.364712,6.476469",Laforêt Thonon-Évian,https://www.laforet.com/agence-immobiliere/thonon-evian/acheter/thonon-les-bains/appartement-2-pieces-52534317,,,True,"22 Chemin du Martinet, 74200 Thonon-les-Bains",41.0,1020.0,2.0,40.0,,2.0,2.44,,habitavel
apartamento,Thonon-les-Bains,,,"https://www.google.com/maps/search/?api=1&query=46.364712,6.476469",Leman Property Thonon,https://www.leman-property.com/vente/appartement/thonon-les-bains/thonon-les-bains-t2-duplex-renove-vue-lac/,,,,"22 Chemin du Martinet, 74200 Thonon-les-Bains",41.0,1020.0,2.0,40.0,,,2.44,,habitavel
apartamento,Thonon-les-Bains,,,"https://www.google.com/maps/search/?api=1&query=46.364712,6.476469",Christelle Vannier Immobilier,https://cvannier-immobilier.com/fr/propriete/vente+appartement+thonon-les-bains+exclusivite-appartement-de-type-2-avec-cave+86737083,,,True,"22 Chemin du Martinet, 74200 Thonon-les-Bains",41.0,1020.0,2.0,40.0,,2.0,2.44,,habitavel
apartamento,Thonon-les-Bains,,,"https://www.google.com/maps/search/?api=1&query=46.364712,6.476469",Christelle Vannier Immobilier,https://cvannier-immobilier.com/fr/propriete/vente+appartement+thonon-les-bains+appartement-t2-thonon-les-bains+86380593,,,True,"22 Chemin du Martinet, 74200 Thonon-les-Bains",41.0,1020.0,2.0,40.25,,2.0,1.83,,habitavel
apartamento,Évian-les-Bains,,,"https://www.google.com/maps/search/?api=1&query=46.399147,6.588041",Leman Property Évian,https://www.leman-property.com/vente/appartement/evian-les-bains/appartement-4-pieces-a-evian-les-bains-charme-et-confort-au-coeur-de-la-ville/,,,,"41 Boulevard Jean Jaures, 74500 Évian-les-Bains",80.0,705.0,3.0,82.0,,,2.44,,habitavel
apartamento,Évian-les-Bains,,,"https://www.google.com/maps/search/?api=1&query=46.399147,6.588041",Leman Property Évian,https://www.leman-property.com/vente/appartement/evian-les-bains/maison-mitoyenne-80-m2/,,,,"41 Boulevard Jean Jaures, 74500 Évian-les-Bains",80.0,705.0,3.0,81.0,,,1.23,,habitavel
apartamento,Évian-les-Bains,,,"https://www.google.com/maps/search/?api=1&query=46.399147,6.588041",Poirier Immobilier Évian,https://www.poirier-immobilier.com/vente/5-evian-les-bains/appartement/1933-appartement-3-pieces-a-evian-les-bains-avec-balcons-et-garage,,,True,"41 Boulevard Jean Jaures, 74500 Évian-les-Bains",80.0,705.0,3.0,78.09,,3.0,2.39,,habitavel
apartamento,Thonon-les-Bains,,,"https://www.google.com/maps/search/?api=1&query=46.374931,6.49329",Leman Property Thonon,https://www.leman-property.com/vente/appartement/thonon-les-bains/en-exclusivite-t2-rez-de-jardin-thonon-st-disdille/,,,,"16 Avenue du Châtelard, 74200 Thonon-les-Bains",43.0,297.0,2.0,44.0,,,2.27,,habitavel
apartamento,Thonon-les-Bains,,,"https://www.google.com/maps/search/?api=1&query=46.374931,6.49329",Agence Lehmann,https://lehmann-immo.com/fr/propriete/vente+appartement+thonon-les-bains+appartement-moderne-t2-a-thonon-les-bains+87095867,,,,"16 Avenue du Châtelard, 74200 Thonon-les-Bains",43.0,297.0,2.0,42.39,,,1.42,,habitavel
apartamento,Thonon-les-Bains,,,"https://www.google.com/maps/search/?api=1&query=46.374931,6.49329",Christelle Vannier Immobilier,https://cvannier-immobilier.com/fr/propriete/vente+appartement+thonon-les-bains+exclusivite-t2-centre-ville-thonon-les-bains+86925991,,,True,"16 Avenue du Châtelard, 74200 Thonon-les-Bains",43.0,297.0,2.0,43.6,,2.0,1.38,,habitavel
apartamento,Thonon-les-Bains,,,"https://www.google.com/maps/search/?api=1&query=46.370555,6.485866",Laforêt Thonon-Évian,https://www.laforet.com/agence-immobiliere/thonon-evian/acheter/thonon-les-bains/appartement-3-pieces-52703873,,,True,"8 Avenue des Vallées, 74200 Thonon-les-Bains",75.0,447.0,3.0,75.0,,3.0,0.0,,habitavel
apartamento,Thonon-les-Bains,,,"https://www.google.com/maps/search/?api=1&query=46.370555,6.485866",Laforêt Thonon-Évian,https://www.laforet.com/agence-immobiliere/thonon-evian/acheter/thonon-les-bains/appartement-3-pieces-52584814,,,True,"8 Avenue des Vallées, 74200 Thonon-les-Bains",75.0,447.0,3.0,76.0,,3.0,1.32,,habitavel
apartamento,Thonon-les-Bains,,,"https://www.google.com/maps/search/?api=1&query=46.370555,6.485866",Dupraz Immobilier Thonon,https://www.dupraz-immobilier.com/ville_bien/fiches/3-33-29_60896304/t3-de-76-m2-avec-terrasse-de-25-m2-garage-cave-et-stationnement.html,,,,"8 Avenue des Vallées, 74200 Thonon-les-Bains",75.0,447.0,3.0,76.0,,,1.32,,habitavel
apartamento,Thonon-les-Bains,,,"https://www.google.com/maps/search/?api=1&query=46.370555,6.485866",Laforêt Thonon-Évian,https://www.laforet.com/agence-immobiliere/thonon-evian/acheter/thonon-les-bains/appartement-3-pieces-52402655,,,True,"8 Avenue des Vallées, 74200 Thonon-les-Bains",75.0,447.0,3.0,75.0,,3.0,0.0,,habitavel
apartamento,Thonon-les-Bains,,,"https://www.google.com/maps/search/?api=1&query=46.370555,6.485866",Poirier Immobilier Thonon,https://www.poirier-immobilier.com/vente/6-thonon-les-bains/appartement/2456-spacieux-appartement-de-type-3-avec-garage-proche-centre-ville,,,True,"8 Avenue des Vallées, 74200 Thonon-les-Bains",75.0,447.0,3.0,76.12,,3.0,1.47,,habitavel
apartamento,Thonon-les-Bains,,,"https://www.google.com/maps/search/?api=1&query=46.371699,6.479738",Dupraz Immobilier Thonon,https://www.dupraz-immobilier.com/ville_bien/fiches/3-33-29_60896304/t3-de-76-m2-avec-terrasse-de-25-m2-garage-cave-et-stationnement.html,,,,"3 Rue Saint-Sébastien, 74200 Thonon-les-Bains",75.0,77.0,2.0,76.0,,,1.32,,habitavel
apartamento,Thonon-les-Bains,,,"https://www.google.com/maps/search/?api=1&query=46.37296,6.478332",Cabinet Greneche,https://grenecheimmo.fr/fr/propriete/vente+appartement+thonon-les-bains+appartement-t4-neuf+86974022,,,,"7 Place de l’Hôtel de Ville, 74200 Thonon-les-Bains",111.0,325.0,6.0,109.93,,,0.96,,habitavel
apartamento,Évian-les-Bains,,,"https://www.google.com/maps/search/?api=1&query=46.396961,6.582829",Agence Barnoud Évian,https://www.barnoud-immobilier.fr/vente/74-haute-savoie/2-evian-les-bains/2-appartement/t3/11190-proche-lac-et-centre-ville-pour-ce-t3/,,,,"19 Avenue Des Memises, 74500 Évian-les-Bains",66.0,197.0,3.0,67.5,,,2.22,,habitavel
apartamento,Évian-les-Bains,,,"https://www.google.com/maps/search/?api=1&query=46.396961,6.582829",Cabinet Greneche,https://grenecheimmo.fr/fr/propriete/vente+appartement+evian-les-bains+appartement-t3-evian-les-bains-proche-embarcadere+87280471,,,,"19 Avenue Des Memises, 74500 Évian-les-Bains",66.0,197.0,3.0,67.0,,,1.49,,habitavel
apartamento,Évian-les-Bains,,,"https://www.google.com/maps/search/?api=1&query=46.402798,6.610606",Nestenn Évian,https://immobilier-evian-les-bains.nestenn.com/avant-premiere-residence-alvea-a-evian-les-bains-ref-39323972,,,True,"10 Avenue De Grande - Rive - Rd 1005, 74500 Évian-les-Bains",91.0,865.0,4.0,89.0,,4.0,2.2,,habitavel
apartamento,Thonon-les-Bains,,,"https://www.google.com/maps/search/?api=1&query=46.368799,6.477138",Agence Lehmann,https://lehmann-immo.com/fr/propriete/vente+appartement+thonon-les-bains+appartement-moderne-t3-a-thonon-les-bains+87100377,,,,"10 Boulevard du Général Dessaix, 74200 Thonon-les-Bains",67.0,67.0,2.0,66.44,,,0.84,,habitavel
apartamento,Thonon-les-Bains,,,"https://www.google.com/maps/search/?api=1&query=46.363379,6.477115",Laforêt Thonon-Évian,https://www.laforet.com/agence-immobiliere/thonon-evian/acheter/thonon-les-bains/appartement-4-pieces-21989784,,,True,"8 Impasse des Acacias, 74200 Thonon-les-Bains",87.0,1327.0,4.0,87.0,241.0,4.0,0.0,,habitavel
apartamento,Thonon-les-Bains,,,"https://www.google.com/maps/search/?api=1&query=46.363379,6.477115",Christelle Vannier Immobilier,https://cvannier-immobilier.com/fr/propriete/vente+appartement+thonon-les-bains+appartement-t4-en-attique-residence-neuve+86566650,,,True,"8 Impasse des Acacias, 74200 Thonon-les-Bains",87.0,1327.0,4.0,87.33,,4.0,0.38,,habitavel
apartamento,Thonon-les-Bains,,,"https://www.google.com/maps/search/?api=1&query=46.363379,6.477115",Christelle Vannier Immobilier,https://cvannier-immobilier.com/fr/propriete/vente+appartement+thonon-les-bains+appartement-t4-thonon-les-bains-concise+87257451,,,True,"8 Impasse des Acacias, 74200 Thonon-les-Bains",87.0,1327.0,4.0,85.92,,4.0,1.24,,habitavel
apartamento,Thonon-les-Bains,,,"https://www.google.com/maps/search/?api=1&query=46.36893,6.477169",Agence Lehmann,https://lehmann-immo.com/fr/propriete/vente+appartement+thonon-les-bains+appartement-moderne-t3-a-thonon-les-bains+87100377,,,,"9 Boulevard du Général Dessaix, 74200 Thonon-les-Bains",67.0,262.0,2.0,66.44,,,0.84,,habitavel
apartamento,Thonon-les-Bains,,,"https://www.google.com/maps/search/?api=1&query=46.368908,6.477049",Agence Lehmann,https://lehmann-immo.com/fr/propriete/vente+appartement+thonon-les-bains+appartement-moderne-t3-a-thonon-les-bains+87100377,,,,"11 Boulevard du Général Dessaix, 74200 Thonon-les-Bains",67.0,262.0,2.0,66.44,,,0.84,,habitavel
apartamento,Thonon-les-Bains,,,"https://www.google.com/maps/search/?api=1&query=46.364046,6.478414",Agence Lehmann,https://lehmann-immo.com/fr/propriete/vente+appartement+thonon-les-bains+appartement-moderne-t3-a-thonon-les-bains+87100377,,,,"22 Avenue des Allinges, 74200 Thonon-les-Bains",68.0,562.0,2.0,66.44,,,2.29,,habitavel
apartamento,Thonon-les-Bains,,,"https://www.google.com/maps/search/?api=1&query=46.364046,6.478414",Agence Barnoud Thonon,https://www.barnoud-immobilier.fr/vente/74-haute-savoie/1-thonon-les-bains/2-appartement/t3/9917-a-thonon-les-bains-appartement-a-acheter-avec-2-chambres/,,,,"22 Avenue des Allinges, 74200 Thonon-les-Bains",68.0,562.0,2.0,69.52,,,2.19,,habitavel
apartamento,Thonon-les-Bains,,,"https://www.google.com/maps/search/?api=1&query=46.368777,6.476994",Agence Lehmann,https://lehmann-immo.com/fr/propriete/vente+appartement+thonon-les-bains+appartement-moderne-t3-a-thonon-les-bains+87100377,,,,"12 Boulevard du Général Dessaix, 74200 Thonon-les-Bains",67.0,67.0,2.0,66.44,,,0.84,,habitavel
apartamento,Évian-les-Bains,,,"https://www.google.com/maps/search/?api=1&query=46.402593,6.610775",Nestenn Évian,https://immobilier-evian-les-bains.nestenn.com/avant-premiere-residence-alvea-a-evian-les-bains-ref-39323972,,,True,"101 Avenue Des Grottes, 74500 Évian-les-Bains",91.0,44.0,4.0,89.0,,4.0,2.2,,habitavel
apartamento,Thonon-les-Bains,,,"https://www.google.com/maps/search/?api=1&query=46.373736,6.490991",Laforêt Thonon-Évian,https://www.laforet.com/agence-immobiliere/thonon-evian/acheter/thonon-les-bains/appartement-3-pieces-52196898,,,True,"28 Avenue des Romains, 74200 Thonon-les-Bains",67.0,780.0,3.0,68.0,,3.0,1.47,,habitavel
apartamento,Thonon-les-Bains,,,"https://www.google.com/maps/search/?api=1&query=46.373736,6.490991",Laforêt Thonon-Évian,https://www.laforet.com/agence-immobiliere/thonon-evian/acheter/thonon-les-bains/appartement-3-pieces-52232506,,,True,"28 Avenue des Romains, 74200 Thonon-les-Bains",67.0,780.0,3.0,68.0,,3.0,1.47,,habitavel
apartamento,Thonon-les-Bains,,,"https://www.google.com/maps/search/?api=1&query=46.373736,6.490991",CENTURY 21 Chablais-Léman Thonon,https://www.century21-chablais-leman-thonon.com/trouver_logement/detail/15273893649/,,,True,"28 Avenue des Romains, 74200 Thonon-les-Bains",67.0,780.0,3.0,68.0,,3.0,1.47,,habitavel
apartamento,Thonon-les-Bains,,,"https://www.google.com/maps/search/?api=1&query=46.373736,6.490991",CENTURY 21 Chablais-Léman Thonon,https://www.century21-chablais-leman-thonon.com/trouver_logement/detail/15273884285/,,,True,"28 Avenue des Romains, 74200 Thonon-les-Bains",67.0,780.0,3.0,68.0,,3.0,1.47,,habitavel
apartamento,Thonon-les-Bains,,,"https://www.google.com/maps/search/?api=1&query=46.373736,6.490991",Agence Lehmann,https://lehmann-immo.com/fr/propriete/vente+appartement+thonon-les-bains+appartement-moderne-t3-a-thonon-les-bains+87100377,,,,"28 Avenue des Romains, 74200 Thonon-les-Bains",67.0,780.0,3.0,66.44,,,0.84,,habitavel
apartamento,Thonon-les-Bains,,,"https://www.google.com/maps/search/?api=1&query=46.373736,6.490991",CENTURY 21 Chablais-Léman Thonon,https://www.century21-chablais-leman-thonon.com/trouver_logement/detail/15273980963/,,,True,"28 Avenue des Romains, 74200 Thonon-les-Bains",67.0,780.0,3.0,68.0,,3.0,1.47,,habitavel
apartamento,Thonon-les-Bains,,,"https://www.google.com/maps/search/?api=1&query=46.373736,6.490991",Agence Lehmann,https://lehmann-immo.com/fr/propriete/vente+appartement+thonon-les-bains+bel-appartement-3-pieces-moderne-a-thonon-les-bains+87095945,,,True,"28 Avenue des Romains, 74200 Thonon-les-Bains",67.0,780.0,3.0,66.53,,3.0,0.7,,habitavel
apartamento,Thonon-les-Bains,,,"https://www.google.com/maps/search/?api=1&query=46.373736,6.490991",Christelle Vannier Immobilier,https://cvannier-immobilier.com/fr/propriete/vente+appartement+thonon-les-bains+exclusivite-t3-en-rez-de-jardin-avec-garage+87300076,,,True,"28 Avenue des Romains, 74200 Thonon-les-Bains",67.0,780.0,3.0,65.42,,3.0,2.36,,habitavel
apartamento,Thonon-les-Bains,,,"https://www.google.com/maps/search/?api=1&query=46.373736,6.490991",A&P Immobilier,https://www.immobilierapi.com/vente/1-thonon-les-bains/appartement/t3/864-thonon-les-bains-magnifique-appartement-t3-en-centre-au-calme-a-saisir/,,,True,"28 Avenue des Romains, 74200 Thonon-les-Bains",67.0,780.0,3.0,68.0,,3.0,1.47,,habitavel
apartamento,Thonon-les-Bains,,,"https://www.google.com/maps/search/?api=1&query=46.373736,6.490991",Christelle Vannier Immobilier,https://cvannier-immobilier.com/fr/propriete/vente+appartement+thonon-les-bains+appartement-de-type-3-a-thonon-les-bains+85757383,,,True,"28 Avenue des Romains, 74200 Thonon-les-Bains",67.0,780.0,3.0,66.0,,3.0,1.49,,habitavel
apartamento,Thonon-les-Bains,,,"https://www.google.com/maps/search/?api=1&query=46.373736,6.490991",Laforêt Thonon-Évian,https://www.laforet.com/agence-immobiliere/thonon-evian/acheter/thonon-les-bains/appartement-3-pieces-52232515,,,True,"28 Avenue des Romains, 74200 Thonon-les-Bains",67.0,780.0,3.0,68.0,,3.0,1.47,,habitavel
apartamento,Thonon-les-Bains,,,"https://www.google.com/maps/search/?api=1&query=46.373736,6.490991",Poirier Immobilier Thonon,https://www.poirier-immobilier.com/vente/6-thonon-les-bains/appartement/2467-bel-appartement-de-type-3-a-proximite-immediate-du-centre-ville,,,True,"28 Avenue des Romains, 74200 Thonon-les-Bains",67.0,780.0,3.0,67.05,,3.0,0.07,,habitavel
apartamento,Thonon-les-Bains,,,"https://www.google.com/maps/search/?api=1&query=46.366995,6.458518",Agence Lehmann,https://lehmann-immo.com/fr/propriete/vente+appartement+thonon-les-bains+87286557,,,,"90 Boulevard de la Corniche, 74200 Thonon-les-Bains",62.0,2739.0,3.0,61.22,,,1.26,,habitavel
apartamento,Thonon-les-Bains,,,"https://www.google.com/maps/search/?api=1&query=46.366995,6.458518",A&P Immobilier,https://www.immobilierapi.com/vente/1-thonon-les-bains/appartement/t3/894-thonon-les-bains-nouvelle-exclusivite-t3-en-rez-de-jardin-a-decouvrir/,,,True,"90 Boulevard de la Corniche, 74200 Thonon-les-Bains",62.0,2739.0,3.0,63.0,,3.0,1.59,,habitavel
apartamento,Thonon-les-Bains,,,"https://www.google.com/maps/search/?api=1&query=46.366995,6.458518",Christelle Vannier Immobilier,https://cvannier-immobilier.com/fr/propriete/vente+appartement+thonon-les-bains+appartement-t3-thonon-centre-ville+85078596,,,True,"90 Boulevard de la Corniche, 74200 Thonon-les-Bains",62.0,2739.0,3.0,62.0,,3.0,0.0,,habitavel
apartamento,Thonon-les-Bains,,,"https://www.google.com/maps/search/?api=1&query=46.371376,6.477479",Leman Property Thonon,https://www.leman-property.com/vente/appartement/thonon-les-bains/appartement-t2-avec-bon-rendement-locatif-plein-centre-ville/,,,,"21 Boulevard Carnot, 74200 Thonon-les-Bains",28.0,575.0,1.0,28.0,,,0.0,,habitavel
apartamento,Thonon-les-Bains,,,"https://www.google.com/maps/search/?api=1&query=46.371376,6.477479",Agence Barnoud Thonon,https://www.barnoud-immobilier.fr/vente/74-haute-savoie/1-thonon-les-bains/2-appartement/t1/10775-studio-avec-terrasse-et-place-de-parking-a-acheter-a-thonon-les-bains/,,,,"21 Boulevard Carnot, 74200 Thonon-les-Bains",28.0,575.0,1.0,27.39,,,2.18,,habitavel
apartamento,Évian-les-Bains,,,"https://www.google.com/maps/search/?api=1&query=46.396903,6.582421",Agence Barnoud Évian,https://www.barnoud-immobilier.fr/vente/74-haute-savoie/2-evian-les-bains/2-appartement/t3/11190-proche-lac-et-centre-ville-pour-ce-t3/,,,,"14 Avenue Des Memises, 74500 Évian-les-Bains",66.0,84.0,3.0,67.5,,,2.22,,habitavel
apartamento,Évian-les-Bains,,,"https://www.google.com/maps/search/?api=1&query=46.396903,6.582421",Cabinet Greneche,https://grenecheimmo.fr/fr/propriete/vente+appartement+evian-les-bains+appartement-t3-evian-les-bains-proche-embarcadere+87280471,,,,"14 Avenue Des Memises, 74500 Évian-les-Bains",66.0,84.0,3.0,67.0,,,1.49,,habitavel
apartamento,Évian-les-Bains,,,"https://www.google.com/maps/search/?api=1&query=46.402598,6.610613",Nestenn Évian,https://immobilier-evian-les-bains.nestenn.com/avant-premiere-residence-alvea-a-evian-les-bains-ref-39323972,,,True,"66 Avenue Des Grottes, 74500 Évian-les-Bains",91.0,508.0,4.0,89.0,,4.0,2.2,,habitavel
apartamento,Thonon-les-Bains,,,"https://www.google.com/maps/search/?api=1&query=46.370855,6.476069",CENTURY 21 Chablais-Léman Thonon,https://www.century21-chablais-leman-thonon.com/trouver_logement/detail/16350251916/,,,True,"12 Avenue des Tilleuls, 74200 Thonon-les-Bains",59.0,606.0,3.0,60.0,,3.0,1.67,,habitavel
apartamento,Thonon-les-Bains,,,"https://www.google.com/maps/search/?api=1&query=46.370855,6.476069",CENTURY 21 Chablais-Léman Thonon,https://www.century21-chablais-leman-thonon.com/trouver_logement/detail/15698583939/,,,True,"12 Avenue des Tilleuls, 74200 Thonon-les-Bains",59.0,606.0,3.0,58.39,,3.0,1.03,,habitavel
apartamento,Thonon-les-Bains,,,"https://www.google.com/maps/search/?api=1&query=46.364112,6.475585",CENTURY 21 Chablais-Léman Thonon,https://www.century21-chablais-leman-thonon.com/trouver_logement/detail/15698583939/,,,True,"8 Impasse de la Dôle, 74200 Thonon-les-Bains",58.0,412.0,3.0,58.39,,3.0,0.67,,habitavel
apartamento,Thonon-les-Bains,,,"https://www.google.com/maps/search/?api=1&query=46.364176,6.475636",CENTURY 21 Chablais-Léman Thonon,https://www.century21-chablais-leman-thonon.com/trouver_logement/detail/15698583939/,,,True,"5 Impasse de la Dôle, 74200 Thonon-les-Bains",58.0,520.0,3.0,58.39,,3.0,0.67,,habitavel
apartamento,Thonon-les-Bains,,,"https://www.google.com/maps/search/?api=1&query=46.381746,6.491886",Agence Barnoud Thonon,https://www.barnoud-immobilier.fr/vente/74-haute-savoie/1-thonon-les-bains/2-appartement/t2/10682-rez-jardin-17-54m-au-calme-t2-52m/,,,,"11 Impasse de la Combe, 74200 Thonon-les-Bains",52.0,470.0,2.0,52.04,,,0.08,,habitavel
apartamento,Thonon-les-Bains,,,"https://www.google.com/maps/search/?api=1&query=46.381746,6.491886",Agence Barnoud Thonon,https://www.barnoud-immobilier.fr/vente/74-haute-savoie/1-thonon-les-bains/2-appartement/t2/11274-appartement-t2-51-15m/,,,,"11 Impasse de la Combe, 74200 Thonon-les-Bains",52.0,470.0,2.0,51.15,,,1.63,,habitavel
apartamento,Thonon-les-Bains,,,"https://www.google.com/maps/search/?api=1&query=46.36423,6.475516",Laforêt Thonon-Évian,https://www.laforet.com/agence-immobiliere/thonon-evian/acheter/thonon-les-bains/appartement-2-pieces-52232479,,,True,"7 Impasse de la Dôle, 74200 Thonon-les-Bains",49.0,478.0,2.0,48.0,,2.0,2.04,,habitavel
apartamento,Thonon-les-Bains,,,"https://www.google.com/maps/search/?api=1&query=46.36423,6.475516",Laforêt Thonon-Évian,https://www.laforet.com/agence-immobiliere/thonon-evian/acheter/thonon-les-bains/appartement-2-pieces-52196464,,,True,"7 Impasse de la Dôle, 74200 Thonon-les-Bains",49.0,478.0,2.0,48.0,,2.0,2.04,,habitavel
apartamento,Thonon-les-Bains,,,"https://www.google.com/maps/search/?api=1&query=46.36423,6.475516",Nestenn Évian,https://immobilier-evian-les-bains.nestenn.com/a-vendre-a-thonon-les-bains-t2-renove-avec-deux-balcons-ref-39439459,,,True,"7 Impasse de la Dôle, 74200 Thonon-les-Bains",49.0,478.0,2.0,50.0,,2.0,2.0,,habitavel
apartamento,Thonon-les-Bains,,,"https://www.google.com/maps/search/?api=1&query=46.36423,6.475516",Leman Property Thonon,https://www.leman-property.com/vente/appartement/thonon-les-bains/appartement-t3-coup-de-coeur/,,,,"7 Impasse de la Dôle, 74200 Thonon-les-Bains",49.0,478.0,2.0,50.0,,,2.0,,habitavel
apartamento,Thonon-les-Bains,,,"https://www.google.com/maps/search/?api=1&query=46.36423,6.475516",Agence Barnoud Thonon,https://www.barnoud-immobilier.fr/vente/74-haute-savoie/1-thonon-les-bains/2-appartement/t2/10517-a-thonon-les-bains-grand-appartement-a-acheter-avec-balcon/,,,,"7 Impasse de la Dôle, 74200 Thonon-les-Bains",49.0,478.0,2.0,47.8,,,2.45,,habitavel
apartamento,Thonon-les-Bains,,,"https://www.google.com/maps/search/?api=1&query=46.36423,6.475516",Agence Barnoud Thonon,https://www.barnoud-immobilier.fr/vente/74-haute-savoie/1-thonon-les-bains/2-appartement/t2/9852-appartement-a-vendre-dernier-etage-a-thonon-les-bains/,,,,"7 Impasse de la Dôle, 74200 Thonon-les-Bains",49.0,478.0,2.0,48.91,,,0.18,,habitavel
apartamento,Thonon-les-Bains,,,"https://www.google.com/maps/search/?api=1&query=46.36423,6.475516",Leman Property Thonon,https://www.leman-property.com/vente/appartement/thonon-les-bains/appartement-t2-thonon-les-bains/,,,,"7 Impasse de la Dôle, 74200 Thonon-les-Bains",49.0,478.0,2.0,48.0,,,2.04,,habitavel
apartamento,Thonon-les-Bains,,,"https://www.google.com/maps/search/?api=1&query=46.373257,6.484752",Leman Property Thonon,https://www.leman-property.com/vente/appartement/thonon-les-bains/appartement-t3-coup-de-coeur/,,,,"21 Avenue Jules Ferry, 74200 Thonon-les-Bains",50.0,625.0,1.0,50.0,,,0.0,,habitavel
apartamento,Thonon-les-Bains,,,"https://www.google.com/maps/search/?api=1&query=46.373257,6.484752",Agence Barnoud Thonon,https://www.barnoud-immobilier.fr/vente/74-haute-savoie/1-thonon-les-bains/2-appartement/t2/9852-appartement-a-vendre-dernier-etage-a-thonon-les-bains/,,,,"21 Avenue Jules Ferry, 74200 Thonon-les-Bains",50.0,625.0,1.0,48.91,,,2.18,,habitavel
apartamento,Thonon-les-Bains,,,"https://www.google.com/maps/search/?api=1&query=46.373257,6.484752",Agence Barnoud Thonon,https://www.barnoud-immobilier.fr/vente/74-haute-savoie/1-thonon-les-bains/2-appartement/t2/11274-appartement-t2-51-15m/,,,,"21 Avenue Jules Ferry, 74200 Thonon-les-Bains",50.0,625.0,1.0,51.15,,,2.25,,habitavel
apartamento,Thonon-les-Bains,,,"https://www.google.com/maps/search/?api=1&query=46.373257,6.484752",A&P Immobilier,https://www.immobilierapi.com/vente/1-thonon-les-bains/appartement/t1/805-a-vendre-appartement-brut-a-amenager-thonon-les-bains-parking-et-cave-thonon-ouest/,,,True,"21 Avenue Jules Ferry, 74200 Thonon-les-Bains",50.0,625.0,1.0,49.0,,1.0,2.0,,habitavel
apartamento,Évian-les-Bains,,,"https://www.google.com/maps/search/?api=1&query=46.399626,6.599098",Agence Barnoud Évian,https://www.barnoud-immobilier.fr/vente/74-haute-savoie/2-evian-les-bains/4-studio/9473-dernier-etage-vue-lac-studio-avec-beaucoup-de-charme/,,,,"15 Avenue D Abondance - Rd 24, 74500 Évian-les-Bains",44.0,2272.0,2.0,43.88,,,0.27,,habitavel
apartamento,Thonon-les-Bains,,,"https://www.google.com/maps/search/?api=1&query=46.354138,6.477081",Laforêt Thonon-Évian,https://www.laforet.com/agence-immobiliere/thonon-evian/acheter/thonon-les-bains/appartement-2-pieces-52196779,,,True,"1 Chemin du Morillon, 74200 Thonon-les-Bains",46.0,1465.0,2.0,45.0,,2.0,2.17,,habitavel
apartamento,Thonon-les-Bains,,,"https://www.google.com/maps/search/?api=1&query=46.354138,6.477081",Agence Barnoud Thonon,https://www.barnoud-immobilier.fr/vente/74-haute-savoie/1-thonon-les-bains/2-appartement/t2/11354-appartement-de-type-2-a-vendre-a-thonon-les-bains/,,,,"1 Chemin du Morillon, 74200 Thonon-les-Bains",46.0,1465.0,2.0,46.0,,,0.0,,habitavel
apartamento,Évian-les-Bains,,,"https://www.google.com/maps/search/?api=1&query=46.400451,6.59072",Leman Property Évian,https://www.leman-property.com/vente/appartement/evian-les-bains/appartement-t4-rez-de-jardin-evian-les-bains/,,,,"48 Rue Nationale, 74500 Évian-les-Bains",95.0,120.0,6.0,96.0,,,1.04,,habitavel
apartamento,Évian-les-Bains,,,"https://www.google.com/maps/search/?api=1&query=46.400451,6.59072",Cabinet Greneche,https://grenecheimmo.fr/fr/propriete/vente+appartement+evian-les-bains+t3-evian-centre-ville+86400014,,,,"48 Rue Nationale, 74500 Évian-les-Bains",95.0,120.0,6.0,95.0,,,0.0,,habitavel
apartamento,Thonon-les-Bains,,,"https://www.google.com/maps/search/?api=1&query=46.371234,6.481159",Agence Lehmann,https://lehmann-immo.com/fr/propriete/vente+appartement+thonon-les-bains+bel-appartement-4-pieces-avec-jardin-a-thonon-les-bains+87306178,,,True,"12 Place des Arts, 74200 Thonon-les-Bains",80.0,69.0,4.0,82.0,,4.0,2.44,,habitavel
apartamento,Thonon-les-Bains,,,"https://www.google.com/maps/search/?api=1&query=46.371234,6.481159",Poirier Immobilier Thonon,https://www.poirier-immobilier.com/vente/6-thonon-les-bains/appartement/2240-thonon-les-bains-votre-ecrin-de-verdure-au-coeur-du-pillon,,,True,"12 Place des Arts, 74200 Thonon-les-Bains",80.0,69.0,4.0,80.99,,4.0,1.22,,habitavel
apartamento,Thonon-les-Bains,,,"https://www.google.com/maps/search/?api=1&query=46.373388,6.479797",Christelle Vannier Immobilier,https://cvannier-immobilier.com/fr/propriete/vente+appartement+thonon-les-bains+exclusivite-grand-t4-de-114m-garage-et-parking+86690288,,,True,"3 Place du Château, 74200 Thonon-les-Bains",115.0,4344.0,4.0,114.0,,4.0,0.87,,habitavel
apartamento,Thonon-les-Bains,,,"https://www.google.com/maps/search/?api=1&query=46.372003,6.476759",CENTURY 21 Chablais-Léman Thonon,https://www.century21-chablais-leman-thonon.com/trouver_logement/detail/16436700333/,,,True,"2 Rue de l’Annexion, 74200 Thonon-les-Bains",72.0,814.0,3.0,70.6,,3.0,1.94,,habitavel
apartamento,Thonon-les-Bains,,,"https://www.google.com/maps/search/?api=1&query=46.372003,6.476759",Agence Barnoud Thonon,https://www.barnoud-immobilier.fr/vente/74-haute-savoie/1-thonon-les-bains/2-appartement/t4/9874-thonon-appartement-t4/,,,,"2 Rue de l’Annexion, 74200 Thonon-les-Bains",72.0,814.0,3.0,71.85,,,0.21,,habitavel
apartamento,Thonon-les-Bains,,,"https://www.google.com/maps/search/?api=1&query=46.371966,6.476696",CENTURY 21 Chablais-Léman Thonon,https://www.century21-chablais-leman-thonon.com/trouver_logement/detail/16436700333/,,,True,"4 Rue de l’Annexion, 74200 Thonon-les-Bains",72.0,814.0,3.0,70.6,,3.0,1.94,,habitavel
apartamento,Thonon-les-Bains,,,"https://www.google.com/maps/search/?api=1&query=46.371966,6.476696",Agence Barnoud Thonon,https://www.barnoud-immobilier.fr/vente/74-haute-savoie/1-thonon-les-bains/2-appartement/t4/9874-thonon-appartement-t4/,,,,"4 Rue de l’Annexion, 74200 Thonon-les-Bains",72.0,814.0,3.0,71.85,,,0.21,,habitavel
apartamento,Thonon-les-Bains,,,"https://www.google.com/maps/search/?api=1&query=46.37174,6.476935",CENTURY 21 Chablais-Léman Thonon,https://www.century21-chablais-leman-thonon.com/trouver_logement/detail/16436700333/,,,True,"31 Boulevard Carnot, 74200 Thonon-les-Bains",72.0,288.0,3.0,70.6,,3.0,1.94,,habitavel
apartamento,Thonon-les-Bains,,,"https://www.google.com/maps/search/?api=1&query=46.37174,6.476935",Agence Barnoud Thonon,https://www.barnoud-immobilier.fr/vente/74-haute-savoie/1-thonon-les-bains/2-appartement/t4/9874-thonon-appartement-t4/,,,,"31 Boulevard Carnot, 74200 Thonon-les-Bains",72.0,288.0,3.0,71.85,,,0.21,,habitavel
apartamento,Thonon-les-Bains,,,"https://www.google.com/maps/search/?api=1&query=46.374087,6.483672",Leman Property Thonon,https://www.leman-property.com/vente/appartement/thonon-les-bains/appartement-t2-avec-bon-rendement-locatif-plein-centre-ville/,,,,"8 Rue Amédée VIII, 74200 Thonon-les-Bains",28.0,3203.0,2.0,28.0,,,0.0,,habitavel
apartamento,Thonon-les-Bains,,,"https://www.google.com/maps/search/?api=1&query=46.374087,6.483672",Agence Barnoud Thonon,https://www.barnoud-immobilier.fr/vente/74-haute-savoie/1-thonon-les-bains/2-appartement/t1/10775-studio-avec-terrasse-et-place-de-parking-a-acheter-a-thonon-les-bains/,,,,"8 Rue Amédée VIII, 74200 Thonon-les-Bains",28.0,3203.0,2.0,27.39,,,2.18,,habitavel
apartamento,Thonon-les-Bains,,,"https://www.google.com/maps/search/?api=1&query=46.371114,6.481132",Agence Lehmann,https://lehmann-immo.com/fr/propriete/vente+appartement+thonon-les-bains+bel-appartement-4-pieces-avec-jardin-a-thonon-les-bains+87306178,,,True,"11 Place des Arts, 74200 Thonon-les-Bains",80.0,69.0,4.0,82.0,,4.0,2.44,,habitavel
apartamento,Thonon-les-Bains,,,"https://www.google.com/maps/search/?api=1&query=46.371114,6.481132",Poirier Immobilier Thonon,https://www.poirier-immobilier.com/vente/6-thonon-les-bains/appartement/2240-thonon-les-bains-votre-ecrin-de-verdure-au-coeur-du-pillon,,,True,"11 Place des Arts, 74200 Thonon-les-Bains",80.0,69.0,4.0,80.99,,4.0,1.22,,habitavel
apartamento,Évian-les-Bains,,,"https://www.google.com/maps/search/?api=1&query=46.399863,6.593559",Leman Property Évian,https://www.leman-property.com/vente/appartement/evian-les-bains/maison-mitoyenne-80-m2/,,,,"1 Avenue Des Sources, 74500 Évian-les-Bains",79.0,202.0,4.0,81.0,,,2.47,,habitavel
apartamento,Évian-les-Bains,,,"https://www.google.com/maps/search/?api=1&query=46.400379,6.583467",CENTURY 21 Chablais Léman Évian,https://www.century21-chablais-leman-evian.com/trouver_logement/detail/12331772638/,,,True,"3 Avenue Du General Dupas - Rd 1005, 74500 Évian-les-Bains",102.0,693.0,4.0,100.0,,4.0,1.96,,habitavel
apartamento,Évian-les-Bains,,,"https://www.google.com/maps/search/?api=1&query=46.400443,6.593935",Nestenn Évian,https://immobilier-evian-les-bains.nestenn.com/avant-premiere-residence-alvea-a-evian-les-bains-ref-39323972,,,True,"16 Avenue Jean Leger, 74500 Évian-les-Bains",90.0,481.0,4.0,89.0,,4.0,1.11,,habitavel
apartamento,Évian-les-Bains,,,"https://www.google.com/maps/search/?api=1&query=46.398698,6.581014",Nestenn Évian,https://immobilier-evian-les-bains.nestenn.com/programme-neuf-evian-les-bains-du-t2-au-t4-ref-39323966,,,True,"27 Avenue De La Gare, 74500 Évian-les-Bains",58.0,948.0,3.0,58.0,,3.0,0.0,,habitavel
apartamento,Thonon-les-Bains,,,"https://www.google.com/maps/search/?api=1&query=46.370602,6.485501",Laforêt Thonon-Évian,https://www.laforet.com/agence-immobiliere/thonon-evian/acheter/thonon-les-bains/appartement-2-pieces-52232479,,,True,"4 Avenue des Vallées, 74200 Thonon-les-Bains",49.0,535.0,2.0,48.0,,2.0,2.04,,habitavel
apartamento,Thonon-les-Bains,,,"https://www.google.com/maps/search/?api=1&query=46.370602,6.485501",Laforêt Thonon-Évian,https://www.laforet.com/agence-immobiliere/thonon-evian/acheter/thonon-les-bains/appartement-2-pieces-52196464,,,True,"4 Avenue des Vallées, 74200 Thonon-les-Bains",49.0,535.0,2.0,48.0,,2.0,2.04,,habitavel
apartamento,Thonon-les-Bains,,,"https://www.google.com/maps/search/?api=1&query=46.370602,6.485501",Nestenn Évian,https://immobilier-evian-les-bains.nestenn.com/a-vendre-a-thonon-les-bains-t2-renove-avec-deux-balcons-ref-39439459,,,True,"4 Avenue des Vallées, 74200 Thonon-les-Bains",49.0,535.0,2.0,50.0,,2.0,2.0,,habitavel
apartamento,Thonon-les-Bains,,,"https://www.google.com/maps/search/?api=1&query=46.370602,6.485501",Leman Property Thonon,https://www.leman-property.com/vente/appartement/thonon-les-bains/appartement-t3-coup-de-coeur/,,,,"4 Avenue des Vallées, 74200 Thonon-les-Bains",49.0,535.0,2.0,50.0,,,2.0,,habitavel
apartamento,Thonon-les-Bains,,,"https://www.google.com/maps/search/?api=1&query=46.370602,6.485501",Agence Barnoud Thonon,https://www.barnoud-immobilier.fr/vente/74-haute-savoie/1-thonon-les-bains/2-appartement/t2/10517-a-thonon-les-bains-grand-appartement-a-acheter-avec-balcon/,,,,"4 Avenue des Vallées, 74200 Thonon-les-Bains",49.0,535.0,2.0,47.8,,,2.45,,habitavel
apartamento,Thonon-les-Bains,,,"https://www.google.com/maps/search/?api=1&query=46.370602,6.485501",Agence Barnoud Thonon,https://www.barnoud-immobilier.fr/vente/74-haute-savoie/1-thonon-les-bains/2-appartement/t2/9852-appartement-a-vendre-dernier-etage-a-thonon-les-bains/,,,,"4 Avenue des Vallées, 74200 Thonon-les-Bains",49.0,535.0,2.0,48.91,,,0.18,,habitavel
apartamento,Thonon-les-Bains,,,"https://www.google.com/maps/search/?api=1&query=46.370602,6.485501",Leman Property Thonon,https://www.leman-property.com/vente/appartement/thonon-les-bains/appartement-t2-thonon-les-bains/,,,,"4 Avenue des Vallées, 74200 Thonon-les-Bains",49.0,535.0,2.0,48.0,,,2.04,,habitavel
apartamento,Thonon-les-Bains,,,"https://www.google.com/maps/search/?api=1&query=46.371403,6.478343",Nestenn Évian,https://immobilier-evian-les-bains.nestenn.com/a-vendre-a-thonon-les-bains-t2-renove-avec-deux-balcons-ref-39439459,,,True,"14 Rue Vallon, 74200 Thonon-les-Bains",50.0,115.0,2.0,50.0,,2.0,0.0,,habitavel
apartamento,Thonon-les-Bains,,,"https://www.google.com/maps/search/?api=1&query=46.371403,6.478343",Leman Property Thonon,https://www.leman-property.com/vente/appartement/thonon-les-bains/appartement-t3-coup-de-coeur/,,,,"14 Rue Vallon, 74200 Thonon-les-Bains",50.0,115.0,2.0,50.0,,,0.0,,habitavel
apartamento,Thonon-les-Bains,,,"https://www.google.com/maps/search/?api=1&query=46.371403,6.478343",Agence Barnoud Thonon,https://www.barnoud-immobilier.fr/vente/74-haute-savoie/1-thonon-les-bains/2-appartement/t2/9852-appartement-a-vendre-dernier-etage-a-thonon-les-bains/,,,,"14 Rue Vallon, 74200 Thonon-les-Bains",50.0,115.0,2.0,48.91,,,2.18,,habitavel
apartamento,Thonon-les-Bains,,,"https://www.google.com/maps/search/?api=1&query=46.371403,6.478343",Agence Barnoud Thonon,https://www.barnoud-immobilier.fr/vente/74-haute-savoie/1-thonon-les-bains/2-appartement/t2/11274-appartement-t2-51-15m/,,,,"14 Rue Vallon, 74200 Thonon-les-Bains",50.0,115.0,2.0,51.15,,,2.25,,habitavel
apartamento,Thonon-les-Bains,,,"https://www.google.com/maps/search/?api=1&query=46.370233,6.479389",Christelle Vannier Immobilier,https://cvannier-immobilier.com/fr/propriete/vente+maison+thonon-les-bains+villa-jumelee-t5-secteur-corzent+87337095,,,True,"6 Avenue des Allobroges, 74200 Thonon-les-Bains",121.0,26.0,4.0,118.0,,4.0,2.48,,habitavel
apartamento,Évian-les-Bains,,,"https://www.google.com/maps/search/?api=1&query=46.400523,6.59206",Agence Barnoud Évian,https://www.barnoud-immobilier.fr/vente/74-haute-savoie/2-evian-les-bains/4-studio/9473-dernier-etage-vue-lac-studio-avec-beaucoup-de-charme/,,,,"2 Rue Gustave Et Pierre Girod, 74500 Évian-les-Bains",43.0,315.0,2.0,43.88,,,2.01,,habitavel
apartamento,Évian-les-Bains,,,"https://www.google.com/maps/search/?api=1&query=46.40055,6.590975",Leman Property Évian,https://www.leman-property.com/vente/appartement/evian-les-bains/appartement-t4-rez-de-jardin-evian-les-bains/,,,,"1 Rue De La Source De Clermont, 74500 Évian-les-Bains",95.0,203.0,6.0,96.0,,,1.04,,habitavel
apartamento,Évian-les-Bains,,,"https://www.google.com/maps/search/?api=1&query=46.40055,6.590975",Cabinet Greneche,https://grenecheimmo.fr/fr/propriete/vente+appartement+evian-les-bains+t3-evian-centre-ville+86400014,,,,"1 Rue De La Source De Clermont, 74500 Évian-les-Bains",95.0,203.0,6.0,95.0,,,0.0,,habitavel
apartamento,Thonon-les-Bains,,,"https://www.google.com/maps/search/?api=1&query=46.373396,6.479746",Christelle Vannier Immobilier,https://cvannier-immobilier.com/fr/propriete/vente+appartement+thonon-les-bains+exclusivite-grand-t4-de-114m-garage-et-parking+86690288,,,True,"2 Place du Château, 74200 Thonon-les-Bains",115.0,4344.0,4.0,114.0,,4.0,0.87,,habitavel
apartamento,Évian-les-Bains,,,"https://www.google.com/maps/search/?api=1&query=46.397937,6.585011",Nestenn Évian,https://immobilier-evian-les-bains.nestenn.com/avant-premiere-residence-alvea-a-evian-les-bains-ref-39323972,,,True,"9 Boulevard Du Bennevy, 74500 Évian-les-Bains",88.0,1224.0,4.0,89.0,,4.0,1.12,,habitavel
apartamento,Thonon-les-Bains,,,"https://www.google.com/maps/search/?api=1&query=46.366333,6.477138",Agence Lehmann,https://lehmann-immo.com/fr/propriete/vente+appartement+thonon-les-bains+bel-appartement-4-pieces-avec-jardin-a-thonon-les-bains+87306178,,,True,"6 Rue des Alpes, 74200 Thonon-les-Bains",84.0,430.0,4.0,82.0,,4.0,2.38,,habitavel
apartamento,Thonon-les-Bains,,,"https://www.google.com/maps/search/?api=1&query=46.366333,6.477138",Christelle Vannier Immobilier,https://cvannier-immobilier.com/fr/propriete/vente+appartement+thonon-les-bains+exclusivite-nouveaute-t4-avec-jardin-garage-et-cave+87049047,,,True,"6 Rue des Alpes, 74200 Thonon-les-Bains",84.0,430.0,4.0,83.8,,4.0,0.24,,habitavel
apartamento,Thonon-les-Bains,,,"https://www.google.com/maps/search/?api=1&query=46.366333,6.477138",Laforêt Thonon-Évian,https://www.laforet.com/agence-immobiliere/thonon-evian/acheter/thonon-les-bains/appartement-4-pieces-52648362,,,True,"6 Rue des Alpes, 74200 Thonon-les-Bains",84.0,430.0,4.0,84.0,,4.0,0.0,,habitavel
apartamento,Thonon-les-Bains,,,"https://www.google.com/maps/search/?api=1&query=46.366333,6.477138",Christelle Vannier Immobilier,https://cvannier-immobilier.com/fr/propriete/vente+appartement+thonon-les-bains+appartement-t4-thonon-les-bains-concise+87257451,,,True,"6 Rue des Alpes, 74200 Thonon-les-Bains",84.0,430.0,4.0,85.92,,4.0,2.23,,habitavel
apartamento,Thonon-les-Bains,,,"https://www.google.com/maps/search/?api=1&query=46.366333,6.477138",Christelle Vannier Immobilier,https://cvannier-immobilier.com/fr/propriete/vente+appartement+thonon-les-bains+appartement-de-type-4-avec-2-places-de-parking-en-sous-sol+86648754,,,True,"6 Rue des Alpes, 74200 Thonon-les-Bains",84.0,430.0,4.0,83.55,,4.0,0.54,,habitavel
apartamento,Évian-les-Bains,,,"https://www.google.com/maps/search/?api=1&query=46.400519,6.589693",Poirier Immobilier Évian,https://www.poirier-immobilier.com/vente/5-evian-les-bains/appartement/2010-appartement-de-standing-centre-ville-d-evian-les-bains,,,True,"62 Rue Nationale, 74500 Évian-les-Bains",62.0,109.0,3.0,63.0,,3.0,1.59,,habitavel
apartamento,Thonon-les-Bains,,,"https://www.google.com/maps/search/?api=1&query=46.367648,6.477152",Agence Barnoud Thonon,https://www.barnoud-immobilier.fr/vente/74-haute-savoie/1-thonon-les-bains/2-appartement/t4/9874-thonon-appartement-t4/,,,,"15 Rue des Italiens, 74200 Thonon-les-Bains",73.0,2450.0,5.0,71.85,,,1.58,,habitavel
apartamento,Thonon-les-Bains,,,"https://www.google.com/maps/search/?api=1&query=46.371338,6.47959",Laforêt Thonon-Évian,https://www.laforet.com/agence-immobiliere/thonon-evian/acheter/thonon-les-bains/appartement-4-pieces-21989784,,,True,"4 Impasse du Manège, 74200 Thonon-les-Bains",86.0,233.0,4.0,87.0,241.0,4.0,1.15,,habitavel
apartamento,Thonon-les-Bains,,,"https://www.google.com/maps/search/?api=1&query=46.371338,6.47959",Christelle Vannier Immobilier,https://cvannier-immobilier.com/fr/propriete/vente+appartement+thonon-les-bains+appartement-t4-en-attique-residence-neuve+86566650,,,True,"4 Impasse du Manège, 74200 Thonon-les-Bains",86.0,233.0,4.0,87.33,,4.0,1.52,,habitavel
apartamento,Thonon-les-Bains,,,"https://www.google.com/maps/search/?api=1&query=46.371338,6.47959",Laforêt Thonon-Évian,https://www.laforet.com/agence-immobiliere/thonon-evian/acheter/thonon-les-bains/appartement-4-pieces-52648362,,,True,"4 Impasse du Manège, 74200 Thonon-les-Bains",86.0,233.0,4.0,84.0,,4.0,2.33,,habitavel
apartamento,Thonon-les-Bains,,,"https://www.google.com/maps/search/?api=1&query=46.371338,6.47959",Christelle Vannier Immobilier,https://cvannier-immobilier.com/fr/propriete/vente+appartement+thonon-les-bains+appartement-t4-thonon-les-bains-concise+87257451,,,True,"4 Impasse du Manège, 74200 Thonon-les-Bains",86.0,233.0,4.0,85.92,,4.0,0.09,,habitavel
apartamento,Thonon-les-Bains,,,"https://www.google.com/maps/search/?api=1&query=46.371345,6.478478",Agence Lehmann,https://lehmann-immo.com/fr/propriete/vente+appartement+thonon-les-bains+local-hyper-centre-thonon+84937413,,,,"12 Rue Vallon, 74200 Thonon-les-Bains",135.0,364.0,4.0,133.55,,,1.07,,habitavel
apartamento,Évian-les-Bains,,,"https://www.google.com/maps/search/?api=1&query=46.397493,6.583451",Leman Property Évian,https://www.leman-property.com/vente/appartement/evian-les-bains/appartement-4-pieces-a-evian-les-bains-charme-et-confort-au-coeur-de-la-ville/,,,,"26 Avenue De Larringes, 74500 Évian-les-Bains",80.0,2594.0,4.0,82.0,,,2.44,,habitavel
apartamento,Évian-les-Bains,,,"https://www.google.com/maps/search/?api=1&query=46.397493,6.583451",Leman Property Évian,https://www.leman-property.com/vente/appartement/evian-les-bains/maison-mitoyenne-80-m2/,,,,"26 Avenue De Larringes, 74500 Évian-les-Bains",80.0,2594.0,4.0,81.0,,,1.23,,habitavel
apartamento,Évian-les-Bains,,,"https://www.google.com/maps/search/?api=1&query=46.397412,6.58324",Leman Property Évian,https://www.leman-property.com/vente/appartement/evian-les-bains/appartement-4-pieces-a-evian-les-bains-charme-et-confort-au-coeur-de-la-ville/,,,,"17 Avenue De Larringes, 74500 Évian-les-Bains",80.0,267.0,4.0,82.0,,,2.44,,habitavel
apartamento,Évian-les-Bains,,,"https://www.google.com/maps/search/?api=1&query=46.397412,6.58324",Leman Property Évian,https://www.leman-property.com/vente/appartement/evian-les-bains/maison-mitoyenne-80-m2/,,,,"17 Avenue De Larringes, 74500 Évian-les-Bains",80.0,267.0,4.0,81.0,,,1.23,,habitavel
apartamento,Thonon-les-Bains,,,"https://www.google.com/maps/search/?api=1&query=46.364732,6.465726",Laforêt Thonon-Évian,https://www.laforet.com/agence-immobiliere/thonon-evian/acheter/thonon-les-bains/appartement-3-pieces-52196857,,,True,"2 Chemin des Voirons, 74200 Thonon-les-Bains",65.0,505.0,3.0,65.0,,3.0,0.0,,habitavel
apartamento,Thonon-les-Bains,,,"https://www.google.com/maps/search/?api=1&query=46.364732,6.465726",Agence Lehmann,https://lehmann-immo.com/fr/propriete/vente+appartement+thonon-les-bains+appartement-moderne-t3-a-thonon-les-bains+87100377,,,,"2 Chemin des Voirons, 74200 Thonon-les-Bains",65.0,505.0,3.0,66.44,,,2.17,,habitavel
apartamento,Thonon-les-Bains,,,"https://www.google.com/maps/search/?api=1&query=46.364732,6.465726",Agence Lehmann,https://lehmann-immo.com/fr/propriete/vente+appartement+thonon-les-bains+bel-appartement-3-pieces-moderne-a-thonon-les-bains+87095945,,,True,"2 Chemin des Voirons, 74200 Thonon-les-Bains",65.0,505.0,3.0,66.53,,3.0,2.3,,habitavel
apartamento,Thonon-les-Bains,,,"https://www.google.com/maps/search/?api=1&query=46.364732,6.465726",A&P Immobilier,https://www.immobilierapi.com/vente/1-thonon-les-bains/appartement/t3/806-t3-a-fort-potentiel-thonon-les-bains-parking-et-cave-thonon-ouest/,,,True,"2 Chemin des Voirons, 74200 Thonon-les-Bains",65.0,505.0,3.0,63.6,,3.0,2.15,,habitavel
apartamento,Thonon-les-Bains,,,"https://www.google.com/maps/search/?api=1&query=46.364732,6.465726",Christelle Vannier Immobilier,https://cvannier-immobilier.com/fr/propriete/vente+appartement+thonon-les-bains+exclusivite-t3-en-rez-de-jardin-avec-garage+87300076,,,True,"2 Chemin des Voirons, 74200 Thonon-les-Bains",65.0,505.0,3.0,65.42,,3.0,0.64,,habitavel
apartamento,Thonon-les-Bains,,,"https://www.google.com/maps/search/?api=1&query=46.364732,6.465726",Christelle Vannier Immobilier,https://cvannier-immobilier.com/fr/propriete/vente+appartement+thonon-les-bains+exclusivite-t3-en-duplex+87254132,,,True,"2 Chemin des Voirons, 74200 Thonon-les-Bains",65.0,505.0,3.0,65.0,,3.0,0.0,,habitavel
apartamento,Thonon-les-Bains,,,"https://www.google.com/maps/search/?api=1&query=46.364732,6.465726",Christelle Vannier Immobilier,https://cvannier-immobilier.com/fr/propriete/vente+appartement+thonon-les-bains+appartement-de-type-3-a-thonon-les-bains+85757383,,,True,"2 Chemin des Voirons, 74200 Thonon-les-Bains",65.0,505.0,3.0,66.0,,3.0,1.52,,habitavel
apartamento,Thonon-les-Bains,,,"https://www.google.com/maps/search/?api=1&query=46.364732,6.465726",Christelle Vannier Immobilier,https://cvannier-immobilier.com/fr/propriete/vente+appartement+thonon-les-bains+exclusivite-appartement-type-3-avec-garage+84395461,,,True,"2 Chemin des Voirons, 74200 Thonon-les-Bains",65.0,505.0,3.0,65.0,,3.0,0.0,,habitavel
apartamento,Thonon-les-Bains,,,"https://www.google.com/maps/search/?api=1&query=46.364629,6.465664",Laforêt Thonon-Évian,https://www.laforet.com/agence-immobiliere/thonon-evian/acheter/thonon-les-bains/appartement-3-pieces-52196857,,,True,"1 Chemin des Voirons, 74200 Thonon-les-Bains",65.0,475.0,3.0,65.0,,3.0,0.0,,habitavel
apartamento,Thonon-les-Bains,,,"https://www.google.com/maps/search/?api=1&query=46.364629,6.465664",Agence Lehmann,https://lehmann-immo.com/fr/propriete/vente+appartement+thonon-les-bains+appartement-moderne-t3-a-thonon-les-bains+87100377,,,,"1 Chemin des Voirons, 74200 Thonon-les-Bains",65.0,475.0,3.0,66.44,,,2.17,,habitavel
apartamento,Thonon-les-Bains,,,"https://www.google.com/maps/search/?api=1&query=46.364629,6.465664",Agence Lehmann,https://lehmann-immo.com/fr/propriete/vente+appartement+thonon-les-bains+bel-appartement-3-pieces-moderne-a-thonon-les-bains+87095945,,,True,"1 Chemin des Voirons, 74200 Thonon-les-Bains",65.0,475.0,3.0,66.53,,3.0,2.3,,habitavel
apartamento,Thonon-les-Bains,,,"https://www.google.com/maps/search/?api=1&query=46.364629,6.465664",A&P Immobilier,https://www.immobilierapi.com/vente/1-thonon-les-bains/appartement/t3/806-t3-a-fort-potentiel-thonon-les-bains-parking-et-cave-thonon-ouest/,,,True,"1 Chemin des Voirons, 74200 Thonon-les-Bains",65.0,475.0,3.0,63.6,,3.0,2.15,,habitavel
apartamento,Thonon-les-Bains,,,"https://www.google.com/maps/search/?api=1&query=46.364629,6.465664",Christelle Vannier Immobilier,https://cvannier-immobilier.com/fr/propriete/vente+appartement+thonon-les-bains+exclusivite-t3-en-rez-de-jardin-avec-garage+87300076,,,True,"1 Chemin des Voirons, 74200 Thonon-les-Bains",65.0,475.0,3.0,65.42,,3.0,0.64,,habitavel
apartamento,Thonon-les-Bains,,,"https://www.google.com/maps/search/?api=1&query=46.364629,6.465664",Christelle Vannier Immobilier,https://cvannier-immobilier.com/fr/propriete/vente+appartement+thonon-les-bains+exclusivite-t3-en-duplex+87254132,,,True,"1 Chemin des Voirons, 74200 Thonon-les-Bains",65.0,475.0,3.0,65.0,,3.0,0.0,,habitavel
apartamento,Thonon-les-Bains,,,"https://www.google.com/maps/search/?api=1&query=46.364629,6.465664",Christelle Vannier Immobilier,https://cvannier-immobilier.com/fr/propriete/vente+appartement+thonon-les-bains+appartement-de-type-3-a-thonon-les-bains+85757383,,,True,"1 Chemin des Voirons, 74200 Thonon-les-Bains",65.0,475.0,3.0,66.0,,3.0,1.52,,habitavel
apartamento,Thonon-les-Bains,,,"https://www.google.com/maps/search/?api=1&query=46.364629,6.465664",Christelle Vannier Immobilier,https://cvannier-immobilier.com/fr/propriete/vente+appartement+thonon-les-bains+exclusivite-appartement-type-3-avec-garage+84395461,,,True,"1 Chemin des Voirons, 74200 Thonon-les-Bains",65.0,475.0,3.0,65.0,,3.0,0.0,,habitavel
apartamento,Thonon-les-Bains,,,"https://www.google.com/maps/search/?api=1&query=46.372814,6.480013",Dupraz Immobilier Thonon,https://www.dupraz-immobilier.com/ville_bien/fiches/3-33-29_60896304/t3-de-76-m2-avec-terrasse-de-25-m2-garage-cave-et-stationnement.html,,,,"4 Rue de Lort, 74200 Thonon-les-Bains",77.0,4344.0,4.0,76.0,,,1.3,,habitavel
apartamento,Évian-les-Bains,,,"https://www.google.com/maps/search/?api=1&query=46.400876,6.594737",CENTURY 21 Chablais Léman Évian,https://www.century21-chablais-leman-evian.com/trouver_logement/detail/12331772638/,,,True,"19 Rue De La Touviere, 74500 Évian-les-Bains",100.0,133.0,4.0,100.0,,4.0,0.0,,habitavel
apartamento,Thonon-les-Bains,,,"https://www.google.com/maps/search/?api=1&query=46.371555,6.481151",Agence Lehmann,https://lehmann-immo.com/fr/propriete/vente+appartement+thonon-les-bains+bel-appartement-4-pieces-avec-jardin-a-thonon-les-bains+87306178,,,True,"6 Rue des Granges, 74200 Thonon-les-Bains",82.0,1373.0,4.0,82.0,,4.0,0.0,,habitavel
apartamento,Thonon-les-Bains,,,"https://www.google.com/maps/search/?api=1&query=46.371555,6.481151",Christelle Vannier Immobilier,https://cvannier-immobilier.com/fr/propriete/vente+appartement+thonon-les-bains+exclusivite-nouveaute-t4-avec-jardin-garage-et-cave+87049047,,,True,"6 Rue des Granges, 74200 Thonon-les-Bains",82.0,1373.0,4.0,83.8,,4.0,2.15,,habitavel
apartamento,Thonon-les-Bains,,,"https://www.google.com/maps/search/?api=1&query=46.371555,6.481151",Laforêt Thonon-Évian,https://www.laforet.com/agence-immobiliere/thonon-evian/acheter/thonon-les-bains/appartement-4-pieces-52648362,,,True,"6 Rue des Granges, 74200 Thonon-les-Bains",82.0,1373.0,4.0,84.0,,4.0,2.38,,habitavel
apartamento,Thonon-les-Bains,,,"https://www.google.com/maps/search/?api=1&query=46.371555,6.481151",Poirier Immobilier Thonon,https://www.poirier-immobilier.com/vente/6-thonon-les-bains/appartement/2240-thonon-les-bains-votre-ecrin-de-verdure-au-coeur-du-pillon,,,True,"6 Rue des Granges, 74200 Thonon-les-Bains",82.0,1373.0,4.0,80.99,,4.0,1.23,,habitavel
apartamento,Thonon-les-Bains,,,"https://www.google.com/maps/search/?api=1&query=46.371555,6.481151",Christelle Vannier Immobilier,https://cvannier-immobilier.com/fr/propriete/vente+appartement+thonon-les-bains+appartement-de-type-4-avec-2-places-de-parking-en-sous-sol+86648754,,,True,"6 Rue des Granges, 74200 Thonon-les-Bains",82.0,1373.0,4.0,83.55,,4.0,1.86,,habitavel
apartamento,Thonon-les-Bains,,,"https://www.google.com/maps/search/?api=1&query=46.372537,6.479532",Nestenn Évian,https://immobilier-evian-les-bains.nestenn.com/a-vendre-a-thonon-les-bains-t2-renove-avec-deux-balcons-ref-39439459,,,True,"3 Passage de l’Église, 74200 Thonon-les-Bains",50.0,116.0,2.0,50.0,,2.0,0.0,,habitavel
apartamento,Thonon-les-Bains,,,"https://www.google.com/maps/search/?api=1&query=46.372537,6.479532",Leman Property Thonon,https://www.leman-property.com/vente/appartement/thonon-les-bains/appartement-t3-coup-de-coeur/,,,,"3 Passage de l’Église, 74200 Thonon-les-Bains",50.0,116.0,2.0,50.0,,,0.0,,habitavel
apartamento,Thonon-les-Bains,,,"https://www.google.com/maps/search/?api=1&query=46.372537,6.479532",Agence Barnoud Thonon,https://www.barnoud-immobilier.fr/vente/74-haute-savoie/1-thonon-les-bains/2-appartement/t2/9852-appartement-a-vendre-dernier-etage-a-thonon-les-bains/,,,,"3 Passage de l’Église, 74200 Thonon-les-Bains",50.0,116.0,2.0,48.91,,,2.18,,habitavel
apartamento,Thonon-les-Bains,,,"https://www.google.com/maps/search/?api=1&query=46.372537,6.479532",Agence Barnoud Thonon,https://www.barnoud-immobilier.fr/vente/74-haute-savoie/1-thonon-les-bains/2-appartement/t2/11274-appartement-t2-51-15m/,,,,"3 Passage de l’Église, 74200 Thonon-les-Bains",50.0,116.0,2.0,51.15,,,2.25,,habitavel
apartamento,Évian-les-Bains,,,"https://www.google.com/maps/search/?api=1&query=46.400866,6.594656",CENTURY 21 Chablais Léman Évian,https://www.century21-chablais-leman-evian.com/trouver_logement/detail/12331772638/,,,True,"17 Rue De La Touviere, 74500 Évian-les-Bains",100.0,133.0,4.0,100.0,,4.0,0.0,,habitavel
apartamento,Thonon-les-Bains,,,"https://www.google.com/maps/search/?api=1&query=46.367494,6.470703",Christelle Vannier Immobilier,https://cvannier-immobilier.com/fr/propriete/vente+appartement+thonon-les-bains+thonon-les-bains-t4-avec-loggia-et-vue-montagnes+86973545,,,True,"33 Avenue du Général de Gaulle, 74200 Thonon-les-Bains",92.0,514.0,4.0,91.83,,4.0,0.18,,habitavel
apartamento,Thonon-les-Bains,,,"https://www.google.com/maps/search/?api=1&query=46.367494,6.470703",Laforêt Thonon-Évian,https://www.laforet.com/agence-immobiliere/thonon-evian/acheter/thonon-les-bains/appartement-4-pieces-52778750#section-video,,,True,"33 Avenue du Général de Gaulle, 74200 Thonon-les-Bains",92.0,514.0,4.0,91.0,,4.0,1.09,,habitavel
apartamento,Thonon-les-Bains,,,"https://www.google.com/maps/search/?api=1&query=46.367494,6.470703",Laforêt Thonon-Évian,https://www.laforet.com/agence-immobiliere/thonon-evian/acheter/thonon-les-bains/appartement-4-pieces-52778750,,,True,"33 Avenue du Général de Gaulle, 74200 Thonon-les-Bains",92.0,514.0,4.0,91.0,,4.0,1.09,,habitavel
apartamento,Évian-les-Bains,,,"https://www.google.com/maps/search/?api=1&query=46.400475,6.583675",CENTURY 21 Chablais Léman Évian,https://www.century21-chablais-leman-evian.com/trouver_logement/detail/12331772638/,,,True,"5 Avenue Du General Dupas - Rd 1005, 74500 Évian-les-Bains",102.0,1502.0,4.0,100.0,,4.0,1.96,,habitavel
apartamento,Évian-les-Bains,,,"https://www.google.com/maps/search/?api=1&query=46.399235,6.588019",Leman Property Évian,https://www.leman-property.com/vente/appartement/evian-les-bains/appartement-4-pieces-a-evian-les-bains-charme-et-confort-au-coeur-de-la-ville/,,,,"26 Boulevard Jean Jaures, 74500 Évian-les-Bains",80.0,231.0,3.0,82.0,,,2.44,,habitavel
apartamento,Évian-les-Bains,,,"https://www.google.com/maps/search/?api=1&query=46.399235,6.588019",Leman Property Évian,https://www.leman-property.com/vente/appartement/evian-les-bains/maison-mitoyenne-80-m2/,,,,"26 Boulevard Jean Jaures, 74500 Évian-les-Bains",80.0,231.0,3.0,81.0,,,1.23,,habitavel
apartamento,Évian-les-Bains,,,"https://www.google.com/maps/search/?api=1&query=46.399235,6.588019",Poirier Immobilier Évian,https://www.poirier-immobilier.com/vente/5-evian-les-bains/appartement/1933-appartement-3-pieces-a-evian-les-bains-avec-balcons-et-garage,,,True,"26 Boulevard Jean Jaures, 74500 Évian-les-Bains",80.0,231.0,3.0,78.09,,3.0,2.39,,habitavel
apartamento,Thonon-les-Bains,,,"https://www.google.com/maps/search/?api=1&query=46.367567,6.470848",Christelle Vannier Immobilier,https://cvannier-immobilier.com/fr/propriete/vente+appartement+thonon-les-bains+thonon-les-bains-t4-avec-loggia-et-vue-montagnes+86973545,,,True,"31 Avenue du Général de Gaulle, 74200 Thonon-les-Bains",92.0,630.0,4.0,91.83,,4.0,0.18,,habitavel
apartamento,Thonon-les-Bains,,,"https://www.google.com/maps/search/?api=1&query=46.367567,6.470848",Laforêt Thonon-Évian,https://www.laforet.com/agence-immobiliere/thonon-evian/acheter/thonon-les-bains/appartement-4-pieces-52778750#section-video,,,True,"31 Avenue du Général de Gaulle, 74200 Thonon-les-Bains",92.0,630.0,4.0,91.0,,4.0,1.09,,habitavel
apartamento,Thonon-les-Bains,,,"https://www.google.com/maps/search/?api=1&query=46.367567,6.470848",Laforêt Thonon-Évian,https://www.laforet.com/agence-immobiliere/thonon-evian/acheter/thonon-les-bains/appartement-4-pieces-52778750,,,True,"31 Avenue du Général de Gaulle, 74200 Thonon-les-Bains",92.0,630.0,4.0,91.0,,4.0,1.09,,habitavel
apartamento,Thonon-les-Bains,,,"https://www.google.com/maps/search/?api=1&query=46.378265,6.48414",Cabinet Greneche,https://grenecheimmo.fr/fr/propriete/vente+appartement+thonon-les-bains+appartement-t4-neuf+86974022,,,,"9 Avenue du Léman, 74200 Thonon-les-Bains",110.0,1487.0,4.0,109.93,,,0.06,,habitavel
apartamento,Thonon-les-Bains,,,"https://www.google.com/maps/search/?api=1&query=46.378265,6.48414",Cabinet Greneche,https://grenecheimmo.fr/fr/propriete/vente+appartement+thonon-les-bains+appartement-4-pieces-local-entrepot-artisanal-thonon-les-bains+86641773,,,True,"9 Avenue du Léman, 74200 Thonon-les-Bains",110.0,1487.0,4.0,112.0,,4.0,1.79,,habitavel
apartamento,Thonon-les-Bains,,,"https://www.google.com/maps/search/?api=1&query=46.378265,6.48414",Cabinet Greneche,https://grenecheimmo.fr/fr/propriete/vente+appartement+thonon-les-bains+duplex-4-pieces-thonon-les-bains+85982874,,,True,"9 Avenue du Léman, 74200 Thonon-les-Bains",110.0,1487.0,4.0,112.0,,4.0,1.79,,habitavel
apartamento,Thonon-les-Bains,,,"https://www.google.com/maps/search/?api=1&query=46.366345,6.503156",Agence Barnoud Thonon,https://www.barnoud-immobilier.fr/vente/74-haute-savoie/1-thonon-les-bains/2-appartement/t4/9874-thonon-appartement-t4/,,,,"17 Chemin du Pré des Moines, 74200 Thonon-les-Bains",73.0,3060.0,4.0,71.85,,,1.58,,habitavel
apartamento,Thonon-les-Bains,,,"https://www.google.com/maps/search/?api=1&query=46.366345,6.503156",Christelle Vannier Immobilier,https://cvannier-immobilier.com/fr/propriete/vente+appartement+thonon-les-bains+special-investissement-t4-thonon-centre-ville+86649876,,,True,"17 Chemin du Pré des Moines, 74200 Thonon-les-Bains",73.0,3060.0,4.0,72.0,,4.0,1.37,,habitavel
apartamento,Évian-les-Bains,,,"https://www.google.com/maps/search/?api=1&query=46.401621,6.603132",CENTURY 21 Chablais Léman Évian,https://www.century21-chablais-leman-evian.com/trouver_logement/detail/12331772638/,,,True,"21 Quai Paul Leger - Rd 1005, 74500 Évian-les-Bains",100.0,4655.0,4.0,100.0,,4.0,0.0,,habitavel
apartamento,Évian-les-Bains,,,"https://www.google.com/maps/search/?api=1&query=46.400009,6.597219",Cabinet Greneche,https://grenecheimmo.fr/fr/propriete/vente+appartement+evian-les-bains+t3-evian-face-embarcadere+86708984,,,,"3 Avenue D Abondance - Rd 24, 74500 Évian-les-Bains",77.0,402.0,2.0,76.28,,,0.94,,habitavel
apartamento,Thonon-les-Bains,,,"https://www.google.com/maps/search/?api=1&query=46.365222,6.46295",Agence Barnoud Thonon,https://www.barnoud-immobilier.fr/vente/74-haute-savoie/1-thonon-les-bains/2-appartement/t3/9917-a-thonon-les-bains-appartement-a-acheter-avec-2-chambres/,,,,"13 Avenue du Vernay, 74200 Thonon-les-Bains",70.0,1500.0,2.0,69.52,,,0.69,,habitavel
apartamento,Thonon-les-Bains,,,"https://www.google.com/maps/search/?api=1&query=46.364172,6.47842",Agence Lehmann,https://lehmann-immo.com/fr/propriete/vente+appartement+thonon-les-bains+appartement-moderne-t3-a-thonon-les-bains+87100377,,,,"20 Avenue des Allinges, 74200 Thonon-les-Bains",68.0,363.0,2.0,66.44,,,2.29,,habitavel
apartamento,Thonon-les-Bains,,,"https://www.google.com/maps/search/?api=1&query=46.364172,6.47842",Agence Barnoud Thonon,https://www.barnoud-immobilier.fr/vente/74-haute-savoie/1-thonon-les-bains/2-appartement/t3/9917-a-thonon-les-bains-appartement-a-acheter-avec-2-chambres/,,,,"20 Avenue des Allinges, 74200 Thonon-les-Bains",68.0,363.0,2.0,69.52,,,2.19,,habitavel
apartamento,Thonon-les-Bains,,,"https://www.google.com/maps/search/?api=1&query=46.372434,6.479932",Laforêt Thonon-Évian,https://www.laforet.com/agence-immobiliere/thonon-evian/acheter/thonon-les-bains/appartement-2-pieces-52196779,,,True,"12 Rue Chante Coq, 74200 Thonon-les-Bains",45.0,150.0,2.0,45.0,,2.0,0.0,,habitavel
apartamento,Thonon-les-Bains,,,"https://www.google.com/maps/search/?api=1&query=46.372434,6.479932",Leman Property Thonon,https://www.leman-property.com/vente/appartement/thonon-les-bains/en-exclusivite-t2-rez-de-jardin-thonon-st-disdille/,,,,"12 Rue Chante Coq, 74200 Thonon-les-Bains",45.0,150.0,2.0,44.0,,,2.22,,habitavel
apartamento,Thonon-les-Bains,,,"https://www.google.com/maps/search/?api=1&query=46.372434,6.479932",A&P Immobilier,https://www.immobilierapi.com/vente/1-thonon-les-bains/appartement/t2/853-thonon-les-bains-a-vendre-appartement-en-plateau-brut-a-amenager-parking-et-cave-thonon-ouest/,,,True,"12 Rue Chante Coq, 74200 Thonon-les-Bains",45.0,150.0,2.0,44.3,,2.0,1.56,,habitavel
apartamento,Thonon-les-Bains,,,"https://www.google.com/maps/search/?api=1&query=46.372434,6.479932",Poirier Immobilier Thonon,https://www.poirier-immobilier.com/vente/6-thonon-les-bains/appartement/2317-a-decouvrir-appartement-t2-avec-fort-potentiel-a-rafraichir-selon-vos-envies,,,True,"12 Rue Chante Coq, 74200 Thonon-les-Bains",45.0,150.0,2.0,44.78,,2.0,0.49,,habitavel
apartamento,Thonon-les-Bains,,,"https://www.google.com/maps/search/?api=1&query=46.372434,6.479932",Agence Barnoud Thonon,https://www.barnoud-immobilier.fr/vente/74-haute-savoie/1-thonon-les-bains/2-appartement/t2/11354-appartement-de-type-2-a-vendre-a-thonon-les-bains/,,,,"12 Rue Chante Coq, 74200 Thonon-les-Bains",45.0,150.0,2.0,46.0,,,2.17,,habitavel
apartamento,Thonon-les-Bains,,,"https://www.google.com/maps/search/?api=1&query=46.37151,6.478379",Laforêt Thonon-Évian,https://www.laforet.com/agence-immobiliere/thonon-evian/acheter/thonon-les-bains/appartement-3-pieces-52196857,,,True,"9 Rue Vallon, 74200 Thonon-les-Bains",64.0,102.0,3.0,65.0,,3.0,1.54,,habitavel
apartamento,Thonon-les-Bains,,,"https://www.google.com/maps/search/?api=1&query=46.37151,6.478379",A&P Immobilier,https://www.immobilierapi.com/vente/1-thonon-les-bains/appartement/t3/894-thonon-les-bains-nouvelle-exclusivite-t3-en-rez-de-jardin-a-decouvrir/,,,True,"9 Rue Vallon, 74200 Thonon-les-Bains",64.0,102.0,3.0,63.0,,3.0,1.56,,habitavel
apartamento,Thonon-les-Bains,,,"https://www.google.com/maps/search/?api=1&query=46.37151,6.478379",A&P Immobilier,https://www.immobilierapi.com/vente/1-thonon-les-bains/appartement/t3/806-t3-a-fort-potentiel-thonon-les-bains-parking-et-cave-thonon-ouest/,,,True,"9 Rue Vallon, 74200 Thonon-les-Bains",64.0,102.0,3.0,63.6,,3.0,0.62,,habitavel
apartamento,Thonon-les-Bains,,,"https://www.google.com/maps/search/?api=1&query=46.37151,6.478379",Christelle Vannier Immobilier,https://cvannier-immobilier.com/fr/propriete/vente+appartement+thonon-les-bains+exclusivite-t3-en-rez-de-jardin-avec-garage+87300076,,,True,"9 Rue Vallon, 74200 Thonon-les-Bains",64.0,102.0,3.0,65.42,,3.0,2.17,,habitavel
apartamento,Thonon-les-Bains,,,"https://www.google.com/maps/search/?api=1&query=46.37151,6.478379",Christelle Vannier Immobilier,https://cvannier-immobilier.com/fr/propriete/vente+appartement+thonon-les-bains+exclusivite-t3-en-duplex+87254132,,,True,"9 Rue Vallon, 74200 Thonon-les-Bains",64.0,102.0,3.0,65.0,,3.0,1.54,,habitavel
apartamento,Thonon-les-Bains,,,"https://www.google.com/maps/search/?api=1&query=46.37151,6.478379",Christelle Vannier Immobilier,https://cvannier-immobilier.com/fr/propriete/vente+appartement+thonon-les-bains+exclusivite-appartement-type-3-avec-garage+84395461,,,True,"9 Rue Vallon, 74200 Thonon-les-Bains",64.0,102.0,3.0,65.0,,3.0,1.54,,habitavel
apartamento,Évian-les-Bains,,,"https://www.google.com/maps/search/?api=1&query=46.399269,6.586674",Leman Property Évian,https://www.leman-property.com/vente/appartement/evian-les-bains/appartement-t4-rez-de-jardin-evian-les-bains/,,,,"31 Boulevard Jean Jaures, 74500 Évian-les-Bains",96.0,519.0,4.0,96.0,,,0.0,,habitavel
apartamento,Évian-les-Bains,,,"https://www.google.com/maps/search/?api=1&query=46.399269,6.586674",Cabinet Greneche,https://grenecheimmo.fr/fr/propriete/vente+appartement+evian-les-bains+t3-evian-centre-ville+86400014,,,,"31 Boulevard Jean Jaures, 74500 Évian-les-Bains",96.0,519.0,4.0,95.0,,,1.04,,habitavel
apartamento,Thonon-les-Bains,,,"https://www.google.com/maps/search/?api=1&query=46.380868,6.486993",Laforêt Thonon-Évian,https://www.laforet.com/agence-immobiliere/thonon-evian/acheter/thonon-les-bains/appartement-2-pieces-52558897,,,True,"29 Avenue des Ducs de Savoie, 74200 Thonon-les-Bains",34.0,174.0,2.0,34.0,,2.0,0.0,,habitavel
apartamento,Thonon-les-Bains,,,"https://www.google.com/maps/search/?api=1&query=46.370665,6.483411",Christelle Vannier Immobilier,https://cvannier-immobilier.com/fr/propriete/vente+appartement+thonon-les-bains+thonon-les-bains-t4-avec-loggia-et-vue-montagnes+86973545,,,True,"15 Boulevard Georges Andrier, 74200 Thonon-les-Bains",92.0,134.0,4.0,91.83,,4.0,0.18,,habitavel
apartamento,Thonon-les-Bains,,,"https://www.google.com/maps/search/?api=1&query=46.370665,6.483411",Laforêt Thonon-Évian,https://www.laforet.com/agence-immobiliere/thonon-evian/acheter/thonon-les-bains/appartement-4-pieces-52778750#section-video,,,True,"15 Boulevard Georges Andrier, 74200 Thonon-les-Bains",92.0,134.0,4.0,91.0,,4.0,1.09,,habitavel
apartamento,Thonon-les-Bains,,,"https://www.google.com/maps/search/?api=1&query=46.370665,6.483411",Laforêt Thonon-Évian,https://www.laforet.com/agence-immobiliere/thonon-evian/acheter/thonon-les-bains/appartement-4-pieces-52778750,,,True,"15 Boulevard Georges Andrier, 74200 Thonon-les-Bains",92.0,134.0,4.0,91.0,,4.0,1.09,,habitavel
apartamento,Thonon-les-Bains,,,"https://www.google.com/maps/search/?api=1&query=46.365132,6.477048",Laforêt Thonon-Évian,https://www.laforet.com/agence-immobiliere/thonon-evian/acheter/thonon-les-bains/appartement-2-pieces-52196779,,,True,"2 Impasse du Jura, 74200 Thonon-les-Bains",44.0,795.0,2.0,45.0,,2.0,2.22,,habitavel
apartamento,Thonon-les-Bains,,,"https://www.google.com/maps/search/?api=1&query=46.365132,6.477048",Leman Property Thonon,https://www.leman-property.com/vente/appartement/thonon-les-bains/en-exclusivite-t2-rez-de-jardin-thonon-st-disdille/,,,,"2 Impasse du Jura, 74200 Thonon-les-Bains",44.0,795.0,2.0,44.0,,,0.0,,habitavel
apartamento,Thonon-les-Bains,,,"https://www.google.com/maps/search/?api=1&query=46.365132,6.477048",A&P Immobilier,https://www.immobilierapi.com/vente/1-thonon-les-bains/appartement/t2/853-thonon-les-bains-a-vendre-appartement-en-plateau-brut-a-amenager-parking-et-cave-thonon-ouest/,,,True,"2 Impasse du Jura, 74200 Thonon-les-Bains",44.0,795.0,2.0,44.3,,2.0,0.68,,habitavel
apartamento,Thonon-les-Bains,,,"https://www.google.com/maps/search/?api=1&query=46.365132,6.477048",Christelle Vannier Immobilier,https://cvannier-immobilier.com/fr/propriete/vente+appartement+thonon-les-bains+exclusivite-t2-centre-ville-thonon-les-bains+86925991,,,True,"2 Impasse du Jura, 74200 Thonon-les-Bains",44.0,795.0,2.0,43.6,,2.0,0.91,,habitavel
apartamento,Thonon-les-Bains,,,"https://www.google.com/maps/search/?api=1&query=46.365132,6.477048",Poirier Immobilier Thonon,https://www.poirier-immobilier.com/vente/6-thonon-les-bains/appartement/2317-a-decouvrir-appartement-t2-avec-fort-potentiel-a-rafraichir-selon-vos-envies,,,True,"2 Impasse du Jura, 74200 Thonon-les-Bains",44.0,795.0,2.0,44.78,,2.0,1.74,,habitavel
apartamento,Thonon-les-Bains,,,"https://www.google.com/maps/search/?api=1&query=46.369682,6.477076",CENTURY 21 Chablais-Léman Thonon,https://www.century21-chablais-leman-thonon.com/trouver_logement/detail/16436700333/,,,True,"8 Avenue du Général de Gaulle, 74200 Thonon-les-Bains",72.0,334.0,3.0,70.6,,3.0,1.94,,habitavel
apartamento,Thonon-les-Bains,,,"https://www.google.com/maps/search/?api=1&query=46.369682,6.477076",Agence Barnoud Thonon,https://www.barnoud-immobilier.fr/vente/74-haute-savoie/1-thonon-les-bains/2-appartement/t4/9874-thonon-appartement-t4/,,,,"8 Avenue du Général de Gaulle, 74200 Thonon-les-Bains",72.0,334.0,3.0,71.85,,,0.21,,habitavel
apartamento,Évian-les-Bains,,,"https://www.google.com/maps/search/?api=1&query=46.398006,6.585007",Nestenn Évian,https://immobilier-evian-les-bains.nestenn.com/avant-premiere-residence-alvea-a-evian-les-bains-ref-39323972,,,True,"24 Boulevard Du Bennevy, 74500 Évian-les-Bains",88.0,946.0,4.0,89.0,,4.0,1.12,,habitavel
apartamento,Thonon-les-Bains,,,"https://www.google.com/maps/search/?api=1&query=46.380943,6.486815",Laforêt Thonon-Évian,https://www.laforet.com/agence-immobiliere/thonon-evian/acheter/thonon-les-bains/appartement-2-pieces-52558897,,,True,"36 Avenue des Ducs de Savoie, 74200 Thonon-les-Bains",34.0,283.0,2.0,34.0,,2.0,0.0,,habitavel
apartamento,Thonon-les-Bains,,,"https://www.google.com/maps/search/?api=1&query=46.363616,6.478491",Agence Lehmann,https://lehmann-immo.com/fr/propriete/vente+appartement+thonon-les-bains+appartement-moderne-t3-a-thonon-les-bains+87100377,,,,"26 Avenue des Allinges, 74200 Thonon-les-Bains",68.0,771.0,2.0,66.44,,,2.29,,habitavel
apartamento,Thonon-les-Bains,,,"https://www.google.com/maps/search/?api=1&query=46.363616,6.478491",Agence Barnoud Thonon,https://www.barnoud-immobilier.fr/vente/74-haute-savoie/1-thonon-les-bains/2-appartement/t3/9917-a-thonon-les-bains-appartement-a-acheter-avec-2-chambres/,,,,"26 Avenue des Allinges, 74200 Thonon-les-Bains",68.0,771.0,2.0,69.52,,,2.19,,habitavel
apartamento,Évian-les-Bains,,,"https://www.google.com/maps/search/?api=1&query=46.400137,6.598878",Nestenn Évian,https://immobilier-evian-les-bains.nestenn.com/centre-d-evian-grand-t3-dans-residence-recente-avec-ascenseur-parking-disponible-ref-39259091,,,True,"6 Avenue Des Grottes, 74500 Évian-les-Bains",70.0,638.0,3.0,71.0,,3.0,1.41,,habitavel
apartamento,Thonon-les-Bains,,,"https://www.google.com/maps/search/?api=1&query=46.360949,6.478047",CENTURY 21 Chablais-Léman Thonon,https://www.century21-chablais-leman-thonon.com/trouver_logement/detail/15698583939/,,,True,"1 Avenue de la Dame, 74200 Thonon-les-Bains",57.0,612.0,3.0,58.39,,3.0,2.38,,habitavel
apartamento,Thonon-les-Bains,,,"https://www.google.com/maps/search/?api=1&query=46.373051,6.480654",Dupraz Immobilier Thonon,https://www.dupraz-immobilier.com/ville_bien/fiches/3-33-29_60896304/t3-de-76-m2-avec-terrasse-de-25-m2-garage-cave-et-stationnement.html,,,,"6 Place du 8 Mai 1945, 74200 Thonon-les-Bains",77.0,1171.0,4.0,76.0,,,1.3,,habitavel
apartamento,Thonon-les-Bains,,,"https://www.google.com/maps/search/?api=1&query=46.370593,6.487346",Dupraz Immobilier Thonon,https://www.dupraz-immobilier.com/ville_bien/fiches/3-33-29_60896304/t3-de-76-m2-avec-terrasse-de-25-m2-garage-cave-et-stationnement.html,,,,"22 Avenue des Vallées, 74200 Thonon-les-Bains",75.0,402.0,4.0,76.0,,,1.32,,habitavel
apartamento,Thonon-les-Bains,,,"https://www.google.com/maps/search/?api=1&query=46.374955,6.487114",Agence Barnoud Thonon,https://www.barnoud-immobilier.fr/vente/74-haute-savoie/1-thonon-les-bains/2-appartement/t2/10682-rez-jardin-17-54m-au-calme-t2-52m/,,,,"49 Avenue Jules Ferry, 74200 Thonon-les-Bains",53.0,1056.0,2.0,52.04,,,1.81,,habitavel
apartamento,Thonon-les-Bains,,,"https://www.google.com/maps/search/?api=1&query=46.370599,6.482051",Poirier Immobilier Thonon,https://www.poirier-immobilier.com/vente/6-thonon-les-bains/appartement/2365-appartement-de-type-2-renove-avec-gout,,,True,"6 Rue Jean Blanchard, 74200 Thonon-les-Bains",57.0,115.0,2.0,55.88,,2.0,1.96,,habitavel
apartamento,Thonon-les-Bains,,,"https://www.google.com/maps/search/?api=1&query=46.371202,6.479514",Laforêt Thonon-Évian,https://www.laforet.com/agence-immobiliere/thonon-evian/acheter/thonon-les-bains/appartement-4-pieces-21989784,,,True,"6 Rue des Arts, 74200 Thonon-les-Bains",86.0,112.0,4.0,87.0,241.0,4.0,1.15,,habitavel
apartamento,Thonon-les-Bains,,,"https://www.google.com/maps/search/?api=1&query=46.371202,6.479514",Christelle Vannier Immobilier,https://cvannier-immobilier.com/fr/propriete/vente+appartement+thonon-les-bains+appartement-t4-en-attique-residence-neuve+86566650,,,True,"6 Rue des Arts, 74200 Thonon-les-Bains",86.0,112.0,4.0,87.33,,4.0,1.52,,habitavel
apartamento,Thonon-les-Bains,,,"https://www.google.com/maps/search/?api=1&query=46.371202,6.479514",Laforêt Thonon-Évian,https://www.laforet.com/agence-immobiliere/thonon-evian/acheter/thonon-les-bains/appartement-4-pieces-52648362,,,True,"6 Rue des Arts, 74200 Thonon-les-Bains",86.0,112.0,4.0,84.0,,4.0,2.33,,habitavel
apartamento,Thonon-les-Bains,,,"https://www.google.com/maps/search/?api=1&query=46.371202,6.479514",Christelle Vannier Immobilier,https://cvannier-immobilier.com/fr/propriete/vente+appartement+thonon-les-bains+appartement-t4-thonon-les-bains-concise+87257451,,,True,"6 Rue des Arts, 74200 Thonon-les-Bains",86.0,112.0,4.0,85.92,,4.0,0.09,,habitavel
apartamento,Thonon-les-Bains,,,"https://www.google.com/maps/search/?api=1&query=46.362056,6.449094",CENTURY 21 Chablais-Léman Thonon,https://www.century21-chablais-leman-thonon.com/trouver_logement/detail/16350251916/,,,True,"4 Rue du Lac, 74200 Thonon-les-Bains",60.0,1533.0,3.0,60.0,,3.0,0.0,,habitavel
apartamento,Thonon-les-Bains,,,"https://www.google.com/maps/search/?api=1&query=46.362056,6.449094",Agence Lehmann,https://lehmann-immo.com/fr/propriete/vente+appartement+thonon-les-bains+87286557,,,,"4 Rue du Lac, 74200 Thonon-les-Bains",60.0,1533.0,3.0,61.22,,,1.99,,habitavel
apartamento,Thonon-les-Bains,,,"https://www.google.com/maps/search/?api=1&query=46.374182,6.482468",Laforêt Thonon-Évian,https://www.laforet.com/agence-immobiliere/thonon-evian/acheter/thonon-les-bains/appartement-4-pieces-21989784,,,True,"1 Rue des Potiers, 74200 Thonon-les-Bains",85.0,4084.0,4.0,87.0,241.0,4.0,2.3,,habitavel
apartamento,Thonon-les-Bains,,,"https://www.google.com/maps/search/?api=1&query=46.374182,6.482468",Christelle Vannier Immobilier,https://cvannier-immobilier.com/fr/propriete/vente+appartement+thonon-les-bains+exclusivite-nouveaute-t4-avec-jardin-garage-et-cave+87049047,,,True,"1 Rue des Potiers, 74200 Thonon-les-Bains",85.0,4084.0,4.0,83.8,,4.0,1.41,,habitavel
apartamento,Thonon-les-Bains,,,"https://www.google.com/maps/search/?api=1&query=46.374182,6.482468",Laforêt Thonon-Évian,https://www.laforet.com/agence-immobiliere/thonon-evian/acheter/thonon-les-bains/appartement-4-pieces-52648362,,,True,"1 Rue des Potiers, 74200 Thonon-les-Bains",85.0,4084.0,4.0,84.0,,4.0,1.18,,habitavel
apartamento,Thonon-les-Bains,,,"https://www.google.com/maps/search/?api=1&query=46.374182,6.482468",Christelle Vannier Immobilier,https://cvannier-immobilier.com/fr/propriete/vente+appartement+thonon-les-bains+appartement-t4-thonon-les-bains-concise+87257451,,,True,"1 Rue des Potiers, 74200 Thonon-les-Bains",85.0,4084.0,4.0,85.92,,4.0,1.07,,habitavel
apartamento,Thonon-les-Bains,,,"https://www.google.com/maps/search/?api=1&query=46.374182,6.482468",Christelle Vannier Immobilier,https://cvannier-immobilier.com/fr/propriete/vente+appartement+thonon-les-bains+appartement-de-type-4-avec-2-places-de-parking-en-sous-sol+86648754,,,True,"1 Rue des Potiers, 74200 Thonon-les-Bains",85.0,4084.0,4.0,83.55,,4.0,1.71,,habitavel
apartamento,Évian-les-Bains,,,"https://www.google.com/maps/search/?api=1&query=46.399659,6.596651",Nestenn Évian,https://immobilier-evian-les-bains.nestenn.com/programme-neuf-evian-les-bains-du-t2-au-t4-ref-39323966,,,True,"66 Boulevard Jean Jaures, 74500 Évian-les-Bains",57.0,249.0,3.0,58.0,,3.0,1.72,,habitavel
apartamento,Évian-les-Bains,,,"https://www.google.com/maps/search/?api=1&query=46.399659,6.596651",Poirier Immobilier Évian,https://www.poirier-immobilier.com/vente/5-evian-les-bains/appartement/2112-appartement-3-pieces-au-centre-ville-d-evian-les-bains,,,True,"66 Boulevard Jean Jaures, 74500 Évian-les-Bains",57.0,249.0,3.0,55.77,,3.0,2.16,,habitavel
apartamento,Thonon-les-Bains,,,"https://www.google.com/maps/search/?api=1&query=46.363243,6.477885",Cabinet Greneche,https://grenecheimmo.fr/fr/propriete/vente+appartement+thonon-les-bains+appartement-t4-neuf+86974022,,,,"2 Impasse des Acacias, 74200 Thonon-les-Bains",112.0,752.0,6.0,109.93,,,1.85,,habitavel
apartamento,Thonon-les-Bains,,,"https://www.google.com/maps/search/?api=1&query=46.365944,6.461094",Leman Property Thonon,https://www.leman-property.com/vente/appartement/thonon-les-bains/appartement-t3-coup-de-coeur/,,,,"22 Avenue du Vernay, 74200 Thonon-les-Bains",51.0,568.0,3.0,50.0,,,1.96,,habitavel
apartamento,Thonon-les-Bains,,,"https://www.google.com/maps/search/?api=1&query=46.365944,6.461094",Agence Barnoud Thonon,https://www.barnoud-immobilier.fr/vente/74-haute-savoie/1-thonon-les-bains/2-appartement/t2/10682-rez-jardin-17-54m-au-calme-t2-52m/,,,,"22 Avenue du Vernay, 74200 Thonon-les-Bains",51.0,568.0,3.0,52.04,,,2.0,,habitavel
apartamento,Thonon-les-Bains,,,"https://www.google.com/maps/search/?api=1&query=46.365944,6.461094",Agence Barnoud Thonon,https://www.barnoud-immobilier.fr/vente/74-haute-savoie/1-thonon-les-bains/2-appartement/t2/11274-appartement-t2-51-15m/,,,,"22 Avenue du Vernay, 74200 Thonon-les-Bains",51.0,568.0,3.0,51.15,,,0.29,,habitavel
apartamento,Thonon-les-Bains,,,"https://www.google.com/maps/search/?api=1&query=46.381828,6.491466",Agence Barnoud Thonon,https://www.barnoud-immobilier.fr/vente/74-haute-savoie/1-thonon-les-bains/2-appartement/t2/10682-rez-jardin-17-54m-au-calme-t2-52m/,,,,"16 Impasse de la Combe, 74200 Thonon-les-Bains",52.0,548.0,2.0,52.04,,,0.08,,habitavel
apartamento,Thonon-les-Bains,,,"https://www.google.com/maps/search/?api=1&query=46.381828,6.491466",Agence Barnoud Thonon,https://www.barnoud-immobilier.fr/vente/74-haute-savoie/1-thonon-les-bains/2-appartement/t2/11274-appartement-t2-51-15m/,,,,"16 Impasse de la Combe, 74200 Thonon-les-Bains",52.0,548.0,2.0,51.15,,,1.63,,habitavel
apartamento,Évian-les-Bains,,,"https://www.google.com/maps/search/?api=1&query=46.394472,6.578997",CENTURY 21 Chablais Léman Évian,https://www.century21-chablais-leman-evian.com/trouver_logement/detail/16154726461/,,,True,"16 Route Du Golf, 74500 Évian-les-Bains",48.0,732.0,2.0,48.0,,2.0,0.0,,habitavel
apartamento,Évian-les-Bains,,,"https://www.google.com/maps/search/?api=1&query=46.394472,6.578997",Nestenn Évian,https://immobilier-evian-les-bains.nestenn.com/programme-neuf-evian-les-bains-du-t2-au-t4-ref-39323663,,,True,"16 Route Du Golf, 74500 Évian-les-Bains",48.0,732.0,2.0,48.0,,2.0,0.0,,habitavel
apartamento,Évian-les-Bains,,,"https://www.google.com/maps/search/?api=1&query=46.394472,6.578997",Nestenn Évian,https://immobilier-evian-les-bains.nestenn.com/programme-neuf-evian-les-bains-du-t2-au-t4-ref-39323957,,,True,"16 Route Du Golf, 74500 Évian-les-Bains",48.0,732.0,2.0,48.0,,2.0,0.0,,habitavel
apartamento,Évian-les-Bains,,,"https://www.google.com/maps/search/?api=1&query=46.394472,6.578997",Nestenn Évian,https://immobilier-evian-les-bains.nestenn.com/programme-neuf-evian-les-bains-du-t2-au-t4-ref-39323649,,,True,"16 Route Du Golf, 74500 Évian-les-Bains",48.0,732.0,2.0,48.0,,2.0,0.0,,habitavel
apartamento,Thonon-les-Bains,,,"https://www.google.com/maps/search/?api=1&query=46.370301,6.499544",Laforêt Thonon-Évian,https://www.laforet.com/agence-immobiliere/thonon-evian/acheter/thonon-les-bains/appartement-3-pieces-52703873,,,True,"32 Chemin des Tissottes, 74200 Thonon-les-Bains",76.0,565.0,3.0,75.0,,3.0,1.32,,habitavel
apartamento,Thonon-les-Bains,,,"https://www.google.com/maps/search/?api=1&query=46.370301,6.499544",Laforêt Thonon-Évian,https://www.laforet.com/agence-immobiliere/thonon-evian/acheter/thonon-les-bains/appartement-3-pieces-52584814,,,True,"32 Chemin des Tissottes, 74200 Thonon-les-Bains",76.0,565.0,3.0,76.0,,3.0,0.0,,habitavel
apartamento,Thonon-les-Bains,,,"https://www.google.com/maps/search/?api=1&query=46.370301,6.499544",Dupraz Immobilier Thonon,https://www.dupraz-immobilier.com/ville_bien/fiches/3-33-29_60896304/t3-de-76-m2-avec-terrasse-de-25-m2-garage-cave-et-stationnement.html,,,,"32 Chemin des Tissottes, 74200 Thonon-les-Bains",76.0,565.0,3.0,76.0,,,0.0,,habitavel
apartamento,Thonon-les-Bains,,,"https://www.google.com/maps/search/?api=1&query=46.370301,6.499544",Laforêt Thonon-Évian,https://www.laforet.com/agence-immobiliere/thonon-evian/acheter/thonon-les-bains/appartement-3-pieces-52402655,,,True,"32 Chemin des Tissottes, 74200 Thonon-les-Bains",76.0,565.0,3.0,75.0,,3.0,1.32,,habitavel
apartamento,Thonon-les-Bains,,,"https://www.google.com/maps/search/?api=1&query=46.370301,6.499544",Poirier Immobilier Thonon,https://www.poirier-immobilier.com/vente/6-thonon-les-bains/appartement/2456-spacieux-appartement-de-type-3-avec-garage-proche-centre-ville,,,True,"32 Chemin des Tissottes, 74200 Thonon-les-Bains",76.0,565.0,3.0,76.12,,3.0,0.16,,habitavel
apartamento,Thonon-les-Bains,,,"https://www.google.com/maps/search/?api=1&query=46.364768,6.475017",CENTURY 21 Chablais-Léman Thonon,https://www.century21-chablais-leman-thonon.com/trouver_logement/detail/16436700333/,,,True,"32 Rue des Alpes, 74200 Thonon-les-Bains",70.0,600.0,3.0,70.6,,3.0,0.85,,habitavel
apartamento,Thonon-les-Bains,,,"https://www.google.com/maps/search/?api=1&query=46.364768,6.475017",Agence Barnoud Thonon,https://www.barnoud-immobilier.fr/vente/74-haute-savoie/1-thonon-les-bains/2-appartement/t3/9917-a-thonon-les-bains-appartement-a-acheter-avec-2-chambres/,,,,"32 Rue des Alpes, 74200 Thonon-les-Bains",70.0,600.0,3.0,69.52,,,0.69,,habitavel
apartamento,Thonon-les-Bains,,,"https://www.google.com/maps/search/?api=1&query=46.364768,6.475017",Christelle Vannier Immobilier,https://cvannier-immobilier.com/fr/propriete/vente+appartement+thonon-les-bains+exclusivite-appartement-t3-avec-garage-+86909438,,,True,"32 Rue des Alpes, 74200 Thonon-les-Bains",70.0,600.0,3.0,68.98,,3.0,1.46,,habitavel
apartamento,Thonon-les-Bains,,,"https://www.google.com/maps/search/?api=1&query=46.3708,6.482199",Poirier Immobilier Thonon,https://www.poirier-immobilier.com/vente/6-thonon-les-bains/appartement/2365-appartement-de-type-2-renove-avec-gout,,,True,"1 Boulevard Georges Andrier, 74200 Thonon-les-Bains",57.0,419.0,2.0,55.88,,2.0,1.96,,habitavel
apartamento,Évian-les-Bains,,,"https://www.google.com/maps/search/?api=1&query=46.39829,6.584135",Leman Property Évian,https://www.leman-property.com/vente/appartement/evian-les-bains/appartement-4-pieces-avec-jardin-a-neuvecelle/,,,,"8 Avenue De Larringes, 74500 Évian-les-Bains",85.0,364.0,3.0,84.0,,,1.18,,habitavel
apartamento,Évian-les-Bains,,,"https://www.google.com/maps/search/?api=1&query=46.400357,6.592219",Cabinet Greneche,https://grenecheimmo.fr/fr/propriete/vente+appartement+evian-les-bains+t3-evian-face-embarcadere+86708984,,,,"26 Rue Nationale, 74500 Évian-les-Bains",77.0,315.0,2.0,76.28,,,0.94,,habitavel
apartamento,Thonon-les-Bains,,,"https://www.google.com/maps/search/?api=1&query=46.371157,6.479909",Cabinet Greneche,https://grenecheimmo.fr/fr/propriete/vente+appartement+thonon-les-bains+t4-neuf-dernier-etage-thonon-les-bains+87034948,,,,"12 Rue des Arts, 74200 Thonon-les-Bains",127.0,150.0,4.0,124.11,,,2.28,,habitavel
apartamento,Thonon-les-Bains,,,"https://www.google.com/maps/search/?api=1&query=46.372503,6.480069",Laforêt Thonon-Évian,https://www.laforet.com/agence-immobiliere/thonon-evian/acheter/thonon-les-bains/appartement-2-pieces-52196779,,,True,"16 Rue Chante Coq, 74200 Thonon-les-Bains",45.0,129.0,2.0,45.0,,2.0,0.0,,habitavel
apartamento,Thonon-les-Bains,,,"https://www.google.com/maps/search/?api=1&query=46.372503,6.480069",Leman Property Thonon,https://www.leman-property.com/vente/appartement/thonon-les-bains/en-exclusivite-t2-rez-de-jardin-thonon-st-disdille/,,,,"16 Rue Chante Coq, 74200 Thonon-les-Bains",45.0,129.0,2.0,44.0,,,2.22,,habitavel
apartamento,Thonon-les-Bains,,,"https://www.google.com/maps/search/?api=1&query=46.372503,6.480069",A&P Immobilier,https://www.immobilierapi.com/vente/1-thonon-les-bains/appartement/t2/853-thonon-les-bains-a-vendre-appartement-en-plateau-brut-a-amenager-parking-et-cave-thonon-ouest/,,,True,"16 Rue Chante Coq, 74200 Thonon-les-Bains",45.0,129.0,2.0,44.3,,2.0,1.56,,habitavel
apartamento,Thonon-les-Bains,,,"https://www.google.com/maps/search/?api=1&query=46.372503,6.480069",Poirier Immobilier Thonon,https://www.poirier-immobilier.com/vente/6-thonon-les-bains/appartement/2317-a-decouvrir-appartement-t2-avec-fort-potentiel-a-rafraichir-selon-vos-envies,,,True,"16 Rue Chante Coq, 74200 Thonon-les-Bains",45.0,129.0,2.0,44.78,,2.0,0.49,,habitavel
apartamento,Thonon-les-Bains,,,"https://www.google.com/maps/search/?api=1&query=46.372503,6.480069",Agence Barnoud Thonon,https://www.barnoud-immobilier.fr/vente/74-haute-savoie/1-thonon-les-bains/2-appartement/t2/11354-appartement-de-type-2-a-vendre-a-thonon-les-bains/,,,,"16 Rue Chante Coq, 74200 Thonon-les-Bains",45.0,129.0,2.0,46.0,,,2.17,,habitavel
apartamento,Évian-les-Bains,,,"https://www.google.com/maps/search/?api=1&query=46.400095,6.596005",Cabinet Greneche,https://grenecheimmo.fr/fr/propriete/vente+appartement+evian-les-bains+evian-les-bains-t2-en-souplex+87293704,,,,"16 Rue Bernard Moutardier, 74500 Évian-les-Bains",74.0,365.0,2.0,74.0,,,0.0,,habitavel
apartamento,Thonon-les-Bains,,,"https://www.google.com/maps/search/?api=1&query=46.367055,6.469765",Agence Barnoud Thonon,https://www.barnoud-immobilier.fr/vente/74-haute-savoie/1-thonon-les-bains/2-appartement/t2/10682-rez-jardin-17-54m-au-calme-t2-52m/,,,,"45 Avenue du Général de Gaulle, 74200 Thonon-les-Bains",53.0,763.0,3.0,52.04,,,1.81,,habitavel
apartamento,Thonon-les-Bains,,,"https://www.google.com/maps/search/?api=1&query=46.366708,6.46049",Laforêt Thonon-Évian,https://www.laforet.com/agence-immobiliere/thonon-evian/acheter/thonon-les-bains/appartement-3-pieces-52584814,,,True,"28 Avenue du Vernay, 74200 Thonon-les-Bains",77.0,1520.0,3.0,76.0,,3.0,1.3,,habitavel
apartamento,Thonon-les-Bains,,,"https://www.google.com/maps/search/?api=1&query=46.366708,6.46049",Dupraz Immobilier Thonon,https://www.dupraz-immobilier.com/ville_bien/fiches/3-33-29_60896304/t3-de-76-m2-avec-terrasse-de-25-m2-garage-cave-et-stationnement.html,,,,"28 Avenue du Vernay, 74200 Thonon-les-Bains",77.0,1520.0,3.0,76.0,,,1.3,,habitavel
apartamento,Thonon-les-Bains,,,"https://www.google.com/maps/search/?api=1&query=46.366708,6.46049",Poirier Immobilier Thonon,https://www.poirier-immobilier.com/vente/6-thonon-les-bains/appartement/2456-spacieux-appartement-de-type-3-avec-garage-proche-centre-ville,,,True,"28 Avenue du Vernay, 74200 Thonon-les-Bains",77.0,1520.0,3.0,76.12,,3.0,1.14,,habitavel
apartamento,Évian-les-Bains,,,"https://www.google.com/maps/search/?api=1&query=46.400636,6.594656",Nestenn Évian,https://immobilier-evian-les-bains.nestenn.com/a-vendre-a-evian-les-bains-t3-recent-2023-avec-grand-jardin-garage-ref-39584236,,,True,"8 Avenue Jean Leger, 74500 Évian-les-Bains",78.0,212.0,3.0,77.0,,3.0,1.28,,habitavel
apartamento,Évian-les-Bains,,,"https://www.google.com/maps/search/?api=1&query=46.400636,6.594656",Cabinet Greneche,https://grenecheimmo.fr/fr/propriete/vente+appartement+evian-les-bains+t3-evian-face-embarcadere+86708984,,,,"8 Avenue Jean Leger, 74500 Évian-les-Bains",78.0,212.0,3.0,76.28,,,2.21,,habitavel
apartamento,Évian-les-Bains,,,"https://www.google.com/maps/search/?api=1&query=46.400636,6.594656",Poirier Immobilier Évian,https://www.poirier-immobilier.com/vente/5-evian-les-bains/appartement/1933-appartement-3-pieces-a-evian-les-bains-avec-balcons-et-garage,,,True,"8 Avenue Jean Leger, 74500 Évian-les-Bains",78.0,212.0,3.0,78.09,,3.0,0.12,,habitavel
apartamento,Thonon-les-Bains,,,"https://www.google.com/maps/search/?api=1&query=46.370222,6.499649",Laforêt Thonon-Évian,https://www.laforet.com/agence-immobiliere/thonon-evian/acheter/thonon-les-bains/appartement-3-pieces-52703873,,,True,"34 Chemin des Tissottes, 74200 Thonon-les-Bains",76.0,431.0,3.0,75.0,,3.0,1.32,,habitavel
apartamento,Thonon-les-Bains,,,"https://www.google.com/maps/search/?api=1&query=46.370222,6.499649",Laforêt Thonon-Évian,https://www.laforet.com/agence-immobiliere/thonon-evian/acheter/thonon-les-bains/appartement-3-pieces-52584814,,,True,"34 Chemin des Tissottes, 74200 Thonon-les-Bains",76.0,431.0,3.0,76.0,,3.0,0.0,,habitavel
apartamento,Thonon-les-Bains,,,"https://www.google.com/maps/search/?api=1&query=46.370222,6.499649",Dupraz Immobilier Thonon,https://www.dupraz-immobilier.com/ville_bien/fiches/3-33-29_60896304/t3-de-76-m2-avec-terrasse-de-25-m2-garage-cave-et-stationnement.html,,,,"34 Chemin des Tissottes, 74200 Thonon-les-Bains",76.0,431.0,3.0,76.0,,,0.0,,habitavel
apartamento,Thonon-les-Bains,,,"https://www.google.com/maps/search/?api=1&query=46.370222,6.499649",Laforêt Thonon-Évian,https://www.laforet.com/agence-immobiliere/thonon-evian/acheter/thonon-les-bains/appartement-3-pieces-52402655,,,True,"34 Chemin des Tissottes, 74200 Thonon-les-Bains",76.0,431.0,3.0,75.0,,3.0,1.32,,habitavel
apartamento,Thonon-les-Bains,,,"https://www.google.com/maps/search/?api=1&query=46.370222,6.499649",Poirier Immobilier Thonon,https://www.poirier-immobilier.com/vente/6-thonon-les-bains/appartement/2456-spacieux-appartement-de-type-3-avec-garage-proche-centre-ville,,,True,"34 Chemin des Tissottes, 74200 Thonon-les-Bains",76.0,431.0,3.0,76.12,,3.0,0.16,,habitavel
apartamento,Évian-les-Bains,,,"https://www.google.com/maps/search/?api=1&query=46.40077,6.594698",Nestenn Évian,https://immobilier-evian-les-bains.nestenn.com/a-vendre-a-evian-les-bains-t3-recent-2023-avec-grand-jardin-garage-ref-39584236,,,True,"40 Rue De La Touviere, 74500 Évian-les-Bains",78.0,212.0,3.0,77.0,,3.0,1.28,,habitavel
apartamento,Évian-les-Bains,,,"https://www.google.com/maps/search/?api=1&query=46.40077,6.594698",Cabinet Greneche,https://grenecheimmo.fr/fr/propriete/vente+appartement+evian-les-bains+t3-evian-face-embarcadere+86708984,,,,"40 Rue De La Touviere, 74500 Évian-les-Bains",78.0,212.0,3.0,76.28,,,2.21,,habitavel
apartamento,Évian-les-Bains,,,"https://www.google.com/maps/search/?api=1&query=46.40077,6.594698",Poirier Immobilier Évian,https://www.poirier-immobilier.com/vente/5-evian-les-bains/appartement/1933-appartement-3-pieces-a-evian-les-bains-avec-balcons-et-garage,,,True,"40 Rue De La Touviere, 74500 Évian-les-Bains",78.0,212.0,3.0,78.09,,3.0,0.12,,habitavel
apartamento,Thonon-les-Bains,,,"https://www.google.com/maps/search/?api=1&query=46.363539,6.476197",Leman Property Thonon,https://www.leman-property.com/vente/appartement/thonon-les-bains/en-exclusivite-t2-rez-de-jardin-thonon-st-disdille/,,,,"26 Chemin du Martinet, 74200 Thonon-les-Bains",43.0,1545.0,2.0,44.0,,,2.27,,habitavel
apartamento,Thonon-les-Bains,,,"https://www.google.com/maps/search/?api=1&query=46.363539,6.476197",Agence Lehmann,https://lehmann-immo.com/fr/propriete/vente+appartement+thonon-les-bains+appartement-moderne-t2-a-thonon-les-bains+87095867,,,,"26 Chemin du Martinet, 74200 Thonon-les-Bains",43.0,1545.0,2.0,42.39,,,1.42,,habitavel
apartamento,Thonon-les-Bains,,,"https://www.google.com/maps/search/?api=1&query=46.363539,6.476197",Christelle Vannier Immobilier,https://cvannier-immobilier.com/fr/propriete/vente+appartement+thonon-les-bains+exclusivite-t2-centre-ville-thonon-les-bains+86925991,,,True,"26 Chemin du Martinet, 74200 Thonon-les-Bains",43.0,1545.0,2.0,43.6,,2.0,1.38,,habitavel
apartamento,Thonon-les-Bains,,,"https://www.google.com/maps/search/?api=1&query=46.372165,6.477297",Laforêt Thonon-Évian,https://www.laforet.com/agence-immobiliere/thonon-evian/acheter/thonon-les-bains/appartement-2-pieces-52534317,,,True,"1 Place Henri Bordeaux, 74200 Thonon-les-Bains",39.0,135.0,2.0,40.0,,2.0,2.5,,habitavel
apartamento,Thonon-les-Bains,,,"https://www.google.com/maps/search/?api=1&query=46.372165,6.477297",Leman Property Thonon,https://www.leman-property.com/vente/appartement/thonon-les-bains/thonon-les-bains-t2-duplex-renove-vue-lac/,,,,"1 Place Henri Bordeaux, 74200 Thonon-les-Bains",39.0,135.0,2.0,40.0,,,2.5,,habitavel
apartamento,Thonon-les-Bains,,,"https://www.google.com/maps/search/?api=1&query=46.372165,6.477297",Christelle Vannier Immobilier,https://cvannier-immobilier.com/fr/propriete/vente+appartement+thonon-les-bains+exclusivite-appartement-de-type-2-avec-cave+86737083,,,True,"1 Place Henri Bordeaux, 74200 Thonon-les-Bains",39.0,135.0,2.0,40.0,,2.0,2.5,,habitavel
apartamento,Thonon-les-Bains,,,"https://www.google.com/maps/search/?api=1&query=46.368462,6.473409",Agence Lehmann,https://lehmann-immo.com/fr/propriete/vente+appartement+thonon-les-bains+appartement-moderne-t2-a-thonon-les-bains+87095867,,,,"28 Avenue du Général de Gaulle, 74200 Thonon-les-Bains",42.0,1121.0,2.0,42.39,,,0.92,,habitavel
apartamento,Thonon-les-Bains,,,"https://www.google.com/maps/search/?api=1&query=46.374711,6.483752",Laforêt Thonon-Évian,https://www.laforet.com/agence-immobiliere/thonon-evian/acheter/thonon-les-bains/appartement-2-pieces-52196779,,,True,"19 Boulevard de Savoie, 74200 Thonon-les-Bains",45.0,550.0,2.0,45.0,,2.0,0.0,,habitavel
apartamento,Thonon-les-Bains,,,"https://www.google.com/maps/search/?api=1&query=46.374711,6.483752",Leman Property Thonon,https://www.leman-property.com/vente/appartement/thonon-les-bains/en-exclusivite-t2-rez-de-jardin-thonon-st-disdille/,,,,"19 Boulevard de Savoie, 74200 Thonon-les-Bains",45.0,550.0,2.0,44.0,,,2.22,,habitavel
apartamento,Thonon-les-Bains,,,"https://www.google.com/maps/search/?api=1&query=46.374711,6.483752",A&P Immobilier,https://www.immobilierapi.com/vente/1-thonon-les-bains/appartement/t2/853-thonon-les-bains-a-vendre-appartement-en-plateau-brut-a-amenager-parking-et-cave-thonon-ouest/,,,True,"19 Boulevard de Savoie, 74200 Thonon-les-Bains",45.0,550.0,2.0,44.3,,2.0,1.56,,habitavel
apartamento,Thonon-les-Bains,,,"https://www.google.com/maps/search/?api=1&query=46.374711,6.483752",Poirier Immobilier Thonon,https://www.poirier-immobilier.com/vente/6-thonon-les-bains/appartement/2317-a-decouvrir-appartement-t2-avec-fort-potentiel-a-rafraichir-selon-vos-envies,,,True,"19 Boulevard de Savoie, 74200 Thonon-les-Bains",45.0,550.0,2.0,44.78,,2.0,0.49,,habitavel
apartamento,Thonon-les-Bains,,,"https://www.google.com/maps/search/?api=1&query=46.374711,6.483752",Agence Barnoud Thonon,https://www.barnoud-immobilier.fr/vente/74-haute-savoie/1-thonon-les-bains/2-appartement/t2/11354-appartement-de-type-2-a-vendre-a-thonon-les-bains/,,,,"19 Boulevard de Savoie, 74200 Thonon-les-Bains",45.0,550.0,2.0,46.0,,,2.17,,habitavel
apartamento,Thonon-les-Bains,,,"https://www.google.com/maps/search/?api=1&query=46.3649,6.473901",CENTURY 21 Chablais-Léman Thonon,https://www.century21-chablais-leman-thonon.com/trouver_logement/detail/16436700333/,,,True,"36 Boulevard du Pré Cergues, 74200 Thonon-les-Bains",70.0,3703.0,3.0,70.6,,3.0,0.85,,habitavel
apartamento,Thonon-les-Bains,,,"https://www.google.com/maps/search/?api=1&query=46.3649,6.473901",Agence Barnoud Thonon,https://www.barnoud-immobilier.fr/vente/74-haute-savoie/1-thonon-les-bains/2-appartement/t3/9917-a-thonon-les-bains-appartement-a-acheter-avec-2-chambres/,,,,"36 Boulevard du Pré Cergues, 74200 Thonon-les-Bains",70.0,3703.0,3.0,69.52,,,0.69,,habitavel
apartamento,Thonon-les-Bains,,,"https://www.google.com/maps/search/?api=1&query=46.3649,6.473901",Christelle Vannier Immobilier,https://cvannier-immobilier.com/fr/propriete/vente+appartement+thonon-les-bains+exclusivite-appartement-t3-avec-garage-+86909438,,,True,"36 Boulevard du Pré Cergues, 74200 Thonon-les-Bains",70.0,3703.0,3.0,68.98,,3.0,1.46,,habitavel
apartamento,Thonon-les-Bains,,,"https://www.google.com/maps/search/?api=1&query=46.370955,6.482235",Poirier Immobilier Thonon,https://www.poirier-immobilier.com/vente/6-thonon-les-bains/appartement/2341-exclusivite-thonon-ouest-secteur-corzent,,,True,"4 Boulevard Georges Andrier, 74200 Thonon-les-Bains",138.0,171.0,5.0,137.45,,5.0,0.4,,habitavel
apartamento,Thonon-les-Bains,,,"https://www.google.com/maps/search/?api=1&query=46.366462,6.464066",Laforêt Thonon-Évian,https://www.laforet.com/agence-immobiliere/thonon-evian/acheter/thonon-les-bains/appartement-2-pieces-52196779,,,True,"3 Chemin de Mireille, 74200 Thonon-les-Bains",46.0,219.0,2.0,45.0,,2.0,2.17,,habitavel
apartamento,Thonon-les-Bains,,,"https://www.google.com/maps/search/?api=1&query=46.366462,6.464066",Agence Barnoud Thonon,https://www.barnoud-immobilier.fr/vente/74-haute-savoie/1-thonon-les-bains/2-appartement/t2/11354-appartement-de-type-2-a-vendre-a-thonon-les-bains/,,,,"3 Chemin de Mireille, 74200 Thonon-les-Bains",46.0,219.0,2.0,46.0,,,0.0,,habitavel
apartamento,Thonon-les-Bains,,,"https://www.google.com/maps/search/?api=1&query=46.370639,6.489749",Laforêt Thonon-Évian,https://www.laforet.com/agence-immobiliere/thonon-evian/acheter/thonon-les-bains/appartement-3-pieces-52196857,,,True,"38 Avenue des Vallées, 74200 Thonon-les-Bains",64.0,397.0,3.0,65.0,,3.0,1.54,,habitavel
apartamento,Thonon-les-Bains,,,"https://www.google.com/maps/search/?api=1&query=46.370639,6.489749",A&P Immobilier,https://www.immobilierapi.com/vente/1-thonon-les-bains/appartement/t3/894-thonon-les-bains-nouvelle-exclusivite-t3-en-rez-de-jardin-a-decouvrir/,,,True,"38 Avenue des Vallées, 74200 Thonon-les-Bains",64.0,397.0,3.0,63.0,,3.0,1.56,,habitavel
apartamento,Thonon-les-Bains,,,"https://www.google.com/maps/search/?api=1&query=46.370639,6.489749",A&P Immobilier,https://www.immobilierapi.com/vente/1-thonon-les-bains/appartement/t3/806-t3-a-fort-potentiel-thonon-les-bains-parking-et-cave-thonon-ouest/,,,True,"38 Avenue des Vallées, 74200 Thonon-les-Bains",64.0,397.0,3.0,63.6,,3.0,0.62,,habitavel
apartamento,Thonon-les-Bains,,,"https://www.google.com/maps/search/?api=1&query=46.370639,6.489749",Christelle Vannier Immobilier,https://cvannier-immobilier.com/fr/propriete/vente+appartement+thonon-les-bains+exclusivite-t3-en-rez-de-jardin-avec-garage+87300076,,,True,"38 Avenue des Vallées, 74200 Thonon-les-Bains",64.0,397.0,3.0,65.42,,3.0,2.17,,habitavel
apartamento,Thonon-les-Bains,,,"https://www.google.com/maps/search/?api=1&query=46.370639,6.489749",Christelle Vannier Immobilier,https://cvannier-immobilier.com/fr/propriete/vente+appartement+thonon-les-bains+exclusivite-t3-en-duplex+87254132,,,True,"38 Avenue des Vallées, 74200 Thonon-les-Bains",64.0,397.0,3.0,65.0,,3.0,1.54,,habitavel
apartamento,Thonon-les-Bains,,,"https://www.google.com/maps/search/?api=1&query=46.370639,6.489749",Christelle Vannier Immobilier,https://cvannier-immobilier.com/fr/propriete/vente+appartement+thonon-les-bains+exclusivite-appartement-type-3-avec-garage+84395461,,,True,"38 Avenue des Vallées, 74200 Thonon-les-Bains",64.0,397.0,3.0,65.0,,3.0,1.54,,habitavel
apartamento,Thonon-les-Bains,,,"https://www.google.com/maps/search/?api=1&query=46.371054,6.486631",Laforêt Thonon-Évian,https://www.laforet.com/agence-immobiliere/thonon-evian/acheter/thonon-les-bains/appartement-2-pieces-52558897,,,True,"15 Rue du Commerce, 74200 Thonon-les-Bains",34.0,190.0,2.0,34.0,,2.0,0.0,,habitavel
apartamento,Thonon-les-Bains,,,"https://www.google.com/maps/search/?api=1&query=46.370964,6.4821",Poirier Immobilier Thonon,https://www.poirier-immobilier.com/vente/6-thonon-les-bains/appartement/2341-exclusivite-thonon-ouest-secteur-corzent,,,True,"2 Boulevard Georges Andrier, 74200 Thonon-les-Bains",138.0,65.0,5.0,137.45,,5.0,0.4,,habitavel
apartamento,Évian-les-Bains,,,"https://www.google.com/maps/search/?api=1&query=46.400243,6.605009",Leman Property Évian,https://www.leman-property.com/vente/appartement/evian-les-bains/appartement-4-pieces-a-evian-les-bains-charme-et-confort-au-coeur-de-la-ville/,,,,"35 Avenue Des Grottes, 74500 Évian-les-Bains",80.0,2234.0,4.0,82.0,,,2.44,,habitavel
apartamento,Évian-les-Bains,,,"https://www.google.com/maps/search/?api=1&query=46.400243,6.605009",Leman Property Évian,https://www.leman-property.com/vente/appartement/evian-les-bains/maison-mitoyenne-80-m2/,,,,"35 Avenue Des Grottes, 74500 Évian-les-Bains",80.0,2234.0,4.0,81.0,,,1.23,,habitavel
apartamento,Thonon-les-Bains,,,"https://www.google.com/maps/search/?api=1&query=46.373742,6.494238",CENTURY 21 Chablais-Léman Thonon,https://www.century21-chablais-leman-thonon.com/trouver_logement/detail/16436700333/,,,True,"5 Avenue du Châtelard, 74200 Thonon-les-Bains",71.0,595.0,3.0,70.6,,3.0,0.56,,habitavel
apartamento,Thonon-les-Bains,,,"https://www.google.com/maps/search/?api=1&query=46.373742,6.494238",Agence Barnoud Thonon,https://www.barnoud-immobilier.fr/vente/74-haute-savoie/1-thonon-les-bains/2-appartement/t3/9917-a-thonon-les-bains-appartement-a-acheter-avec-2-chambres/,,,,"5 Avenue du Châtelard, 74200 Thonon-les-Bains",71.0,595.0,3.0,69.52,,,2.08,,habitavel
apartamento,Thonon-les-Bains,,,"https://www.google.com/maps/search/?api=1&query=46.373742,6.494238",Agence Barnoud Thonon,https://www.barnoud-immobilier.fr/vente/74-haute-savoie/1-thonon-les-bains/2-appartement/t4/9874-thonon-appartement-t4/,,,,"5 Avenue du Châtelard, 74200 Thonon-les-Bains",71.0,595.0,3.0,71.85,,,1.18,,habitavel
apartamento,Thonon-les-Bains,,,"https://www.google.com/maps/search/?api=1&query=46.364782,6.476384",Laforêt Thonon-Évian,https://www.laforet.com/agence-immobiliere/thonon-evian/acheter/thonon-les-bains/appartement-2-pieces-52534317,,,True,"19 Chemin du Martinet, 74200 Thonon-les-Bains",41.0,610.0,2.0,40.0,,2.0,2.44,,habitavel
apartamento,Thonon-les-Bains,,,"https://www.google.com/maps/search/?api=1&query=46.364782,6.476384",Leman Property Thonon,https://www.leman-property.com/vente/appartement/thonon-les-bains/thonon-les-bains-t2-duplex-renove-vue-lac/,,,,"19 Chemin du Martinet, 74200 Thonon-les-Bains",41.0,610.0,2.0,40.0,,,2.44,,habitavel
apartamento,Thonon-les-Bains,,,"https://www.google.com/maps/search/?api=1&query=46.364782,6.476384",Christelle Vannier Immobilier,https://cvannier-immobilier.com/fr/propriete/vente+appartement+thonon-les-bains+exclusivite-appartement-de-type-2-avec-cave+86737083,,,True,"19 Chemin du Martinet, 74200 Thonon-les-Bains",41.0,610.0,2.0,40.0,,2.0,2.44,,habitavel
apartamento,Thonon-les-Bains,,,"https://www.google.com/maps/search/?api=1&query=46.364782,6.476384",Christelle Vannier Immobilier,https://cvannier-immobilier.com/fr/propriete/vente+appartement+thonon-les-bains+appartement-t2-thonon-les-bains+86380593,,,True,"19 Chemin du Martinet, 74200 Thonon-les-Bains",41.0,610.0,2.0,40.25,,2.0,1.83,,habitavel
apartamento,Évian-les-Bains,,,"https://www.google.com/maps/search/?api=1&query=46.400461,6.589806",CENTURY 21 Chablais Léman Évian,https://www.century21-chablais-leman-evian.com/trouver_logement/detail/11245834972/,,,True,"47 Rue Nationale, 74500 Évian-les-Bains",61.0,174.0,3.0,60.0,,3.0,1.64,,habitavel
apartamento,Évian-les-Bains,,,"https://www.google.com/maps/search/?api=1&query=46.400461,6.589806",Agence Barnoud Évian,https://www.barnoud-immobilier.fr/vente/74-haute-savoie/2-evian-les-bains/2-appartement/t2/10698-t2-60-m-vue-lac-parking-hyper-centre-evian-les-bains/,,,,"47 Rue Nationale, 74500 Évian-les-Bains",61.0,174.0,3.0,60.0,,,1.64,,habitavel
apartamento,Évian-les-Bains,,,"https://www.google.com/maps/search/?api=1&query=46.400461,6.589806",Leman Property Évian,https://www.leman-property.com/vente/appartement/evian-les-bains/evian-les-bains-appartement-a-renover/,,,,"47 Rue Nationale, 74500 Évian-les-Bains",61.0,174.0,3.0,60.0,,,1.64,,habitavel
apartamento,Évian-les-Bains,,,"https://www.google.com/maps/search/?api=1&query=46.400461,6.589806",CENTURY 21 Chablais Léman Évian,https://www.century21-chablais-leman-evian.com/trouver_logement/detail/11245814138/,,,True,"47 Rue Nationale, 74500 Évian-les-Bains",61.0,174.0,3.0,60.0,,3.0,1.64,,habitavel
apartamento,Évian-les-Bains,,,"https://www.google.com/maps/search/?api=1&query=46.400461,6.589806",CENTURY 21 Chablais Léman Évian,https://www.century21-chablais-leman-evian.com/trouver_logement/detail/11245758109/,,,True,"47 Rue Nationale, 74500 Évian-les-Bains",61.0,174.0,3.0,60.0,,3.0,1.64,,habitavel
apartamento,Évian-les-Bains,,,"https://www.google.com/maps/search/?api=1&query=46.400461,6.589806",Poirier Immobilier Évian,https://www.poirier-immobilier.com/vente/5-evian-les-bains/appartement/68-appartement-t3-centre-ville-d-evian-les-bains,,,True,"47 Rue Nationale, 74500 Évian-les-Bains",61.0,174.0,3.0,59.64,,3.0,2.23,,habitavel
apartamento,Thonon-les-Bains,,,"https://www.google.com/maps/search/?api=1&query=46.372335,6.477525",Laforêt Thonon-Évian,https://www.laforet.com/agence-immobiliere/thonon-evian/acheter/thonon-les-bains/appartement-3-pieces-52196898,,,True,"2 Place Henri Bordeaux, 74200 Thonon-les-Bains",67.0,94.0,3.0,68.0,,3.0,1.47,,habitavel
apartamento,Thonon-les-Bains,,,"https://www.google.com/maps/search/?api=1&query=46.372335,6.477525",Laforêt Thonon-Évian,https://www.laforet.com/agence-immobiliere/thonon-evian/acheter/thonon-les-bains/appartement-3-pieces-52232506,,,True,"2 Place Henri Bordeaux, 74200 Thonon-les-Bains",67.0,94.0,3.0,68.0,,3.0,1.47,,habitavel
apartamento,Thonon-les-Bains,,,"https://www.google.com/maps/search/?api=1&query=46.372335,6.477525",CENTURY 21 Chablais-Léman Thonon,https://www.century21-chablais-leman-thonon.com/trouver_logement/detail/15273893649/,,,True,"2 Place Henri Bordeaux, 74200 Thonon-les-Bains",67.0,94.0,3.0,68.0,,3.0,1.47,,habitavel
apartamento,Thonon-les-Bains,,,"https://www.google.com/maps/search/?api=1&query=46.372335,6.477525",CENTURY 21 Chablais-Léman Thonon,https://www.century21-chablais-leman-thonon.com/trouver_logement/detail/15273884285/,,,True,"2 Place Henri Bordeaux, 74200 Thonon-les-Bains",67.0,94.0,3.0,68.0,,3.0,1.47,,habitavel
apartamento,Thonon-les-Bains,,,"https://www.google.com/maps/search/?api=1&query=46.372335,6.477525",Agence Lehmann,https://lehmann-immo.com/fr/propriete/vente+appartement+thonon-les-bains+appartement-moderne-t3-a-thonon-les-bains+87100377,,,,"2 Place Henri Bordeaux, 74200 Thonon-les-Bains",67.0,94.0,3.0,66.44,,,0.84,,habitavel
apartamento,Thonon-les-Bains,,,"https://www.google.com/maps/search/?api=1&query=46.372335,6.477525",CENTURY 21 Chablais-Léman Thonon,https://www.century21-chablais-leman-thonon.com/trouver_logement/detail/15273980963/,,,True,"2 Place Henri Bordeaux, 74200 Thonon-les-Bains",67.0,94.0,3.0,68.0,,3.0,1.47,,habitavel
apartamento,Thonon-les-Bains,,,"https://www.google.com/maps/search/?api=1&query=46.372335,6.477525",Agence Lehmann,https://lehmann-immo.com/fr/propriete/vente+appartement+thonon-les-bains+bel-appartement-3-pieces-moderne-a-thonon-les-bains+87095945,,,True,"2 Place Henri Bordeaux, 74200 Thonon-les-Bains",67.0,94.0,3.0,66.53,,3.0,0.7,,habitavel
apartamento,Thonon-les-Bains,,,"https://www.google.com/maps/search/?api=1&query=46.372335,6.477525",Christelle Vannier Immobilier,https://cvannier-immobilier.com/fr/propriete/vente+appartement+thonon-les-bains+exclusivite-t3-en-rez-de-jardin-avec-garage+87300076,,,True,"2 Place Henri Bordeaux, 74200 Thonon-les-Bains",67.0,94.0,3.0,65.42,,3.0,2.36,,habitavel
apartamento,Thonon-les-Bains,,,"https://www.google.com/maps/search/?api=1&query=46.372335,6.477525",A&P Immobilier,https://www.immobilierapi.com/vente/1-thonon-les-bains/appartement/t3/864-thonon-les-bains-magnifique-appartement-t3-en-centre-au-calme-a-saisir/,,,True,"2 Place Henri Bordeaux, 74200 Thonon-les-Bains",67.0,94.0,3.0,68.0,,3.0,1.47,,habitavel
apartamento,Thonon-les-Bains,,,"https://www.google.com/maps/search/?api=1&query=46.372335,6.477525",Christelle Vannier Immobilier,https://cvannier-immobilier.com/fr/propriete/vente+appartement+thonon-les-bains+appartement-de-type-3-a-thonon-les-bains+85757383,,,True,"2 Place Henri Bordeaux, 74200 Thonon-les-Bains",67.0,94.0,3.0,66.0,,3.0,1.49,,habitavel
apartamento,Thonon-les-Bains,,,"https://www.google.com/maps/search/?api=1&query=46.372335,6.477525",Laforêt Thonon-Évian,https://www.laforet.com/agence-immobiliere/thonon-evian/acheter/thonon-les-bains/appartement-3-pieces-52232515,,,True,"2 Place Henri Bordeaux, 74200 Thonon-les-Bains",67.0,94.0,3.0,68.0,,3.0,1.47,,habitavel
apartamento,Thonon-les-Bains,,,"https://www.google.com/maps/search/?api=1&query=46.372335,6.477525",Poirier Immobilier Thonon,https://www.poirier-immobilier.com/vente/6-thonon-les-bains/appartement/2467-bel-appartement-de-type-3-a-proximite-immediate-du-centre-ville,,,True,"2 Place Henri Bordeaux, 74200 Thonon-les-Bains",67.0,94.0,3.0,67.05,,3.0,0.07,,habitavel
apartamento,Thonon-les-Bains,,,"https://www.google.com/maps/search/?api=1&query=46.396958,6.509524",Agence Lehmann,https://lehmann-immo.com/fr/propriete/vente+appartement+thonon-les-bains+appartement-moderne-t2-a-thonon-les-bains+87095867,,,,"32 Avenue des Genévriers, 74200 Thonon-les-Bains",42.0,2370.0,2.0,42.39,,,0.92,,habitavel
apartamento,Thonon-les-Bains,,,"https://www.google.com/maps/search/?api=1&query=46.382735,6.50347",A&P Immobilier,https://www.immobilierapi.com/vente/1-thonon-les-bains/appartement/t3/894-thonon-les-bains-nouvelle-exclusivite-t3-en-rez-de-jardin-a-decouvrir/,,,True,"4 Rue du Vieux Pont, 74200 Thonon-les-Bains",63.0,202.0,3.0,63.0,,3.0,0.0,,habitavel
apartamento,Thonon-les-Bains,,,"https://www.google.com/maps/search/?api=1&query=46.382735,6.50347",A&P Immobilier,https://www.immobilierapi.com/vente/1-thonon-les-bains/appartement/t3/806-t3-a-fort-potentiel-thonon-les-bains-parking-et-cave-thonon-ouest/,,,True,"4 Rue du Vieux Pont, 74200 Thonon-les-Bains",63.0,202.0,3.0,63.6,,3.0,0.94,,habitavel
apartamento,Thonon-les-Bains,,,"https://www.google.com/maps/search/?api=1&query=46.382735,6.50347",Christelle Vannier Immobilier,https://cvannier-immobilier.com/fr/propriete/vente+appartement+thonon-les-bains+appartement-t3-thonon-centre-ville+85078596,,,True,"4 Rue du Vieux Pont, 74200 Thonon-les-Bains",63.0,202.0,3.0,62.0,,3.0,1.59,,habitavel
apartamento,Thonon-les-Bains,,,"https://www.google.com/maps/search/?api=1&query=46.382621,6.503309",A&P Immobilier,https://www.immobilierapi.com/vente/1-thonon-les-bains/appartement/t3/894-thonon-les-bains-nouvelle-exclusivite-t3-en-rez-de-jardin-a-decouvrir/,,,True,"1 Rue du Vieux Pont, 74200 Thonon-les-Bains",63.0,152.0,3.0,63.0,,3.0,0.0,,habitavel
apartamento,Thonon-les-Bains,,,"https://www.google.com/maps/search/?api=1&query=46.382621,6.503309",A&P Immobilier,https://www.immobilierapi.com/vente/1-thonon-les-bains/appartement/t3/806-t3-a-fort-potentiel-thonon-les-bains-parking-et-cave-thonon-ouest/,,,True,"1 Rue du Vieux Pont, 74200 Thonon-les-Bains",63.0,152.0,3.0,63.6,,3.0,0.94,,habitavel
apartamento,Thonon-les-Bains,,,"https://www.google.com/maps/search/?api=1&query=46.382621,6.503309",Christelle Vannier Immobilier,https://cvannier-immobilier.com/fr/propriete/vente+appartement+thonon-les-bains+appartement-t3-thonon-centre-ville+85078596,,,True,"1 Rue du Vieux Pont, 74200 Thonon-les-Bains",63.0,152.0,3.0,62.0,,3.0,1.59,,habitavel
apartamento,Thonon-les-Bains,,,"https://www.google.com/maps/search/?api=1&query=46.37389,6.49144",Laforêt Thonon-Évian,https://www.laforet.com/agence-immobiliere/thonon-evian/acheter/thonon-les-bains/appartement-3-pieces-52196898,,,True,"34 Avenue des Romains, 74200 Thonon-les-Bains",67.0,805.0,3.0,68.0,,3.0,1.47,,habitavel
apartamento,Thonon-les-Bains,,,"https://www.google.com/maps/search/?api=1&query=46.37389,6.49144",Laforêt Thonon-Évian,https://www.laforet.com/agence-immobiliere/thonon-evian/acheter/thonon-les-bains/appartement-3-pieces-52232506,,,True,"34 Avenue des Romains, 74200 Thonon-les-Bains",67.0,805.0,3.0,68.0,,3.0,1.47,,habitavel
apartamento,Thonon-les-Bains,,,"https://www.google.com/maps/search/?api=1&query=46.37389,6.49144",CENTURY 21 Chablais-Léman Thonon,https://www.century21-chablais-leman-thonon.com/trouver_logement/detail/15273893649/,,,True,"34 Avenue des Romains, 74200 Thonon-les-Bains",67.0,805.0,3.0,68.0,,3.0,1.47,,habitavel
apartamento,Thonon-les-Bains,,,"https://www.google.com/maps/search/?api=1&query=46.37389,6.49144",CENTURY 21 Chablais-Léman Thonon,https://www.century21-chablais-leman-thonon.com/trouver_logement/detail/15273884285/,,,True,"34 Avenue des Romains, 74200 Thonon-les-Bains",67.0,805.0,3.0,68.0,,3.0,1.47,,habitavel
apartamento,Thonon-les-Bains,,,"https://www.google.com/maps/search/?api=1&query=46.37389,6.49144",Agence Lehmann,https://lehmann-immo.com/fr/propriete/vente+appartement+thonon-les-bains+appartement-moderne-t3-a-thonon-les-bains+87100377,,,,"34 Avenue des Romains, 74200 Thonon-les-Bains",67.0,805.0,3.0,66.44,,,0.84,,habitavel
apartamento,Thonon-les-Bains,,,"https://www.google.com/maps/search/?api=1&query=46.37389,6.49144",CENTURY 21 Chablais-Léman Thonon,https://www.century21-chablais-leman-thonon.com/trouver_logement/detail/15273980963/,,,True,"34 Avenue des Romains, 74200 Thonon-les-Bains",67.0,805.0,3.0,68.0,,3.0,1.47,,habitavel
apartamento,Thonon-les-Bains,,,"https://www.google.com/maps/search/?api=1&query=46.37389,6.49144",Agence Lehmann,https://lehmann-immo.com/fr/propriete/vente+appartement+thonon-les-bains+bel-appartement-3-pieces-moderne-a-thonon-les-bains+87095945,,,True,"34 Avenue des Romains, 74200 Thonon-les-Bains",67.0,805.0,3.0,66.53,,3.0,0.7,,habitavel
apartamento,Thonon-les-Bains,,,"https://www.google.com/maps/search/?api=1&query=46.37389,6.49144",Christelle Vannier Immobilier,https://cvannier-immobilier.com/fr/propriete/vente+appartement+thonon-les-bains+exclusivite-t3-en-rez-de-jardin-avec-garage+87300076,,,True,"34 Avenue des Romains, 74200 Thonon-les-Bains",67.0,805.0,3.0,65.42,,3.0,2.36,,habitavel
apartamento,Thonon-les-Bains,,,"https://www.google.com/maps/search/?api=1&query=46.37389,6.49144",A&P Immobilier,https://www.immobilierapi.com/vente/1-thonon-les-bains/appartement/t3/864-thonon-les-bains-magnifique-appartement-t3-en-centre-au-calme-a-saisir/,,,True,"34 Avenue des Romains, 74200 Thonon-les-Bains",67.0,805.0,3.0,68.0,,3.0,1.47,,habitavel
apartamento,Thonon-les-Bains,,,"https://www.google.com/maps/search/?api=1&query=46.37389,6.49144",Christelle Vannier Immobilier,https://cvannier-immobilier.com/fr/propriete/vente+appartement+thonon-les-bains+appartement-de-type-3-a-thonon-les-bains+85757383,,,True,"34 Avenue des Romains, 74200 Thonon-les-Bains",67.0,805.0,3.0,66.0,,3.0,1.49,,habitavel
apartamento,Thonon-les-Bains,,,"https://www.google.com/maps/search/?api=1&query=46.37389,6.49144",Laforêt Thonon-Évian,https://www.laforet.com/agence-immobiliere/thonon-evian/acheter/thonon-les-bains/appartement-3-pieces-52232515,,,True,"34 Avenue des Romains, 74200 Thonon-les-Bains",67.0,805.0,3.0,68.0,,3.0,1.47,,habitavel
apartamento,Thonon-les-Bains,,,"https://www.google.com/maps/search/?api=1&query=46.37389,6.49144",Poirier Immobilier Thonon,https://www.poirier-immobilier.com/vente/6-thonon-les-bains/appartement/2467-bel-appartement-de-type-3-a-proximite-immediate-du-centre-ville,,,True,"34 Avenue des Romains, 74200 Thonon-les-Bains",67.0,805.0,3.0,67.05,,3.0,0.07,,habitavel
apartamento,Thonon-les-Bains,,,"https://www.google.com/maps/search/?api=1&query=46.368721,6.474446",Laforêt Thonon-Évian,https://www.laforet.com/agence-immobiliere/thonon-evian/acheter/thonon-les-bains/appartement-3-pieces-52703873,,,True,"26 Avenue du Général de Gaulle, 74200 Thonon-les-Bains",74.0,1361.0,3.0,75.0,,3.0,1.33,,habitavel
apartamento,Thonon-les-Bains,,,"https://www.google.com/maps/search/?api=1&query=46.368721,6.474446",Laforêt Thonon-Évian,https://www.laforet.com/agence-immobiliere/thonon-evian/acheter/thonon-les-bains/appartement-3-pieces-52402655,,,True,"26 Avenue du Général de Gaulle, 74200 Thonon-les-Bains",74.0,1361.0,3.0,75.0,,3.0,1.33,,habitavel
apartamento,Thonon-les-Bains,,,"https://www.google.com/maps/search/?api=1&query=46.367849,6.469731",CENTURY 21 Chablais-Léman Thonon,https://www.century21-chablais-leman-thonon.com/trouver_logement/detail/16436700333/,,,True,"6 Chemin de Bachex, 74200 Thonon-les-Bains",69.0,886.0,3.0,70.6,,3.0,2.27,,habitavel
apartamento,Thonon-les-Bains,,,"https://www.google.com/maps/search/?api=1&query=46.367849,6.469731",Laforêt Thonon-Évian,https://www.laforet.com/agence-immobiliere/thonon-evian/acheter/thonon-les-bains/appartement-3-pieces-52196898,,,True,"6 Chemin de Bachex, 74200 Thonon-les-Bains",69.0,886.0,3.0,68.0,,3.0,1.45,,habitavel
apartamento,Thonon-les-Bains,,,"https://www.google.com/maps/search/?api=1&query=46.367849,6.469731",Laforêt Thonon-Évian,https://www.laforet.com/agence-immobiliere/thonon-evian/acheter/thonon-les-bains/appartement-3-pieces-52232506,,,True,"6 Chemin de Bachex, 74200 Thonon-les-Bains",69.0,886.0,3.0,68.0,,3.0,1.45,,habitavel
apartamento,Thonon-les-Bains,,,"https://www.google.com/maps/search/?api=1&query=46.367849,6.469731",CENTURY 21 Chablais-Léman Thonon,https://www.century21-chablais-leman-thonon.com/trouver_logement/detail/15273893649/,,,True,"6 Chemin de Bachex, 74200 Thonon-les-Bains",69.0,886.0,3.0,68.0,,3.0,1.45,,habitavel
apartamento,Thonon-les-Bains,,,"https://www.google.com/maps/search/?api=1&query=46.367849,6.469731",CENTURY 21 Chablais-Léman Thonon,https://www.century21-chablais-leman-thonon.com/trouver_logement/detail/15273884285/,,,True,"6 Chemin de Bachex, 74200 Thonon-les-Bains",69.0,886.0,3.0,68.0,,3.0,1.45,,habitavel
apartamento,Thonon-les-Bains,,,"https://www.google.com/maps/search/?api=1&query=46.367849,6.469731",Agence Barnoud Thonon,https://www.barnoud-immobilier.fr/vente/74-haute-savoie/1-thonon-les-bains/2-appartement/t3/9917-a-thonon-les-bains-appartement-a-acheter-avec-2-chambres/,,,,"6 Chemin de Bachex, 74200 Thonon-les-Bains",69.0,886.0,3.0,69.52,,,0.75,,habitavel
apartamento,Thonon-les-Bains,,,"https://www.google.com/maps/search/?api=1&query=46.367849,6.469731",CENTURY 21 Chablais-Léman Thonon,https://www.century21-chablais-leman-thonon.com/trouver_logement/detail/15273980963/,,,True,"6 Chemin de Bachex, 74200 Thonon-les-Bains",69.0,886.0,3.0,68.0,,3.0,1.45,,habitavel
apartamento,Thonon-les-Bains,,,"https://www.google.com/maps/search/?api=1&query=46.367849,6.469731",A&P Immobilier,https://www.immobilierapi.com/vente/1-thonon-les-bains/appartement/t3/864-thonon-les-bains-magnifique-appartement-t3-en-centre-au-calme-a-saisir/,,,True,"6 Chemin de Bachex, 74200 Thonon-les-Bains",69.0,886.0,3.0,68.0,,3.0,1.45,,habitavel
apartamento,Thonon-les-Bains,,,"https://www.google.com/maps/search/?api=1&query=46.367849,6.469731",Christelle Vannier Immobilier,https://cvannier-immobilier.com/fr/propriete/vente+appartement+thonon-les-bains+exclusivite-appartement-t3-avec-garage-+86909438,,,True,"6 Chemin de Bachex, 74200 Thonon-les-Bains",69.0,886.0,3.0,68.98,,3.0,0.03,,habitavel
apartamento,Thonon-les-Bains,,,"https://www.google.com/maps/search/?api=1&query=46.367849,6.469731",Laforêt Thonon-Évian,https://www.laforet.com/agence-immobiliere/thonon-evian/acheter/thonon-les-bains/appartement-3-pieces-52232515,,,True,"6 Chemin de Bachex, 74200 Thonon-les-Bains",69.0,886.0,3.0,68.0,,3.0,1.45,,habitavel
apartamento,Thonon-les-Bains,,,"https://www.google.com/maps/search/?api=1&query=46.372488,6.477264",Laforêt Thonon-Évian,https://www.laforet.com/agence-immobiliere/thonon-evian/acheter/thonon-les-bains/appartement-1-piece-52558799,,,True,"6 Place Henri Bordeaux, 74200 Thonon-les-Bains",20.0,115.0,1.0,20.0,,1.0,0.0,,habitavel
apartamento,Thonon-les-Bains,,,"https://www.google.com/maps/search/?api=1&query=46.383545,6.494164",Laforêt Thonon-Évian,https://www.laforet.com/agence-immobiliere/thonon-evian/acheter/thonon-les-bains/appartement-3-pieces-52196857,,,True,"14 Avenue de la Combe, 74200 Thonon-les-Bains",64.0,671.0,3.0,65.0,,3.0,1.54,,habitavel
apartamento,Thonon-les-Bains,,,"https://www.google.com/maps/search/?api=1&query=46.383545,6.494164",A&P Immobilier,https://www.immobilierapi.com/vente/1-thonon-les-bains/appartement/t3/894-thonon-les-bains-nouvelle-exclusivite-t3-en-rez-de-jardin-a-decouvrir/,,,True,"14 Avenue de la Combe, 74200 Thonon-les-Bains",64.0,671.0,3.0,63.0,,3.0,1.56,,habitavel
apartamento,Thonon-les-Bains,,,"https://www.google.com/maps/search/?api=1&query=46.383545,6.494164",A&P Immobilier,https://www.immobilierapi.com/vente/1-thonon-les-bains/appartement/t3/806-t3-a-fort-potentiel-thonon-les-bains-parking-et-cave-thonon-ouest/,,,True,"14 Avenue de la Combe, 74200 Thonon-les-Bains",64.0,671.0,3.0,63.6,,3.0,0.62,,habitavel
apartamento,Thonon-les-Bains,,,"https://www.google.com/maps/search/?api=1&query=46.383545,6.494164",Christelle Vannier Immobilier,https://cvannier-immobilier.com/fr/propriete/vente+appartement+thonon-les-bains+exclusivite-t3-en-rez-de-jardin-avec-garage+87300076,,,True,"14 Avenue de la Combe, 74200 Thonon-les-Bains",64.0,671.0,3.0,65.42,,3.0,2.17,,habitavel
apartamento,Thonon-les-Bains,,,"https://www.google.com/maps/search/?api=1&query=46.383545,6.494164",Christelle Vannier Immobilier,https://cvannier-immobilier.com/fr/propriete/vente+appartement+thonon-les-bains+exclusivite-t3-en-duplex+87254132,,,True,"14 Avenue de la Combe, 74200 Thonon-les-Bains",64.0,671.0,3.0,65.0,,3.0,1.54,,habitavel
apartamento,Thonon-les-Bains,,,"https://www.google.com/maps/search/?api=1&query=46.383545,6.494164",Christelle Vannier Immobilier,https://cvannier-immobilier.com/fr/propriete/vente+appartement+thonon-les-bains+exclusivite-appartement-type-3-avec-garage+84395461,,,True,"14 Avenue de la Combe, 74200 Thonon-les-Bains",64.0,671.0,3.0,65.0,,3.0,1.54,,habitavel
apartamento,Thonon-les-Bains,,,"https://www.google.com/maps/search/?api=1&query=46.382779,6.503532",A&P Immobilier,https://www.immobilierapi.com/vente/1-thonon-les-bains/appartement/t3/894-thonon-les-bains-nouvelle-exclusivite-t3-en-rez-de-jardin-a-decouvrir/,,,True,"6 Rue du Vieux Pont, 74200 Thonon-les-Bains",63.0,290.0,3.0,63.0,,3.0,0.0,,habitavel
apartamento,Thonon-les-Bains,,,"https://www.google.com/maps/search/?api=1&query=46.382779,6.503532",A&P Immobilier,https://www.immobilierapi.com/vente/1-thonon-les-bains/appartement/t3/806-t3-a-fort-potentiel-thonon-les-bains-parking-et-cave-thonon-ouest/,,,True,"6 Rue du Vieux Pont, 74200 Thonon-les-Bains",63.0,290.0,3.0,63.6,,3.0,0.94,,habitavel
apartamento,Thonon-les-Bains,,,"https://www.google.com/maps/search/?api=1&query=46.382779,6.503532",Christelle Vannier Immobilier,https://cvannier-immobilier.com/fr/propriete/vente+appartement+thonon-les-bains+appartement-t3-thonon-centre-ville+85078596,,,True,"6 Rue du Vieux Pont, 74200 Thonon-les-Bains",63.0,290.0,3.0,62.0,,3.0,1.59,,habitavel
apartamento,Thonon-les-Bains,,,"https://www.google.com/maps/search/?api=1&query=46.373814,6.494212",CENTURY 21 Chablais-Léman Thonon,https://www.century21-chablais-leman-thonon.com/trouver_logement/detail/16436700333/,,,True,"7 Avenue du Châtelard, 74200 Thonon-les-Bains",71.0,641.0,3.0,70.6,,3.0,0.56,,habitavel
apartamento,Thonon-les-Bains,,,"https://www.google.com/maps/search/?api=1&query=46.373814,6.494212",Agence Barnoud Thonon,https://www.barnoud-immobilier.fr/vente/74-haute-savoie/1-thonon-les-bains/2-appartement/t3/9917-a-thonon-les-bains-appartement-a-acheter-avec-2-chambres/,,,,"7 Avenue du Châtelard, 74200 Thonon-les-Bains",71.0,641.0,3.0,69.52,,,2.08,,habitavel
apartamento,Thonon-les-Bains,,,"https://www.google.com/maps/search/?api=1&query=46.373814,6.494212",Agence Barnoud Thonon,https://www.barnoud-immobilier.fr/vente/74-haute-savoie/1-thonon-les-bains/2-appartement/t4/9874-thonon-appartement-t4/,,,,"7 Avenue du Châtelard, 74200 Thonon-les-Bains",71.0,641.0,3.0,71.85,,,1.18,,habitavel
apartamento,Évian-les-Bains,,,"https://www.google.com/maps/search/?api=1&query=46.400477,6.58958",Agence Barnoud Évian,https://www.barnoud-immobilier.fr/vente/74-haute-savoie/2-evian-les-bains/2-appartement/t3/11190-proche-lac-et-centre-ville-pour-ce-t3/,,,,"55 Rue Nationale, 74500 Évian-les-Bains",67.0,72.0,3.0,67.5,,,0.74,,habitavel
apartamento,Évian-les-Bains,,,"https://www.google.com/maps/search/?api=1&query=46.400477,6.58958",Cabinet Greneche,https://grenecheimmo.fr/fr/propriete/vente+appartement+evian-les-bains+appartement-t3-evian-les-bains-proche-embarcadere+87280471,,,,"55 Rue Nationale, 74500 Évian-les-Bains",67.0,72.0,3.0,67.0,,,0.0,,habitavel
apartamento,Thonon-les-Bains,,,"https://www.google.com/maps/search/?api=1&query=46.368985,6.474365",Laforêt Thonon-Évian,https://www.laforet.com/agence-immobiliere/thonon-evian/acheter/thonon-les-bains/appartement-3-pieces-52703873,,,True,"24 Avenue du Général de Gaulle, 74200 Thonon-les-Bains",74.0,563.0,3.0,75.0,,3.0,1.33,,habitavel
apartamento,Thonon-les-Bains,,,"https://www.google.com/maps/search/?api=1&query=46.368985,6.474365",Laforêt Thonon-Évian,https://www.laforet.com/agence-immobiliere/thonon-evian/acheter/thonon-les-bains/appartement-3-pieces-52402655,,,True,"24 Avenue du Général de Gaulle, 74200 Thonon-les-Bains",74.0,563.0,3.0,75.0,,3.0,1.33,,habitavel
apartamento,Thonon-les-Bains,,,"https://www.google.com/maps/search/?api=1&query=46.383324,6.494576",Laforêt Thonon-Évian,https://www.laforet.com/agence-immobiliere/thonon-evian/acheter/thonon-les-bains/appartement-3-pieces-52196857,,,True,"16 Avenue de la Combe, 74200 Thonon-les-Bains",64.0,1008.0,3.0,65.0,,3.0,1.54,,habitavel
apartamento,Thonon-les-Bains,,,"https://www.google.com/maps/search/?api=1&query=46.383324,6.494576",A&P Immobilier,https://www.immobilierapi.com/vente/1-thonon-les-bains/appartement/t3/894-thonon-les-bains-nouvelle-exclusivite-t3-en-rez-de-jardin-a-decouvrir/,,,True,"16 Avenue de la Combe, 74200 Thonon-les-Bains",64.0,1008.0,3.0,63.0,,3.0,1.56,,habitavel
apartamento,Thonon-les-Bains,,,"https://www.google.com/maps/search/?api=1&query=46.383324,6.494576",A&P Immobilier,https://www.immobilierapi.com/vente/1-thonon-les-bains/appartement/t3/806-t3-a-fort-potentiel-thonon-les-bains-parking-et-cave-thonon-ouest/,,,True,"16 Avenue de la Combe, 74200 Thonon-les-Bains",64.0,1008.0,3.0,63.6,,3.0,0.62,,habitavel
apartamento,Thonon-les-Bains,,,"https://www.google.com/maps/search/?api=1&query=46.383324,6.494576",Christelle Vannier Immobilier,https://cvannier-immobilier.com/fr/propriete/vente+appartement+thonon-les-bains+exclusivite-t3-en-rez-de-jardin-avec-garage+87300076,,,True,"16 Avenue de la Combe, 74200 Thonon-les-Bains",64.0,1008.0,3.0,65.42,,3.0,2.17,,habitavel
apartamento,Thonon-les-Bains,,,"https://www.google.com/maps/search/?api=1&query=46.383324,6.494576",Christelle Vannier Immobilier,https://cvannier-immobilier.com/fr/propriete/vente+appartement+thonon-les-bains+exclusivite-t3-en-duplex+87254132,,,True,"16 Avenue de la Combe, 74200 Thonon-les-Bains",64.0,1008.0,3.0,65.0,,3.0,1.54,,habitavel
apartamento,Thonon-les-Bains,,,"https://www.google.com/maps/search/?api=1&query=46.383324,6.494576",Christelle Vannier Immobilier,https://cvannier-immobilier.com/fr/propriete/vente+appartement+thonon-les-bains+exclusivite-appartement-type-3-avec-garage+84395461,,,True,"16 Avenue de la Combe, 74200 Thonon-les-Bains",64.0,1008.0,3.0,65.0,,3.0,1.54,,habitavel
apartamento,Thonon-les-Bains,,,"https://www.google.com/maps/search/?api=1&query=46.371361,6.477324",Leman Property Thonon,https://www.leman-property.com/vente/appartement/thonon-les-bains/appartement-t2-avec-bon-rendement-locatif-plein-centre-ville/,,,,"26 Boulevard Carnot, 74200 Thonon-les-Bains",28.0,1183.0,1.0,28.0,,,0.0,,habitavel
apartamento,Thonon-les-Bains,,,"https://www.google.com/maps/search/?api=1&query=46.371361,6.477324",Agence Barnoud Thonon,https://www.barnoud-immobilier.fr/vente/74-haute-savoie/1-thonon-les-bains/2-appartement/t1/10775-studio-avec-terrasse-et-place-de-parking-a-acheter-a-thonon-les-bains/,,,,"26 Boulevard Carnot, 74200 Thonon-les-Bains",28.0,1183.0,1.0,27.39,,,2.18,,habitavel
apartamento,Thonon-les-Bains,,,"https://www.google.com/maps/search/?api=1&query=46.371479,6.481456",Poirier Immobilier Thonon,https://www.poirier-immobilier.com/vente/6-thonon-les-bains/appartement/2365-appartement-de-type-2-renove-avec-gout,,,True,"5 Rue des Granges, 74200 Thonon-les-Bains",56.0,1373.0,2.0,55.88,,2.0,0.21,,habitavel
apartamento,Thonon-les-Bains,,,"https://www.google.com/maps/search/?api=1&query=46.373316,6.484485",Leman Property Thonon,https://www.leman-property.com/vente/appartement/thonon-les-bains/appartement-t3-coup-de-coeur/,,,,"20 Avenue Jules Ferry, 74200 Thonon-les-Bains",50.0,8380.0,1.0,50.0,,,0.0,,habitavel
apartamento,Thonon-les-Bains,,,"https://www.google.com/maps/search/?api=1&query=46.373316,6.484485",Agence Barnoud Thonon,https://www.barnoud-immobilier.fr/vente/74-haute-savoie/1-thonon-les-bains/2-appartement/t2/9852-appartement-a-vendre-dernier-etage-a-thonon-les-bains/,,,,"20 Avenue Jules Ferry, 74200 Thonon-les-Bains",50.0,8380.0,1.0,48.91,,,2.18,,habitavel
apartamento,Thonon-les-Bains,,,"https://www.google.com/maps/search/?api=1&query=46.373316,6.484485",Agence Barnoud Thonon,https://www.barnoud-immobilier.fr/vente/74-haute-savoie/1-thonon-les-bains/2-appartement/t2/11274-appartement-t2-51-15m/,,,,"20 Avenue Jules Ferry, 74200 Thonon-les-Bains",50.0,8380.0,1.0,51.15,,,2.25,,habitavel
apartamento,Thonon-les-Bains,,,"https://www.google.com/maps/search/?api=1&query=46.373316,6.484485",A&P Immobilier,https://www.immobilierapi.com/vente/1-thonon-les-bains/appartement/t1/805-a-vendre-appartement-brut-a-amenager-thonon-les-bains-parking-et-cave-thonon-ouest/,,,True,"20 Avenue Jules Ferry, 74200 Thonon-les-Bains",50.0,8380.0,1.0,49.0,,1.0,2.0,,habitavel
apartamento,Thonon-les-Bains,,,"https://www.google.com/maps/search/?api=1&query=46.364765,6.47482",Nestenn Évian,https://immobilier-evian-les-bains.nestenn.com/a-vendre-a-thonon-les-bains-t2-renove-avec-deux-balcons-ref-39439459,,,True,"29 Rue des Alpes, 74200 Thonon-les-Bains",50.0,577.0,2.0,50.0,,2.0,0.0,,habitavel
apartamento,Thonon-les-Bains,,,"https://www.google.com/maps/search/?api=1&query=46.364765,6.47482",Leman Property Thonon,https://www.leman-property.com/vente/appartement/thonon-les-bains/appartement-t3-coup-de-coeur/,,,,"29 Rue des Alpes, 74200 Thonon-les-Bains",50.0,577.0,2.0,50.0,,,0.0,,habitavel
apartamento,Thonon-les-Bains,,,"https://www.google.com/maps/search/?api=1&query=46.364765,6.47482",Agence Barnoud Thonon,https://www.barnoud-immobilier.fr/vente/74-haute-savoie/1-thonon-les-bains/2-appartement/t2/9852-appartement-a-vendre-dernier-etage-a-thonon-les-bains/,,,,"29 Rue des Alpes, 74200 Thonon-les-Bains",50.0,577.0,2.0,48.91,,,2.18,,habitavel
apartamento,Thonon-les-Bains,,,"https://www.google.com/maps/search/?api=1&query=46.364765,6.47482",Agence Barnoud Thonon,https://www.barnoud-immobilier.fr/vente/74-haute-savoie/1-thonon-les-bains/2-appartement/t2/11274-appartement-t2-51-15m/,,,,"29 Rue des Alpes, 74200 Thonon-les-Bains",50.0,577.0,2.0,51.15,,,2.25,,habitavel
apartamento,Thonon-les-Bains,,,"https://www.google.com/maps/search/?api=1&query=46.371181,6.483781",Nestenn Évian,https://immobilier-evian-les-bains.nestenn.com/a-vendre-a-thonon-les-bains-t2-renove-avec-deux-balcons-ref-39439459,,,True,"10 Rue du Chablais, 74200 Thonon-les-Bains",50.0,114.0,2.0,50.0,,2.0,0.0,,habitavel
apartamento,Thonon-les-Bains,,,"https://www.google.com/maps/search/?api=1&query=46.371181,6.483781",Leman Property Thonon,https://www.leman-property.com/vente/appartement/thonon-les-bains/appartement-t3-coup-de-coeur/,,,,"10 Rue du Chablais, 74200 Thonon-les-Bains",50.0,114.0,2.0,50.0,,,0.0,,habitavel
apartamento,Thonon-les-Bains,,,"https://www.google.com/maps/search/?api=1&query=46.371181,6.483781",Agence Barnoud Thonon,https://www.barnoud-immobilier.fr/vente/74-haute-savoie/1-thonon-les-bains/2-appartement/t2/9852-appartement-a-vendre-dernier-etage-a-thonon-les-bains/,,,,"10 Rue du Chablais, 74200 Thonon-les-Bains",50.0,114.0,2.0,48.91,,,2.18,,habitavel
apartamento,Thonon-les-Bains,,,"https://www.google.com/maps/search/?api=1&query=46.371181,6.483781",Agence Barnoud Thonon,https://www.barnoud-immobilier.fr/vente/74-haute-savoie/1-thonon-les-bains/2-appartement/t2/11274-appartement-t2-51-15m/,,,,"10 Rue du Chablais, 74200 Thonon-les-Bains",50.0,114.0,2.0,51.15,,,2.25,,habitavel
apartamento,Thonon-les-Bains,,,"https://www.google.com/maps/search/?api=1&query=46.364094,6.465254",CENTURY 21 Chablais-Léman Thonon,https://www.century21-chablais-leman-thonon.com/trouver_logement/detail/16350251916/,,,True,"6 Rue du Salève, 74200 Thonon-les-Bains",61.0,450.0,3.0,60.0,,3.0,1.64,,habitavel
apartamento,Thonon-les-Bains,,,"https://www.google.com/maps/search/?api=1&query=46.364094,6.465254",Agence Lehmann,https://lehmann-immo.com/fr/propriete/vente+appartement+thonon-les-bains+87286557,,,,"6 Rue du Salève, 74200 Thonon-les-Bains",61.0,450.0,3.0,61.22,,,0.36,,habitavel
apartamento,Thonon-les-Bains,,,"https://www.google.com/maps/search/?api=1&query=46.364094,6.465254",Christelle Vannier Immobilier,https://cvannier-immobilier.com/fr/propriete/vente+appartement+thonon-les-bains+appartement-t3-thonon-centre-ville+85078596,,,True,"6 Rue du Salève, 74200 Thonon-les-Bains",61.0,450.0,3.0,62.0,,3.0,1.61,,habitavel
apartamento,Thonon-les-Bains,,,"https://www.google.com/maps/search/?api=1&query=46.371206,6.481675",Laforêt Thonon-Évian,https://www.laforet.com/agence-immobiliere/thonon-evian/acheter/thonon-les-bains/appartement-4-pieces-21567437,,,True,"1 Rue des Granges, 74200 Thonon-les-Bains",96.0,229.0,4.0,96.0,,4.0,0.0,,habitavel
apartamento,Thonon-les-Bains,,,"https://www.google.com/maps/search/?api=1&query=46.371206,6.481675",Laforêt Thonon-Évian,https://www.laforet.com/agence-immobiliere/thonon-evian/acheter/thonon-les-bains/appartement-4-pieces-52784559#section-video,,,True,"1 Rue des Granges, 74200 Thonon-les-Bains",96.0,229.0,4.0,96.0,,4.0,0.0,,habitavel
apartamento,Thonon-les-Bains,,,"https://www.google.com/maps/search/?api=1&query=46.371206,6.481675",Laforêt Thonon-Évian,https://www.laforet.com/agence-immobiliere/thonon-evian/acheter/thonon-les-bains/appartement-4-pieces-52784559,,,True,"1 Rue des Granges, 74200 Thonon-les-Bains",96.0,229.0,4.0,96.0,,4.0,0.0,,habitavel
apartamento,Thonon-les-Bains,,,"https://www.google.com/maps/search/?api=1&query=46.371206,6.481675",Laforêt Thonon-Évian,https://www.laforet.com/agence-immobiliere/thonon-evian/acheter/thonon-les-bains/appartement-4-pieces-21567437#section-video,,,True,"1 Rue des Granges, 74200 Thonon-les-Bains",96.0,229.0,4.0,96.0,,4.0,0.0,,habitavel
apartamento,Thonon-les-Bains,,,"https://www.google.com/maps/search/?api=1&query=46.375086,6.487304",Agence Barnoud Thonon,https://www.barnoud-immobilier.fr/vente/74-haute-savoie/1-thonon-les-bains/2-appartement/t2/10682-rez-jardin-17-54m-au-calme-t2-52m/,,,,"51 Avenue Jules Ferry, 74200 Thonon-les-Bains",53.0,1240.0,2.0,52.04,,,1.81,,habitavel
apartamento,Évian-les-Bains,,,"https://www.google.com/maps/search/?api=1&query=46.400365,6.591872",Nestenn Évian,https://immobilier-evian-les-bains.nestenn.com/superbe-t2-lumineux-avec-vue-lac-proche-centre-et-embarcadere-ref-39502529,,,True,"30 Rue Nationale, 74500 Évian-les-Bains",50.0,224.0,2.0,51.0,,2.0,1.96,,habitavel
apartamento,Évian-les-Bains,,,"https://www.google.com/maps/search/?api=1&query=46.400365,6.591872",Nestenn Évian,https://immobilier-evian-les-bains.nestenn.com/programme-neuf-evian-les-bains-du-t2-au-t4-ref-39323960,,,True,"30 Rue Nationale, 74500 Évian-les-Bains",50.0,224.0,2.0,50.0,,2.0,0.0,,habitavel
apartamento,Évian-les-Bains,,,"https://www.google.com/maps/search/?api=1&query=46.401632,6.603271",CENTURY 21 Chablais Léman Évian,https://www.century21-chablais-leman-evian.com/trouver_logement/detail/12331772638/,,,True,"19 Quai Paul Leger - Rd 1005, 74500 Évian-les-Bains",100.0,4655.0,4.0,100.0,,4.0,0.0,,habitavel
apartamento,Thonon-les-Bains,,,"https://www.google.com/maps/search/?api=1&query=46.370506,6.489277",Leman Property Thonon,https://www.leman-property.com/vente/appartement/thonon-les-bains/appartement-t3-coup-de-coeur/,,,,"21 Avenue des Vallées, 74200 Thonon-les-Bains",49.0,980.0,3.0,50.0,,,2.0,,habitavel
apartamento,Thonon-les-Bains,,,"https://www.google.com/maps/search/?api=1&query=46.370506,6.489277",Agence Barnoud Thonon,https://www.barnoud-immobilier.fr/vente/74-haute-savoie/1-thonon-les-bains/2-appartement/t2/10517-a-thonon-les-bains-grand-appartement-a-acheter-avec-balcon/,,,,"21 Avenue des Vallées, 74200 Thonon-les-Bains",49.0,980.0,3.0,47.8,,,2.45,,habitavel
apartamento,Thonon-les-Bains,,,"https://www.google.com/maps/search/?api=1&query=46.370506,6.489277",Agence Barnoud Thonon,https://www.barnoud-immobilier.fr/vente/74-haute-savoie/1-thonon-les-bains/2-appartement/t2/9852-appartement-a-vendre-dernier-etage-a-thonon-les-bains/,,,,"21 Avenue des Vallées, 74200 Thonon-les-Bains",49.0,980.0,3.0,48.91,,,0.18,,habitavel
apartamento,Thonon-les-Bains,,,"https://www.google.com/maps/search/?api=1&query=46.370506,6.489277",Leman Property Thonon,https://www.leman-property.com/vente/appartement/thonon-les-bains/appartement-t2-thonon-les-bains/,,,,"21 Avenue des Vallées, 74200 Thonon-les-Bains",49.0,980.0,3.0,48.0,,,2.04,,habitavel
apartamento,Évian-les-Bains,,,"https://www.google.com/maps/search/?api=1&query=46.400232,6.588835",Agence Barnoud Évian,https://www.barnoud-immobilier.fr/vente/74-haute-savoie/2-evian-les-bains/2-appartement/t2/10698-t2-60-m-vue-lac-parking-hyper-centre-evian-les-bains/,,,,"1 Avenue Docteur Dumur, 74500 Évian-les-Bains",60.0,318.0,1.0,60.0,,,0.0,,habitavel
apartamento,Évian-les-Bains,,,"https://www.google.com/maps/search/?api=1&query=46.400232,6.588835",Leman Property Évian,https://www.leman-property.com/vente/appartement/evian-les-bains/evian-les-bains-appartement-a-renover/,,,,"1 Avenue Docteur Dumur, 74500 Évian-les-Bains",60.0,318.0,1.0,60.0,,,0.0,,habitavel
apartamento,Évian-les-Bains,,,"https://www.google.com/maps/search/?api=1&query=46.399998,6.587567",CENTURY 21 Chablais Léman Évian,https://www.century21-chablais-leman-evian.com/trouver_logement/detail/11245834972/,,,True,"40 Avenue Commandant Madelaine, 74500 Évian-les-Bains",60.0,78.0,3.0,60.0,,3.0,0.0,,habitavel
apartamento,Évian-les-Bains,,,"https://www.google.com/maps/search/?api=1&query=46.399998,6.587567",Agence Barnoud Évian,https://www.barnoud-immobilier.fr/vente/74-haute-savoie/2-evian-les-bains/2-appartement/t2/10698-t2-60-m-vue-lac-parking-hyper-centre-evian-les-bains/,,,,"40 Avenue Commandant Madelaine, 74500 Évian-les-Bains",60.0,78.0,3.0,60.0,,,0.0,,habitavel
apartamento,Évian-les-Bains,,,"https://www.google.com/maps/search/?api=1&query=46.399998,6.587567",Leman Property Évian,https://www.leman-property.com/vente/appartement/evian-les-bains/evian-les-bains-appartement-a-renover/,,,,"40 Avenue Commandant Madelaine, 74500 Évian-les-Bains",60.0,78.0,3.0,60.0,,,0.0,,habitavel
apartamento,Évian-les-Bains,,,"https://www.google.com/maps/search/?api=1&query=46.399998,6.587567",CENTURY 21 Chablais Léman Évian,https://www.century21-chablais-leman-evian.com/trouver_logement/detail/11245814138/,,,True,"40 Avenue Commandant Madelaine, 74500 Évian-les-Bains",60.0,78.0,3.0,60.0,,3.0,0.0,,habitavel
apartamento,Évian-les-Bains,,,"https://www.google.com/maps/search/?api=1&query=46.399998,6.587567",CENTURY 21 Chablais Léman Évian,https://www.century21-chablais-leman-evian.com/trouver_logement/detail/11245758109/,,,True,"40 Avenue Commandant Madelaine, 74500 Évian-les-Bains",60.0,78.0,3.0,60.0,,3.0,0.0,,habitavel
apartamento,Évian-les-Bains,,,"https://www.google.com/maps/search/?api=1&query=46.399998,6.587567",Poirier Immobilier Évian,https://www.poirier-immobilier.com/vente/5-evian-les-bains/appartement/68-appartement-t3-centre-ville-d-evian-les-bains,,,True,"40 Avenue Commandant Madelaine, 74500 Évian-les-Bains",60.0,78.0,3.0,59.64,,3.0,0.6,,habitavel
apartamento,Thonon-les-Bains,,,"https://www.google.com/maps/search/?api=1&query=46.364657,6.474958",Nestenn Évian,https://immobilier-evian-les-bains.nestenn.com/a-vendre-a-thonon-les-bains-t2-renove-avec-deux-balcons-ref-39439459,,,True,"34 Rue des Alpes, 74200 Thonon-les-Bains",50.0,918.0,2.0,50.0,,2.0,0.0,,habitavel
apartamento,Thonon-les-Bains,,,"https://www.google.com/maps/search/?api=1&query=46.364657,6.474958",Leman Property Thonon,https://www.leman-property.com/vente/appartement/thonon-les-bains/appartement-t3-coup-de-coeur/,,,,"34 Rue des Alpes, 74200 Thonon-les-Bains",50.0,918.0,2.0,50.0,,,0.0,,habitavel
apartamento,Thonon-les-Bains,,,"https://www.google.com/maps/search/?api=1&query=46.364657,6.474958",Agence Barnoud Thonon,https://www.barnoud-immobilier.fr/vente/74-haute-savoie/1-thonon-les-bains/2-appartement/t2/9852-appartement-a-vendre-dernier-etage-a-thonon-les-bains/,,,,"34 Rue des Alpes, 74200 Thonon-les-Bains",50.0,918.0,2.0,48.91,,,2.18,,habitavel
apartamento,Thonon-les-Bains,,,"https://www.google.com/maps/search/?api=1&query=46.364657,6.474958",Agence Barnoud Thonon,https://www.barnoud-immobilier.fr/vente/74-haute-savoie/1-thonon-les-bains/2-appartement/t2/11274-appartement-t2-51-15m/,,,,"34 Rue des Alpes, 74200 Thonon-les-Bains",50.0,918.0,2.0,51.15,,,2.25,,habitavel
apartamento,Thonon-les-Bains,,,"https://www.google.com/maps/search/?api=1&query=46.371143,6.480043",Leman Property Thonon,https://www.leman-property.com/vente/appartement/thonon-les-bains/appartement-t3-coup-de-coeur/,,,,"14 Rue des Arts, 74200 Thonon-les-Bains",51.0,220.0,1.0,50.0,,,1.96,,habitavel
apartamento,Thonon-les-Bains,,,"https://www.google.com/maps/search/?api=1&query=46.371143,6.480043",Agence Barnoud Thonon,https://www.barnoud-immobilier.fr/vente/74-haute-savoie/1-thonon-les-bains/2-appartement/t2/10682-rez-jardin-17-54m-au-calme-t2-52m/,,,,"14 Rue des Arts, 74200 Thonon-les-Bains",51.0,220.0,1.0,52.04,,,2.0,,habitavel
apartamento,Thonon-les-Bains,,,"https://www.google.com/maps/search/?api=1&query=46.371143,6.480043",Agence Barnoud Thonon,https://www.barnoud-immobilier.fr/vente/74-haute-savoie/1-thonon-les-bains/2-appartement/t2/11274-appartement-t2-51-15m/,,,,"14 Rue des Arts, 74200 Thonon-les-Bains",51.0,220.0,1.0,51.15,,,0.29,,habitavel
apartamento,Évian-les-Bains,,,"https://www.google.com/maps/search/?api=1&query=46.400242,6.588778",Agence Barnoud Évian,https://www.barnoud-immobilier.fr/vente/74-haute-savoie/2-evian-les-bains/2-appartement/t2/10698-t2-60-m-vue-lac-parking-hyper-centre-evian-les-bains/,,,,"2 Avenue Docteur Dumur, 74500 Évian-les-Bains",60.0,464.0,1.0,60.0,,,0.0,,habitavel
apartamento,Évian-les-Bains,,,"https://www.google.com/maps/search/?api=1&query=46.400242,6.588778",Leman Property Évian,https://www.leman-property.com/vente/appartement/evian-les-bains/evian-les-bains-appartement-a-renover/,,,,"2 Avenue Docteur Dumur, 74500 Évian-les-Bains",60.0,464.0,1.0,60.0,,,0.0,,habitavel
apartamento,Thonon-les-Bains,,,"https://www.google.com/maps/search/?api=1&query=46.364658,6.474679",Nestenn Évian,https://immobilier-evian-les-bains.nestenn.com/a-vendre-a-thonon-les-bains-t2-renove-avec-deux-balcons-ref-39439459,,,True,"31 Rue des Alpes, 74200 Thonon-les-Bains",50.0,577.0,2.0,50.0,,2.0,0.0,,habitavel
apartamento,Thonon-les-Bains,,,"https://www.google.com/maps/search/?api=1&query=46.364658,6.474679",Leman Property Thonon,https://www.leman-property.com/vente/appartement/thonon-les-bains/appartement-t3-coup-de-coeur/,,,,"31 Rue des Alpes, 74200 Thonon-les-Bains",50.0,577.0,2.0,50.0,,,0.0,,habitavel
apartamento,Thonon-les-Bains,,,"https://www.google.com/maps/search/?api=1&query=46.364658,6.474679",Agence Barnoud Thonon,https://www.barnoud-immobilier.fr/vente/74-haute-savoie/1-thonon-les-bains/2-appartement/t2/9852-appartement-a-vendre-dernier-etage-a-thonon-les-bains/,,,,"31 Rue des Alpes, 74200 Thonon-les-Bains",50.0,577.0,2.0,48.91,,,2.18,,habitavel
apartamento,Thonon-les-Bains,,,"https://www.google.com/maps/search/?api=1&query=46.364658,6.474679",Agence Barnoud Thonon,https://www.barnoud-immobilier.fr/vente/74-haute-savoie/1-thonon-les-bains/2-appartement/t2/11274-appartement-t2-51-15m/,,,,"31 Rue des Alpes, 74200 Thonon-les-Bains",50.0,577.0,2.0,51.15,,,2.25,,habitavel
apartamento,Thonon-les-Bains,,,"https://www.google.com/maps/search/?api=1&query=46.366223,6.468031",Agence Barnoud Thonon,https://www.barnoud-immobilier.fr/vente/74-haute-savoie/1-thonon-les-bains/2-appartement/t2/10682-rez-jardin-17-54m-au-calme-t2-52m/,,,,"57 Avenue du Général de Gaulle, 74200 Thonon-les-Bains",52.0,656.0,3.0,52.04,,,0.08,,habitavel
apartamento,Thonon-les-Bains,,,"https://www.google.com/maps/search/?api=1&query=46.366223,6.468031",Agence Barnoud Thonon,https://www.barnoud-immobilier.fr/vente/74-haute-savoie/1-thonon-les-bains/2-appartement/t2/11274-appartement-t2-51-15m/,,,,"57 Avenue du Général de Gaulle, 74200 Thonon-les-Bains",52.0,656.0,3.0,51.15,,,1.63,,habitavel
apartamento,Évian-les-Bains,,,"https://www.google.com/maps/search/?api=1&query=46.399948,6.592342",Nestenn Évian,https://immobilier-evian-les-bains.nestenn.com/superbe-t2-lumineux-avec-vue-lac-proche-centre-et-embarcadere-ref-39502529,,,True,"18 Avenue Des Sources, 74500 Évian-les-Bains",50.0,144.0,2.0,51.0,,2.0,1.96,,habitavel
apartamento,Évian-les-Bains,,,"https://www.google.com/maps/search/?api=1&query=46.399948,6.592342",Nestenn Évian,https://immobilier-evian-les-bains.nestenn.com/programme-neuf-evian-les-bains-du-t2-au-t4-ref-39323960,,,True,"18 Avenue Des Sources, 74500 Évian-les-Bains",50.0,144.0,2.0,50.0,,2.0,0.0,,habitavel
apartamento,Thonon-les-Bains,,,"https://www.google.com/maps/search/?api=1&query=46.371331,6.478797",Agence Lehmann,https://lehmann-immo.com/fr/propriete/vente+appartement+thonon-les-bains+87286557,,,,"3 Rue Vallon, 74200 Thonon-les-Bains",60.0,148.0,1.0,61.22,,,1.99,,habitavel
apartamento,Thonon-les-Bains,,,"https://www.google.com/maps/search/?api=1&query=46.372392,6.479706",Nestenn Évian,https://immobilier-evian-les-bains.nestenn.com/a-vendre-a-thonon-les-bains-t2-renove-avec-deux-balcons-ref-39439459,,,True,"6 Rue Chante Coq, 74200 Thonon-les-Bains",50.0,37.0,2.0,50.0,,2.0,0.0,,habitavel
apartamento,Thonon-les-Bains,,,"https://www.google.com/maps/search/?api=1&query=46.372392,6.479706",Leman Property Thonon,https://www.leman-property.com/vente/appartement/thonon-les-bains/appartement-t3-coup-de-coeur/,,,,"6 Rue Chante Coq, 74200 Thonon-les-Bains",50.0,37.0,2.0,50.0,,,0.0,,habitavel
apartamento,Thonon-les-Bains,,,"https://www.google.com/maps/search/?api=1&query=46.372392,6.479706",Agence Barnoud Thonon,https://www.barnoud-immobilier.fr/vente/74-haute-savoie/1-thonon-les-bains/2-appartement/t2/9852-appartement-a-vendre-dernier-etage-a-thonon-les-bains/,,,,"6 Rue Chante Coq, 74200 Thonon-les-Bains",50.0,37.0,2.0,48.91,,,2.18,,habitavel
apartamento,Thonon-les-Bains,,,"https://www.google.com/maps/search/?api=1&query=46.372392,6.479706",Agence Barnoud Thonon,https://www.barnoud-immobilier.fr/vente/74-haute-savoie/1-thonon-les-bains/2-appartement/t2/11274-appartement-t2-51-15m/,,,,"6 Rue Chante Coq, 74200 Thonon-les-Bains",50.0,37.0,2.0,51.15,,,2.25,,habitavel
apartamento,Thonon-les-Bains,,,"https://www.google.com/maps/search/?api=1&query=46.371393,6.4801",Leman Property Thonon,https://www.leman-property.com/vente/appartement/thonon-les-bains/appartement-t3-coup-de-coeur/,,,,"8 Impasse du Manège, 74200 Thonon-les-Bains",51.0,167.0,1.0,50.0,,,1.96,,habitavel
apartamento,Thonon-les-Bains,,,"https://www.google.com/maps/search/?api=1&query=46.371393,6.4801",Agence Barnoud Thonon,https://www.barnoud-immobilier.fr/vente/74-haute-savoie/1-thonon-les-bains/2-appartement/t2/10682-rez-jardin-17-54m-au-calme-t2-52m/,,,,"8 Impasse du Manège, 74200 Thonon-les-Bains",51.0,167.0,1.0,52.04,,,2.0,,habitavel
apartamento,Thonon-les-Bains,,,"https://www.google.com/maps/search/?api=1&query=46.371393,6.4801",Agence Barnoud Thonon,https://www.barnoud-immobilier.fr/vente/74-haute-savoie/1-thonon-les-bains/2-appartement/t2/11274-appartement-t2-51-15m/,,,,"8 Impasse du Manège, 74200 Thonon-les-Bains",51.0,167.0,1.0,51.15,,,0.29,,habitavel
apartamento,Thonon-les-Bains,,,"https://www.google.com/maps/search/?api=1&query=46.376107,6.488757",Christelle Vannier Immobilier,https://cvannier-immobilier.com/fr/propriete/vente+appartement+thonon-les-bains+thonon-les-bains-t4-avec-loggia-et-vue-montagnes+86973545,,,True,"63 Avenue Jules Ferry, 74200 Thonon-les-Bains",90.0,1020.0,4.0,91.83,,4.0,1.99,,habitavel
apartamento,Thonon-les-Bains,,,"https://www.google.com/maps/search/?api=1&query=46.376107,6.488757",Laforêt Thonon-Évian,https://www.laforet.com/agence-immobiliere/thonon-evian/acheter/thonon-les-bains/appartement-4-pieces-52778750#section-video,,,True,"63 Avenue Jules Ferry, 74200 Thonon-les-Bains",90.0,1020.0,4.0,91.0,,4.0,1.1,,habitavel
apartamento,Thonon-les-Bains,,,"https://www.google.com/maps/search/?api=1&query=46.376107,6.488757",Laforêt Thonon-Évian,https://www.laforet.com/agence-immobiliere/thonon-evian/acheter/thonon-les-bains/appartement-4-pieces-52778750,,,True,"63 Avenue Jules Ferry, 74200 Thonon-les-Bains",90.0,1020.0,4.0,91.0,,4.0,1.1,,habitavel
apartamento,Thonon-les-Bains,,,"https://www.google.com/maps/search/?api=1&query=46.373337,6.479911",Christelle Vannier Immobilier,https://cvannier-immobilier.com/fr/propriete/vente+appartement+thonon-les-bains+exclusivite-grand-t4-de-114m-garage-et-parking+86690288,,,True,"4 Place du Château, 74200 Thonon-les-Bains",115.0,4344.0,4.0,114.0,,4.0,0.87,,habitavel
apartamento,Thonon-les-Bains,,,"https://www.google.com/maps/search/?api=1&query=46.374802,6.483638",Leman Property Thonon,https://www.leman-property.com/vente/appartement/thonon-les-bains/appartement-t3-coup-de-coeur/,,,,"21 Boulevard de Savoie, 74200 Thonon-les-Bains",49.0,374.0,3.0,50.0,,,2.0,,habitavel
apartamento,Thonon-les-Bains,,,"https://www.google.com/maps/search/?api=1&query=46.374802,6.483638",Agence Barnoud Thonon,https://www.barnoud-immobilier.fr/vente/74-haute-savoie/1-thonon-les-bains/2-appartement/t2/10517-a-thonon-les-bains-grand-appartement-a-acheter-avec-balcon/,,,,"21 Boulevard de Savoie, 74200 Thonon-les-Bains",49.0,374.0,3.0,47.8,,,2.45,,habitavel
apartamento,Thonon-les-Bains,,,"https://www.google.com/maps/search/?api=1&query=46.374802,6.483638",Agence Barnoud Thonon,https://www.barnoud-immobilier.fr/vente/74-haute-savoie/1-thonon-les-bains/2-appartement/t2/9852-appartement-a-vendre-dernier-etage-a-thonon-les-bains/,,,,"21 Boulevard de Savoie, 74200 Thonon-les-Bains",49.0,374.0,3.0,48.91,,,0.18,,habitavel
apartamento,Thonon-les-Bains,,,"https://www.google.com/maps/search/?api=1&query=46.374802,6.483638",Leman Property Thonon,https://www.leman-property.com/vente/appartement/thonon-les-bains/appartement-t2-thonon-les-bains/,,,,"21 Boulevard de Savoie, 74200 Thonon-les-Bains",49.0,374.0,3.0,48.0,,,2.04,,habitavel
apartamento,Thonon-les-Bains,,,"https://www.google.com/maps/search/?api=1&query=46.360734,6.45344",Leman Property Thonon,https://www.leman-property.com/vente/appartement/thonon-les-bains/en-exclusivite-t2-rez-de-jardin-thonon-st-disdille/,,,,"19 Chemin des Croz, 74200 Thonon-les-Bains",43.0,1424.0,2.0,44.0,,,2.27,,habitavel
apartamento,Thonon-les-Bains,,,"https://www.google.com/maps/search/?api=1&query=46.360734,6.45344",Agence Lehmann,https://lehmann-immo.com/fr/propriete/vente+appartement+thonon-les-bains+appartement-moderne-t2-a-thonon-les-bains+87095867,,,,"19 Chemin des Croz, 74200 Thonon-les-Bains",43.0,1424.0,2.0,42.39,,,1.42,,habitavel
apartamento,Thonon-les-Bains,,,"https://www.google.com/maps/search/?api=1&query=46.360734,6.45344",Christelle Vannier Immobilier,https://cvannier-immobilier.com/fr/propriete/vente+appartement+thonon-les-bains+exclusivite-t2-centre-ville-thonon-les-bains+86925991,,,True,"19 Chemin des Croz, 74200 Thonon-les-Bains",43.0,1424.0,2.0,43.6,,2.0,1.38,,habitavel
apartamento,Thonon-les-Bains,,,"https://www.google.com/maps/search/?api=1&query=46.366654,6.482996",Laforêt Thonon-Évian,https://www.laforet.com/agence-immobiliere/thonon-evian/acheter/thonon-les-bains/appartement-2-pieces-52558897,,,True,"1 Chemin des Marmottés, 74200 Thonon-les-Bains",34.0,281.0,2.0,34.0,,2.0,0.0,,habitavel
apartamento,Thonon-les-Bains,,,"https://www.google.com/maps/search/?api=1&query=46.374271,6.497426",Agence Lehmann,https://lehmann-immo.com/fr/propriete/vente+appartement+thonon-les-bains+bel-appartement-4-pieces-avec-jardin-a-thonon-les-bains+87306178,,,True,"44 Avenue de Champagne, 74200 Thonon-les-Bains",81.0,1110.0,4.0,82.0,,4.0,1.22,,habitavel
apartamento,Thonon-les-Bains,,,"https://www.google.com/maps/search/?api=1&query=46.374271,6.497426",Poirier Immobilier Thonon,https://www.poirier-immobilier.com/vente/6-thonon-les-bains/appartement/2240-thonon-les-bains-votre-ecrin-de-verdure-au-coeur-du-pillon,,,True,"44 Avenue de Champagne, 74200 Thonon-les-Bains",81.0,1110.0,4.0,80.99,,4.0,0.01,,habitavel
apartamento,Évian-les-Bains,,,"https://www.google.com/maps/search/?api=1&query=46.399867,6.58438",Poirier Immobilier Évian,https://www.poirier-immobilier.com/vente/5-evian-les-bains/appartement/2452-studio-de-35m-avec-vue-lac-a-evian-les-bains,,,True,"14 Avenue Marc Francina, 74500 Évian-les-Bains",35.0,385.0,1.0,35.0,,1.0,0.0,,habitavel
apartamento,Thonon-les-Bains,,,"https://www.google.com/maps/search/?api=1&query=46.372154,6.47709",Laforêt Thonon-Évian,https://www.laforet.com/agence-immobiliere/thonon-evian/acheter/thonon-les-bains/appartement-2-pieces-52534317,,,True,"34 Rue Vallon, 74200 Thonon-les-Bains",39.0,814.0,2.0,40.0,,2.0,2.5,,habitavel
apartamento,Thonon-les-Bains,,,"https://www.google.com/maps/search/?api=1&query=46.372154,6.47709",Leman Property Thonon,https://www.leman-property.com/vente/appartement/thonon-les-bains/thonon-les-bains-t2-duplex-renove-vue-lac/,,,,"34 Rue Vallon, 74200 Thonon-les-Bains",39.0,814.0,2.0,40.0,,,2.5,,habitavel
apartamento,Thonon-les-Bains,,,"https://www.google.com/maps/search/?api=1&query=46.372154,6.47709",Christelle Vannier Immobilier,https://cvannier-immobilier.com/fr/propriete/vente+appartement+thonon-les-bains+exclusivite-appartement-de-type-2-avec-cave+86737083,,,True,"34 Rue Vallon, 74200 Thonon-les-Bains",39.0,814.0,2.0,40.0,,2.0,2.5,,habitavel
apartamento,Évian-les-Bains,,,"https://www.google.com/maps/search/?api=1&query=46.400383,6.591112",Leman Property Évian,https://www.leman-property.com/vente/appartement/evian-les-bains/appartement-t4-rez-de-jardin-evian-les-bains/,,,,"29 Rue Nationale, 74500 Évian-les-Bains",95.0,619.0,6.0,96.0,,,1.04,,habitavel
apartamento,Évian-les-Bains,,,"https://www.google.com/maps/search/?api=1&query=46.400383,6.591112",Cabinet Greneche,https://grenecheimmo.fr/fr/propriete/vente+appartement+evian-les-bains+t3-evian-centre-ville+86400014,,,,"29 Rue Nationale, 74500 Évian-les-Bains",95.0,619.0,6.0,95.0,,,0.0,,habitavel
apartamento,Thonon-les-Bains,,,"https://www.google.com/maps/search/?api=1&query=46.374855,6.479214",Agence Barnoud Thonon,https://www.barnoud-immobilier.fr/vente/74-haute-savoie/1-thonon-les-bains/2-appartement/t1/10775-studio-avec-terrasse-et-place-de-parking-a-acheter-a-thonon-les-bains/,,,,"10 Rue de Naples, 74200 Thonon-les-Bains",27.0,44.0,1.0,27.39,,,1.42,,habitavel
apartamento,Thonon-les-Bains,,,"https://www.google.com/maps/search/?api=1&query=46.374846,6.479347",Agence Barnoud Thonon,https://www.barnoud-immobilier.fr/vente/74-haute-savoie/1-thonon-les-bains/2-appartement/t1/10775-studio-avec-terrasse-et-place-de-parking-a-acheter-a-thonon-les-bains/,,,,"17 Rue de Naples, 74200 Thonon-les-Bains",27.0,443.0,1.0,27.39,,,1.42,,habitavel
apartamento,Thonon-les-Bains,,,"https://www.google.com/maps/search/?api=1&query=46.374889,6.479326",Agence Barnoud Thonon,https://www.barnoud-immobilier.fr/vente/74-haute-savoie/1-thonon-les-bains/2-appartement/t1/10775-studio-avec-terrasse-et-place-de-parking-a-acheter-a-thonon-les-bains/,,,,"12 Rue de Naples, 74200 Thonon-les-Bains",27.0,168.0,1.0,27.39,,,1.42,,habitavel
apartamento,Thonon-les-Bains,,,"https://www.google.com/maps/search/?api=1&query=46.366194,6.476699",Agence Lehmann,https://lehmann-immo.com/fr/propriete/vente+appartement+thonon-les-bains+bel-appartement-4-pieces-avec-jardin-a-thonon-les-bains+87306178,,,True,"1 Rue des Alpes, 74200 Thonon-les-Bains",84.0,1529.0,4.0,82.0,,4.0,2.38,,habitavel
apartamento,Thonon-les-Bains,,,"https://www.google.com/maps/search/?api=1&query=46.366194,6.476699",Christelle Vannier Immobilier,https://cvannier-immobilier.com/fr/propriete/vente+appartement+thonon-les-bains+exclusivite-nouveaute-t4-avec-jardin-garage-et-cave+87049047,,,True,"1 Rue des Alpes, 74200 Thonon-les-Bains",84.0,1529.0,4.0,83.8,,4.0,0.24,,habitavel
apartamento,Thonon-les-Bains,,,"https://www.google.com/maps/search/?api=1&query=46.366194,6.476699",Laforêt Thonon-Évian,https://www.laforet.com/agence-immobiliere/thonon-evian/acheter/thonon-les-bains/appartement-4-pieces-52648362,,,True,"1 Rue des Alpes, 74200 Thonon-les-Bains",84.0,1529.0,4.0,84.0,,4.0,0.0,,habitavel
apartamento,Thonon-les-Bains,,,"https://www.google.com/maps/search/?api=1&query=46.366194,6.476699",Christelle Vannier Immobilier,https://cvannier-immobilier.com/fr/propriete/vente+appartement+thonon-les-bains+appartement-t4-thonon-les-bains-concise+87257451,,,True,"1 Rue des Alpes, 74200 Thonon-les-Bains",84.0,1529.0,4.0,85.92,,4.0,2.23,,habitavel
apartamento,Thonon-les-Bains,,,"https://www.google.com/maps/search/?api=1&query=46.366194,6.476699",Christelle Vannier Immobilier,https://cvannier-immobilier.com/fr/propriete/vente+appartement+thonon-les-bains+appartement-de-type-4-avec-2-places-de-parking-en-sous-sol+86648754,,,True,"1 Rue des Alpes, 74200 Thonon-les-Bains",84.0,1529.0,4.0,83.55,,4.0,0.54,,habitavel
apartamento,Thonon-les-Bains,,,"https://www.google.com/maps/search/?api=1&query=46.373045,6.480057",Dupraz Immobilier Thonon,https://www.dupraz-immobilier.com/ville_bien/fiches/3-33-29_60896304/t3-de-76-m2-avec-terrasse-de-25-m2-garage-cave-et-stationnement.html,,,,"42 Rue des Granges, 74200 Thonon-les-Bains",77.0,4344.0,4.0,76.0,,,1.3,,habitavel
apartamento,Évian-les-Bains,,,"https://www.google.com/maps/search/?api=1&query=46.401615,6.603048",CENTURY 21 Chablais Léman Évian,https://www.century21-chablais-leman-evian.com/trouver_logement/detail/12331772638/,,,True,"23 Quai Paul Leger - Rd 1005, 74500 Évian-les-Bains",100.0,4655.0,4.0,100.0,,4.0,0.0,,habitavel
apartamento,Thonon-les-Bains,,,"https://www.google.com/maps/search/?api=1&query=46.365707,6.460809",Leman Property Thonon,https://www.leman-property.com/vente/appartement/thonon-les-bains/appartement-t3-coup-de-coeur/,,,,"2 Rue des 4 Vents, 74200 Thonon-les-Bains",51.0,742.0,3.0,50.0,,,1.96,,habitavel
apartamento,Thonon-les-Bains,,,"https://www.google.com/maps/search/?api=1&query=46.365707,6.460809",Agence Barnoud Thonon,https://www.barnoud-immobilier.fr/vente/74-haute-savoie/1-thonon-les-bains/2-appartement/t2/10682-rez-jardin-17-54m-au-calme-t2-52m/,,,,"2 Rue des 4 Vents, 74200 Thonon-les-Bains",51.0,742.0,3.0,52.04,,,2.0,,habitavel
apartamento,Thonon-les-Bains,,,"https://www.google.com/maps/search/?api=1&query=46.365707,6.460809",Agence Barnoud Thonon,https://www.barnoud-immobilier.fr/vente/74-haute-savoie/1-thonon-les-bains/2-appartement/t2/11274-appartement-t2-51-15m/,,,,"2 Rue des 4 Vents, 74200 Thonon-les-Bains",51.0,742.0,3.0,51.15,,,0.29,,habitavel
apartamento,Thonon-les-Bains,,,"https://www.google.com/maps/search/?api=1&query=46.363841,6.46301",Agence Lehmann,https://lehmann-immo.com/fr/propriete/vente+appartement+thonon-les-bains+bel-appartement-4-pieces-avec-jardin-a-thonon-les-bains+87306178,,,True,"97 Avenue du Général de Gaulle, 74200 Thonon-les-Bains",82.0,2135.0,4.0,82.0,,4.0,0.0,,habitavel
apartamento,Thonon-les-Bains,,,"https://www.google.com/maps/search/?api=1&query=46.363841,6.46301",Christelle Vannier Immobilier,https://cvannier-immobilier.com/fr/propriete/vente+appartement+thonon-les-bains+exclusivite-nouveaute-t4-avec-jardin-garage-et-cave+87049047,,,True,"97 Avenue du Général de Gaulle, 74200 Thonon-les-Bains",82.0,2135.0,4.0,83.8,,4.0,2.15,,habitavel
apartamento,Thonon-les-Bains,,,"https://www.google.com/maps/search/?api=1&query=46.363841,6.46301",Laforêt Thonon-Évian,https://www.laforet.com/agence-immobiliere/thonon-evian/acheter/thonon-les-bains/appartement-4-pieces-52648362,,,True,"97 Avenue du Général de Gaulle, 74200 Thonon-les-Bains",82.0,2135.0,4.0,84.0,,4.0,2.38,,habitavel
apartamento,Thonon-les-Bains,,,"https://www.google.com/maps/search/?api=1&query=46.363841,6.46301",Poirier Immobilier Thonon,https://www.poirier-immobilier.com/vente/6-thonon-les-bains/appartement/2240-thonon-les-bains-votre-ecrin-de-verdure-au-coeur-du-pillon,,,True,"97 Avenue du Général de Gaulle, 74200 Thonon-les-Bains",82.0,2135.0,4.0,80.99,,4.0,1.23,,habitavel
apartamento,Thonon-les-Bains,,,"https://www.google.com/maps/search/?api=1&query=46.363841,6.46301",Christelle Vannier Immobilier,https://cvannier-immobilier.com/fr/propriete/vente+appartement+thonon-les-bains+appartement-de-type-4-avec-2-places-de-parking-en-sous-sol+86648754,,,True,"97 Avenue du Général de Gaulle, 74200 Thonon-les-Bains",82.0,2135.0,4.0,83.55,,4.0,1.86,,habitavel
apartamento,Thonon-les-Bains,,,"https://www.google.com/maps/search/?api=1&query=46.366184,6.477204",Agence Lehmann,https://lehmann-immo.com/fr/propriete/vente+appartement+thonon-les-bains+bel-appartement-4-pieces-avec-jardin-a-thonon-les-bains+87306178,,,True,"4 Chemin du Martinet, 74200 Thonon-les-Bains",84.0,255.0,4.0,82.0,,4.0,2.38,,habitavel
apartamento,Thonon-les-Bains,,,"https://www.google.com/maps/search/?api=1&query=46.366184,6.477204",Christelle Vannier Immobilier,https://cvannier-immobilier.com/fr/propriete/vente+appartement+thonon-les-bains+exclusivite-nouveaute-t4-avec-jardin-garage-et-cave+87049047,,,True,"4 Chemin du Martinet, 74200 Thonon-les-Bains",84.0,255.0,4.0,83.8,,4.0,0.24,,habitavel
apartamento,Thonon-les-Bains,,,"https://www.google.com/maps/search/?api=1&query=46.366184,6.477204",Laforêt Thonon-Évian,https://www.laforet.com/agence-immobiliere/thonon-evian/acheter/thonon-les-bains/appartement-4-pieces-52648362,,,True,"4 Chemin du Martinet, 74200 Thonon-les-Bains",84.0,255.0,4.0,84.0,,4.0,0.0,,habitavel
apartamento,Thonon-les-Bains,,,"https://www.google.com/maps/search/?api=1&query=46.366184,6.477204",Christelle Vannier Immobilier,https://cvannier-immobilier.com/fr/propriete/vente+appartement+thonon-les-bains+appartement-t4-thonon-les-bains-concise+87257451,,,True,"4 Chemin du Martinet, 74200 Thonon-les-Bains",84.0,255.0,4.0,85.92,,4.0,2.23,,habitavel
apartamento,Thonon-les-Bains,,,"https://www.google.com/maps/search/?api=1&query=46.366184,6.477204",Christelle Vannier Immobilier,https://cvannier-immobilier.com/fr/propriete/vente+appartement+thonon-les-bains+appartement-de-type-4-avec-2-places-de-parking-en-sous-sol+86648754,,,True,"4 Chemin du Martinet, 74200 Thonon-les-Bains",84.0,255.0,4.0,83.55,,4.0,0.54,,habitavel
apartamento,Thonon-les-Bains,,,"https://www.google.com/maps/search/?api=1&query=46.381781,6.499454",Agence Lehmann,https://lehmann-immo.com/fr/propriete/vente+appartement+thonon-les-bains+proche-gare-centre-ville+83436628,,,,"12 Avenue de Thuyset, 74200 Thonon-les-Bains",154.0,2016.0,5.0,154.13,,,0.08,,habitavel
apartamento,Thonon-les-Bains,,,"https://www.google.com/maps/search/?api=1&query=46.373469,6.478759",Christelle Vannier Immobilier,https://cvannier-immobilier.com/fr/propriete/vente+appartement+thonon-les-bains+exclusivite-nouveaute+87032206,,,True,"5 Rue Michaud, 74200 Thonon-les-Bains",21.0,232.0,1.0,21.0,,1.0,0.0,,habitavel
apartamento,Thonon-les-Bains,,,"https://www.google.com/maps/search/?api=1&query=46.374838,6.479111",Agence Barnoud Thonon,https://www.barnoud-immobilier.fr/vente/74-haute-savoie/1-thonon-les-bains/2-appartement/t1/10775-studio-avec-terrasse-et-place-de-parking-a-acheter-a-thonon-les-bains/,,,,"14 Rue des Pêcheurs, 74200 Thonon-les-Bains",27.0,44.0,1.0,27.39,,,1.42,,habitavel
apartamento,Thonon-les-Bains,,,"https://www.google.com/maps/search/?api=1&query=46.373034,6.480002",Dupraz Immobilier Thonon,https://www.dupraz-immobilier.com/ville_bien/fiches/3-33-29_60896304/t3-de-76-m2-avec-terrasse-de-25-m2-garage-cave-et-stationnement.html,,,,"44 Rue des Granges, 74200 Thonon-les-Bains",77.0,4344.0,4.0,76.0,,,1.3,,habitavel
apartamento,Thonon-les-Bains,,,"https://www.google.com/maps/search/?api=1&query=46.37865,6.498265",Agence Lehmann,https://lehmann-immo.com/fr/propriete/vente+appartement+thonon-les-bains+bel-appartement-4-pieces-avec-jardin-a-thonon-les-bains+87306178,,,True,"16 Chemin du Clos d’Armoy, 74200 Thonon-les-Bains",80.0,585.0,4.0,82.0,,4.0,2.44,,habitavel
apartamento,Thonon-les-Bains,,,"https://www.google.com/maps/search/?api=1&query=46.37865,6.498265",Poirier Immobilier Thonon,https://www.poirier-immobilier.com/vente/6-thonon-les-bains/appartement/2240-thonon-les-bains-votre-ecrin-de-verdure-au-coeur-du-pillon,,,True,"16 Chemin du Clos d’Armoy, 74200 Thonon-les-Bains",80.0,585.0,4.0,80.99,,4.0,1.22,,habitavel
apartamento,Thonon-les-Bains,,,"https://www.google.com/maps/search/?api=1&query=46.374807,6.479244",Agence Barnoud Thonon,https://www.barnoud-immobilier.fr/vente/74-haute-savoie/1-thonon-les-bains/2-appartement/t1/10775-studio-avec-terrasse-et-place-de-parking-a-acheter-a-thonon-les-bains/,,,,"15 Rue de Naples, 74200 Thonon-les-Bains",27.0,87.0,1.0,27.39,,,1.42,,habitavel
apartamento,Thonon-les-Bains,,,"https://www.google.com/maps/search/?api=1&query=46.373046,6.480124",Dupraz Immobilier Thonon,https://www.dupraz-immobilier.com/ville_bien/fiches/3-33-29_60896304/t3-de-76-m2-avec-terrasse-de-25-m2-garage-cave-et-stationnement.html,,,,"40 Rue des Granges, 74200 Thonon-les-Bains",77.0,872.0,4.0,76.0,,,1.3,,habitavel
apartamento,Thonon-les-Bains,,,"https://www.google.com/maps/search/?api=1&query=46.363738,6.484879",CENTURY 21 Chablais-Léman Thonon,https://www.century21-chablais-leman-thonon.com/trouver_logement/detail/16436700333/,,,True,"31 Chemin des Marmottés, 74200 Thonon-les-Bains",70.0,1180.0,3.0,70.6,,3.0,0.85,,habitavel
apartamento,Thonon-les-Bains,,,"https://www.google.com/maps/search/?api=1&query=46.363738,6.484879",Agence Barnoud Thonon,https://www.barnoud-immobilier.fr/vente/74-haute-savoie/1-thonon-les-bains/2-appartement/t3/9917-a-thonon-les-bains-appartement-a-acheter-avec-2-chambres/,,,,"31 Chemin des Marmottés, 74200 Thonon-les-Bains",70.0,1180.0,3.0,69.52,,,0.69,,habitavel
apartamento,Thonon-les-Bains,,,"https://www.google.com/maps/search/?api=1&query=46.363738,6.484879",Christelle Vannier Immobilier,https://cvannier-immobilier.com/fr/propriete/vente+appartement+thonon-les-bains+exclusivite-appartement-t3-avec-garage-+86909438,,,True,"31 Chemin des Marmottés, 74200 Thonon-les-Bains",70.0,1180.0,3.0,68.98,,3.0,1.46,,habitavel
apartamento,Thonon-les-Bains,,,"https://www.google.com/maps/search/?api=1&query=46.370705,6.478951",Laforêt Thonon-Évian,https://www.laforet.com/agence-immobiliere/thonon-evian/acheter/thonon-les-bains/appartement-4-pieces-21989784,,,True,"8 Grande Rue, 74200 Thonon-les-Bains",88.0,76.0,4.0,87.0,241.0,4.0,1.14,,habitavel
apartamento,Thonon-les-Bains,,,"https://www.google.com/maps/search/?api=1&query=46.370705,6.478951",Christelle Vannier Immobilier,https://cvannier-immobilier.com/fr/propriete/vente+appartement+thonon-les-bains+appartement-t4-en-attique-residence-neuve+86566650,,,True,"8 Grande Rue, 74200 Thonon-les-Bains",88.0,76.0,4.0,87.33,,4.0,0.76,,habitavel
apartamento,Thonon-les-Bains,,,"https://www.google.com/maps/search/?api=1&query=46.370705,6.478951",Christelle Vannier Immobilier,https://cvannier-immobilier.com/fr/propriete/vente+appartement+thonon-les-bains+appartement-t4-thonon-les-bains-concise+87257451,,,True,"8 Grande Rue, 74200 Thonon-les-Bains",88.0,76.0,4.0,85.92,,4.0,2.36,,habitavel
apartamento,Thonon-les-Bains,,,"https://www.google.com/maps/search/?api=1&query=46.385545,6.500051",Laforêt Thonon-Évian,https://www.laforet.com/agence-immobiliere/thonon-evian/acheter/thonon-les-bains/appartement-4-pieces-21989784,,,True,"3 Chemin d’En Place, 74200 Thonon-les-Bains",85.0,4100.0,4.0,87.0,241.0,4.0,2.3,,habitavel
apartamento,Thonon-les-Bains,,,"https://www.google.com/maps/search/?api=1&query=46.385545,6.500051",Christelle Vannier Immobilier,https://cvannier-immobilier.com/fr/propriete/vente+appartement+thonon-les-bains+exclusivite-nouveaute-t4-avec-jardin-garage-et-cave+87049047,,,True,"3 Chemin d’En Place, 74200 Thonon-les-Bains",85.0,4100.0,4.0,83.8,,4.0,1.41,,habitavel
apartamento,Thonon-les-Bains,,,"https://www.google.com/maps/search/?api=1&query=46.385545,6.500051",Laforêt Thonon-Évian,https://www.laforet.com/agence-immobiliere/thonon-evian/acheter/thonon-les-bains/appartement-4-pieces-52648362,,,True,"3 Chemin d’En Place, 74200 Thonon-les-Bains",85.0,4100.0,4.0,84.0,,4.0,1.18,,habitavel
apartamento,Thonon-les-Bains,,,"https://www.google.com/maps/search/?api=1&query=46.385545,6.500051",Christelle Vannier Immobilier,https://cvannier-immobilier.com/fr/propriete/vente+appartement+thonon-les-bains+appartement-t4-thonon-les-bains-concise+87257451,,,True,"3 Chemin d’En Place, 74200 Thonon-les-Bains",85.0,4100.0,4.0,85.92,,4.0,1.07,,habitavel
apartamento,Thonon-les-Bains,,,"https://www.google.com/maps/search/?api=1&query=46.385545,6.500051",Christelle Vannier Immobilier,https://cvannier-immobilier.com/fr/propriete/vente+appartement+thonon-les-bains+appartement-de-type-4-avec-2-places-de-parking-en-sous-sol+86648754,,,True,"3 Chemin d’En Place, 74200 Thonon-les-Bains",85.0,4100.0,4.0,83.55,,4.0,1.71,,habitavel
apartamento,Thonon-les-Bains,,,"https://www.google.com/maps/search/?api=1&query=46.371466,6.479298",Dupraz Immobilier Thonon,https://www.dupraz-immobilier.com/ville_bien/fiches/3-33-29_60896304/t3-de-76-m2-avec-terrasse-de-25-m2-garage-cave-et-stationnement.html,,,,"35 Grande Rue, 74200 Thonon-les-Bains",75.0,184.0,2.0,76.0,,,1.32,,habitavel
apartamento,Thonon-les-Bains,,,"https://www.google.com/maps/search/?api=1&query=46.370695,6.47907",Laforêt Thonon-Évian,https://www.laforet.com/agence-immobiliere/thonon-evian/acheter/thonon-les-bains/appartement-4-pieces-21989784,,,True,"23 Grande Rue, 74200 Thonon-les-Bains",88.0,375.0,4.0,87.0,241.0,4.0,1.14,,habitavel
apartamento,Thonon-les-Bains,,,"https://www.google.com/maps/search/?api=1&query=46.370695,6.47907",Christelle Vannier Immobilier,https://cvannier-immobilier.com/fr/propriete/vente+appartement+thonon-les-bains+appartement-t4-en-attique-residence-neuve+86566650,,,True,"23 Grande Rue, 74200 Thonon-les-Bains",88.0,375.0,4.0,87.33,,4.0,0.76,,habitavel
apartamento,Thonon-les-Bains,,,"https://www.google.com/maps/search/?api=1&query=46.370695,6.47907",Christelle Vannier Immobilier,https://cvannier-immobilier.com/fr/propriete/vente+appartement+thonon-les-bains+appartement-t4-thonon-les-bains-concise+87257451,,,True,"23 Grande Rue, 74200 Thonon-les-Bains",88.0,375.0,4.0,85.92,,4.0,2.36,,habitavel
apartamento,Thonon-les-Bains,,,"https://www.google.com/maps/search/?api=1&query=46.370746,6.482668",Christelle Vannier Immobilier,https://cvannier-immobilier.com/fr/propriete/vente+appartement+thonon-les-bains+thonon-les-bains-t4-avec-loggia-et-vue-montagnes+86973545,,,True,"5 Boulevard Georges Andrier, 74200 Thonon-les-Bains",90.0,345.0,4.0,91.83,,4.0,1.99,,habitavel
apartamento,Thonon-les-Bains,,,"https://www.google.com/maps/search/?api=1&query=46.370746,6.482668",Laforêt Thonon-Évian,https://www.laforet.com/agence-immobiliere/thonon-evian/acheter/thonon-les-bains/appartement-4-pieces-52778750#section-video,,,True,"5 Boulevard Georges Andrier, 74200 Thonon-les-Bains",90.0,345.0,4.0,91.0,,4.0,1.1,,habitavel
apartamento,Thonon-les-Bains,,,"https://www.google.com/maps/search/?api=1&query=46.370746,6.482668",Laforêt Thonon-Évian,https://www.laforet.com/agence-immobiliere/thonon-evian/acheter/thonon-les-bains/appartement-4-pieces-52778750,,,True,"5 Boulevard Georges Andrier, 74200 Thonon-les-Bains",90.0,345.0,4.0,91.0,,4.0,1.1,,habitavel
apartamento,Thonon-les-Bains,,,"https://www.google.com/maps/search/?api=1&query=46.366209,6.468786",Laforêt Thonon-Évian,https://www.laforet.com/agence-immobiliere/thonon-evian/acheter/thonon-les-bains/appartement-1-piece-52558857,,,True,"1 Avenue du Forchat, 74200 Thonon-les-Bains",19.0,380.0,1.0,19.0,,1.0,0.0,,habitavel
apartamento,Thonon-les-Bains,,,"https://www.google.com/maps/search/?api=1&query=46.366209,6.468786",Laforêt Thonon-Évian,https://www.laforet.com/agence-immobiliere/thonon-evian/acheter/thonon-les-bains/appartement-1-piece-52558600,,,True,"1 Avenue du Forchat, 74200 Thonon-les-Bains",19.0,380.0,1.0,19.0,,1.0,0.0,,habitavel
apartamento,Thonon-les-Bains,,,"https://www.google.com/maps/search/?api=1&query=46.37151,6.479322",Dupraz Immobilier Thonon,https://www.dupraz-immobilier.com/ville_bien/fiches/3-33-29_60896304/t3-de-76-m2-avec-terrasse-de-25-m2-garage-cave-et-stationnement.html,,,,"37 Grande Rue, 74200 Thonon-les-Bains",75.0,184.0,2.0,76.0,,,1.32,,habitavel
apartamento,Thonon-les-Bains,,,"https://www.google.com/maps/search/?api=1&query=46.372801,6.478961",Agence Barnoud Thonon,https://www.barnoud-immobilier.fr/vente/74-haute-savoie/1-thonon-les-bains/2-appartement/t4/10465-a-vendre-au-centre-ville-de-thonon-les-bains-grand-appartement-avec-balcon/,,,,"52 Grande Rue, 74200 Thonon-les-Bains",100.0,275.0,3.0,100.65,,,0.65,,habitavel
apartamento,Évian-les-Bains,,,"https://www.google.com/maps/search/?api=1&query=46.389311,6.584023",Agence Barnoud Évian,https://www.barnoud-immobilier.fr/vente/74-haute-savoie/2-evian-les-bains/4-studio/9473-dernier-etage-vue-lac-studio-avec-beaucoup-de-charme/,,,,"49 Boulevard Du Clou, 74500 Évian-les-Bains",45.0,1930.0,3.0,43.88,,,2.49,,habitavel
apartamento,Thonon-les-Bains,,,"https://www.google.com/maps/search/?api=1&query=46.363964,6.465355",CENTURY 21 Chablais-Léman Thonon,https://www.century21-chablais-leman-thonon.com/trouver_logement/detail/16350251916/,,,True,"8 Rue du Salève, 74200 Thonon-les-Bains",61.0,455.0,3.0,60.0,,3.0,1.64,,habitavel
apartamento,Thonon-les-Bains,,,"https://www.google.com/maps/search/?api=1&query=46.363964,6.465355",Agence Lehmann,https://lehmann-immo.com/fr/propriete/vente+appartement+thonon-les-bains+87286557,,,,"8 Rue du Salève, 74200 Thonon-les-Bains",61.0,455.0,3.0,61.22,,,0.36,,habitavel
apartamento,Thonon-les-Bains,,,"https://www.google.com/maps/search/?api=1&query=46.363964,6.465355",Christelle Vannier Immobilier,https://cvannier-immobilier.com/fr/propriete/vente+appartement+thonon-les-bains+appartement-t3-thonon-centre-ville+85078596,,,True,"8 Rue du Salève, 74200 Thonon-les-Bains",61.0,455.0,3.0,62.0,,3.0,1.61,,habitavel
apartamento,Thonon-les-Bains,,,"https://www.google.com/maps/search/?api=1&query=46.361986,6.482334",Leman Property Thonon,https://www.leman-property.com/vente/appartement/thonon-les-bains/en-exclusivite-t2-rez-de-jardin-thonon-st-disdille/,,,,"17 Chemin des Harpes, 74200 Thonon-les-Bains",43.0,645.0,2.0,44.0,,,2.27,,habitavel
apartamento,Thonon-les-Bains,,,"https://www.google.com/maps/search/?api=1&query=46.361986,6.482334",Agence Lehmann,https://lehmann-immo.com/fr/propriete/vente+appartement+thonon-les-bains+appartement-moderne-t2-a-thonon-les-bains+87095867,,,,"17 Chemin des Harpes, 74200 Thonon-les-Bains",43.0,645.0,2.0,42.39,,,1.42,,habitavel
apartamento,Thonon-les-Bains,,,"https://www.google.com/maps/search/?api=1&query=46.361986,6.482334",Christelle Vannier Immobilier,https://cvannier-immobilier.com/fr/propriete/vente+appartement+thonon-les-bains+exclusivite-t2-centre-ville-thonon-les-bains+86925991,,,True,"17 Chemin des Harpes, 74200 Thonon-les-Bains",43.0,645.0,2.0,43.6,,2.0,1.38,,habitavel
apartamento,Thonon-les-Bains,,,"https://www.google.com/maps/search/?api=1&query=46.364177,6.490383",A&P Immobilier,https://www.immobilierapi.com/vente/1-thonon-les-bains/appartement/t3/894-thonon-les-bains-nouvelle-exclusivite-t3-en-rez-de-jardin-a-decouvrir/,,,True,"46 Avenue de l’Ermitage, 74200 Thonon-les-Bains",63.0,1017.0,3.0,63.0,,3.0,0.0,,habitavel
apartamento,Thonon-les-Bains,,,"https://www.google.com/maps/search/?api=1&query=46.364177,6.490383",A&P Immobilier,https://www.immobilierapi.com/vente/1-thonon-les-bains/appartement/t3/806-t3-a-fort-potentiel-thonon-les-bains-parking-et-cave-thonon-ouest/,,,True,"46 Avenue de l’Ermitage, 74200 Thonon-les-Bains",63.0,1017.0,3.0,63.6,,3.0,0.94,,habitavel
apartamento,Thonon-les-Bains,,,"https://www.google.com/maps/search/?api=1&query=46.364177,6.490383",Christelle Vannier Immobilier,https://cvannier-immobilier.com/fr/propriete/vente+appartement+thonon-les-bains+appartement-t3-thonon-centre-ville+85078596,,,True,"46 Avenue de l’Ermitage, 74200 Thonon-les-Bains",63.0,1017.0,3.0,62.0,,3.0,1.59,,habitavel
apartamento,Thonon-les-Bains,,,"https://www.google.com/maps/search/?api=1&query=46.370554,6.486647",Agence Barnoud Thonon,https://www.barnoud-immobilier.fr/vente/74-haute-savoie/1-thonon-les-bains/2-appartement/t4/10465-a-vendre-au-centre-ville-de-thonon-les-bains-grand-appartement-avec-balcon/,,,,"16 Avenue des Vallées, 74200 Thonon-les-Bains",100.0,438.0,3.0,100.65,,,0.65,,habitavel
apartamento,Évian-les-Bains,,,"https://www.google.com/maps/search/?api=1&query=46.40046,6.594064",Nestenn Évian,https://immobilier-evian-les-bains.nestenn.com/avant-premiere-residence-alvea-a-evian-les-bains-ref-39323972,,,True,"14 Avenue Jean Leger, 74500 Évian-les-Bains",90.0,188.0,4.0,89.0,,4.0,1.11,,habitavel
apartamento,Thonon-les-Bains,,,"https://www.google.com/maps/search/?api=1&query=46.361988,6.482452",Leman Property Thonon,https://www.leman-property.com/vente/appartement/thonon-les-bains/en-exclusivite-t2-rez-de-jardin-thonon-st-disdille/,,,,"32 Chemin des Harpes, 74200 Thonon-les-Bains",43.0,413.0,2.0,44.0,,,2.27,,habitavel
apartamento,Thonon-les-Bains,,,"https://www.google.com/maps/search/?api=1&query=46.361988,6.482452",Agence Lehmann,https://lehmann-immo.com/fr/propriete/vente+appartement+thonon-les-bains+appartement-moderne-t2-a-thonon-les-bains+87095867,,,,"32 Chemin des Harpes, 74200 Thonon-les-Bains",43.0,413.0,2.0,42.39,,,1.42,,habitavel
apartamento,Thonon-les-Bains,,,"https://www.google.com/maps/search/?api=1&query=46.361988,6.482452",Christelle Vannier Immobilier,https://cvannier-immobilier.com/fr/propriete/vente+appartement+thonon-les-bains+exclusivite-t2-centre-ville-thonon-les-bains+86925991,,,True,"32 Chemin des Harpes, 74200 Thonon-les-Bains",43.0,413.0,2.0,43.6,,2.0,1.38,,habitavel
apartamento,Évian-les-Bains,,,"https://www.google.com/maps/search/?api=1&query=46.392453,6.589751",Cabinet Greneche,https://grenecheimmo.fr/fr/propriete/vente+appartement+evian-les-bains+spacieux-t2-evian+86760575,,,,"7 Avenue Des Tours, 74500 Évian-les-Bains",128.0,1583.0,6.0,126.0,,,1.56,,habitavel
apartamento,Évian-les-Bains,,,"https://www.google.com/maps/search/?api=1&query=46.392542,6.589814",Cabinet Greneche,https://grenecheimmo.fr/fr/propriete/vente+appartement+evian-les-bains+spacieux-t2-evian+86760575,,,,"21 Avenue Des Tours, 74500 Évian-les-Bains",128.0,1919.0,6.0,126.0,,,1.56,,habitavel
apartamento,Évian-les-Bains,,,"https://www.google.com/maps/search/?api=1&query=46.400346,6.594485",Nestenn Évian,https://immobilier-evian-les-bains.nestenn.com/avant-premiere-residence-alvea-a-evian-les-bains-ref-39323972,,,True,"4 Rue Bernard Moutardier, 74500 Évian-les-Bains",90.0,2242.0,4.0,89.0,,4.0,1.11,,habitavel
apartamento,Thonon-les-Bains,,,"https://www.google.com/maps/search/?api=1&query=46.366103,6.468889",Laforêt Thonon-Évian,https://www.laforet.com/agence-immobiliere/thonon-evian/acheter/thonon-les-bains/appartement-1-piece-52558857,,,True,"3 Avenue du Forchat, 74200 Thonon-les-Bains",19.0,645.0,1.0,19.0,,1.0,0.0,,habitavel
apartamento,Thonon-les-Bains,,,"https://www.google.com/maps/search/?api=1&query=46.366103,6.468889",Laforêt Thonon-Évian,https://www.laforet.com/agence-immobiliere/thonon-evian/acheter/thonon-les-bains/appartement-1-piece-52558600,,,True,"3 Avenue du Forchat, 74200 Thonon-les-Bains",19.0,645.0,1.0,19.0,,1.0,0.0,,habitavel
apartamento,Évian-les-Bains,,,"https://www.google.com/maps/search/?api=1&query=46.392744,6.589689",Cabinet Greneche,https://grenecheimmo.fr/fr/propriete/vente+appartement+evian-les-bains+spacieux-t2-evian+86760575,,,,"9 Avenue Des Tours, 74500 Évian-les-Bains",128.0,1688.0,6.0,126.0,,,1.56,,habitavel
apartamento,Thonon-les-Bains,,,"https://www.google.com/maps/search/?api=1&query=46.363576,6.48499",CENTURY 21 Chablais-Léman Thonon,https://www.century21-chablais-leman-thonon.com/trouver_logement/detail/16436700333/,,,True,"33 Chemin des Marmottés, 74200 Thonon-les-Bains",70.0,74.0,3.0,70.6,,3.0,0.85,,habitavel
apartamento,Thonon-les-Bains,,,"https://www.google.com/maps/search/?api=1&query=46.363576,6.48499",Agence Barnoud Thonon,https://www.barnoud-immobilier.fr/vente/74-haute-savoie/1-thonon-les-bains/2-appartement/t3/9917-a-thonon-les-bains-appartement-a-acheter-avec-2-chambres/,,,,"33 Chemin des Marmottés, 74200 Thonon-les-Bains",70.0,74.0,3.0,69.52,,,0.69,,habitavel
apartamento,Thonon-les-Bains,,,"https://www.google.com/maps/search/?api=1&query=46.363576,6.48499",Christelle Vannier Immobilier,https://cvannier-immobilier.com/fr/propriete/vente+appartement+thonon-les-bains+exclusivite-appartement-t3-avec-garage-+86909438,,,True,"33 Chemin des Marmottés, 74200 Thonon-les-Bains",70.0,74.0,3.0,68.98,,3.0,1.46,,habitavel
apartamento,Thonon-les-Bains,,,"https://www.google.com/maps/search/?api=1&query=46.370312,6.47921",Laforêt Thonon-Évian,https://www.laforet.com/agence-immobiliere/thonon-evian/acheter/thonon-les-bains/appartement-3-pieces-52703873,,,True,"4 Avenue des Allobroges, 74200 Thonon-les-Bains",75.0,341.0,3.0,75.0,,3.0,0.0,,habitavel
apartamento,Thonon-les-Bains,,,"https://www.google.com/maps/search/?api=1&query=46.370312,6.47921",Laforêt Thonon-Évian,https://www.laforet.com/agence-immobiliere/thonon-evian/acheter/thonon-les-bains/appartement-3-pieces-52584814,,,True,"4 Avenue des Allobroges, 74200 Thonon-les-Bains",75.0,341.0,3.0,76.0,,3.0,1.32,,habitavel
apartamento,Thonon-les-Bains,,,"https://www.google.com/maps/search/?api=1&query=46.370312,6.47921",Dupraz Immobilier Thonon,https://www.dupraz-immobilier.com/ville_bien/fiches/3-33-29_60896304/t3-de-76-m2-avec-terrasse-de-25-m2-garage-cave-et-stationnement.html,,,,"4 Avenue des Allobroges, 74200 Thonon-les-Bains",75.0,341.0,3.0,76.0,,,1.32,,habitavel
apartamento,Thonon-les-Bains,,,"https://www.google.com/maps/search/?api=1&query=46.370312,6.47921",Laforêt Thonon-Évian,https://www.laforet.com/agence-immobiliere/thonon-evian/acheter/thonon-les-bains/appartement-3-pieces-52402655,,,True,"4 Avenue des Allobroges, 74200 Thonon-les-Bains",75.0,341.0,3.0,75.0,,3.0,0.0,,habitavel
apartamento,Thonon-les-Bains,,,"https://www.google.com/maps/search/?api=1&query=46.370312,6.47921",Poirier Immobilier Thonon,https://www.poirier-immobilier.com/vente/6-thonon-les-bains/appartement/2456-spacieux-appartement-de-type-3-avec-garage-proche-centre-ville,,,True,"4 Avenue des Allobroges, 74200 Thonon-les-Bains",75.0,341.0,3.0,76.12,,3.0,1.47,,habitavel
apartamento,Thonon-les-Bains,,,"https://www.google.com/maps/search/?api=1&query=46.37065,6.478946",Laforêt Thonon-Évian,https://www.laforet.com/agence-immobiliere/thonon-evian/acheter/thonon-les-bains/appartement-4-pieces-21989784,,,True,"6 Grande Rue, 74200 Thonon-les-Bains",88.0,66.0,4.0,87.0,241.0,4.0,1.14,,habitavel
apartamento,Thonon-les-Bains,,,"https://www.google.com/maps/search/?api=1&query=46.37065,6.478946",Christelle Vannier Immobilier,https://cvannier-immobilier.com/fr/propriete/vente+appartement+thonon-les-bains+appartement-t4-en-attique-residence-neuve+86566650,,,True,"6 Grande Rue, 74200 Thonon-les-Bains",88.0,66.0,4.0,87.33,,4.0,0.76,,habitavel
apartamento,Thonon-les-Bains,,,"https://www.google.com/maps/search/?api=1&query=46.37065,6.478946",Christelle Vannier Immobilier,https://cvannier-immobilier.com/fr/propriete/vente+appartement+thonon-les-bains+appartement-t4-thonon-les-bains-concise+87257451,,,True,"6 Grande Rue, 74200 Thonon-les-Bains",88.0,66.0,4.0,85.92,,4.0,2.36,,habitavel
apartamento,Thonon-les-Bains,,,"https://www.google.com/maps/search/?api=1&query=46.363972,6.465199",CENTURY 21 Chablais-Léman Thonon,https://www.century21-chablais-leman-thonon.com/trouver_logement/detail/16350251916/,,,True,"5 Rue du Salève, 74200 Thonon-les-Bains",61.0,918.0,3.0,60.0,,3.0,1.64,,habitavel
apartamento,Thonon-les-Bains,,,"https://www.google.com/maps/search/?api=1&query=46.363972,6.465199",Agence Lehmann,https://lehmann-immo.com/fr/propriete/vente+appartement+thonon-les-bains+87286557,,,,"5 Rue du Salève, 74200 Thonon-les-Bains",61.0,918.0,3.0,61.22,,,0.36,,habitavel
apartamento,Thonon-les-Bains,,,"https://www.google.com/maps/search/?api=1&query=46.363972,6.465199",Christelle Vannier Immobilier,https://cvannier-immobilier.com/fr/propriete/vente+appartement+thonon-les-bains+appartement-t3-thonon-centre-ville+85078596,,,True,"5 Rue du Salève, 74200 Thonon-les-Bains",61.0,918.0,3.0,62.0,,3.0,1.61,,habitavel
apartamento,Thonon-les-Bains,,,"https://www.google.com/maps/search/?api=1&query=46.372657,6.480511",Dupraz Immobilier Thonon,https://www.dupraz-immobilier.com/ville_bien/fiches/3-33-29_60896304/t3-de-76-m2-avec-terrasse-de-25-m2-garage-cave-et-stationnement.html,,,,"18 Rue des Granges, 74200 Thonon-les-Bains",77.0,4344.0,4.0,76.0,,,1.3,,habitavel
apartamento,Thonon-les-Bains,,,"https://www.google.com/maps/search/?api=1&query=46.362956,6.464657",Laforêt Thonon-Évian,https://www.laforet.com/agence-immobiliere/thonon-evian/acheter/thonon-les-bains/appartement-3-pieces-52196857,,,True,"2 Chemin de Morcy, 74200 Thonon-les-Bains",66.0,866.0,3.0,65.0,,3.0,1.52,,habitavel
apartamento,Thonon-les-Bains,,,"https://www.google.com/maps/search/?api=1&query=46.362956,6.464657",Agence Lehmann,https://lehmann-immo.com/fr/propriete/vente+appartement+thonon-les-bains+appartement-moderne-t3-a-thonon-les-bains+87100377,,,,"2 Chemin de Morcy, 74200 Thonon-les-Bains",66.0,866.0,3.0,66.44,,,0.66,,habitavel
apartamento,Thonon-les-Bains,,,"https://www.google.com/maps/search/?api=1&query=46.362956,6.464657",Agence Lehmann,https://lehmann-immo.com/fr/propriete/vente+appartement+thonon-les-bains+bel-appartement-3-pieces-moderne-a-thonon-les-bains+87095945,,,True,"2 Chemin de Morcy, 74200 Thonon-les-Bains",66.0,866.0,3.0,66.53,,3.0,0.8,,habitavel
apartamento,Thonon-les-Bains,,,"https://www.google.com/maps/search/?api=1&query=46.362956,6.464657",Christelle Vannier Immobilier,https://cvannier-immobilier.com/fr/propriete/vente+appartement+thonon-les-bains+exclusivite-t3-en-rez-de-jardin-avec-garage+87300076,,,True,"2 Chemin de Morcy, 74200 Thonon-les-Bains",66.0,866.0,3.0,65.42,,3.0,0.88,,habitavel
apartamento,Thonon-les-Bains,,,"https://www.google.com/maps/search/?api=1&query=46.362956,6.464657",Christelle Vannier Immobilier,https://cvannier-immobilier.com/fr/propriete/vente+appartement+thonon-les-bains+exclusivite-t3-en-duplex+87254132,,,True,"2 Chemin de Morcy, 74200 Thonon-les-Bains",66.0,866.0,3.0,65.0,,3.0,1.52,,habitavel
apartamento,Thonon-les-Bains,,,"https://www.google.com/maps/search/?api=1&query=46.362956,6.464657",Christelle Vannier Immobilier,https://cvannier-immobilier.com/fr/propriete/vente+appartement+thonon-les-bains+appartement-de-type-3-a-thonon-les-bains+85757383,,,True,"2 Chemin de Morcy, 74200 Thonon-les-Bains",66.0,866.0,3.0,66.0,,3.0,0.0,,habitavel
apartamento,Thonon-les-Bains,,,"https://www.google.com/maps/search/?api=1&query=46.362956,6.464657",Christelle Vannier Immobilier,https://cvannier-immobilier.com/fr/propriete/vente+appartement+thonon-les-bains+exclusivite-appartement-type-3-avec-garage+84395461,,,True,"2 Chemin de Morcy, 74200 Thonon-les-Bains",66.0,866.0,3.0,65.0,,3.0,1.52,,habitavel
apartamento,Thonon-les-Bains,,,"https://www.google.com/maps/search/?api=1&query=46.362956,6.464657",Poirier Immobilier Thonon,https://www.poirier-immobilier.com/vente/6-thonon-les-bains/appartement/2467-bel-appartement-de-type-3-a-proximite-immediate-du-centre-ville,,,True,"2 Chemin de Morcy, 74200 Thonon-les-Bains",66.0,866.0,3.0,67.05,,3.0,1.57,,habitavel
apartamento,Thonon-les-Bains,,,"https://www.google.com/maps/search/?api=1&query=46.366228,6.476958",Agence Lehmann,https://lehmann-immo.com/fr/propriete/vente+appartement+thonon-les-bains+bel-appartement-4-pieces-avec-jardin-a-thonon-les-bains+87306178,,,True,"8 Rue des Alpes, 74200 Thonon-les-Bains",84.0,430.0,4.0,82.0,,4.0,2.38,,habitavel
apartamento,Thonon-les-Bains,,,"https://www.google.com/maps/search/?api=1&query=46.366228,6.476958",Christelle Vannier Immobilier,https://cvannier-immobilier.com/fr/propriete/vente+appartement+thonon-les-bains+exclusivite-nouveaute-t4-avec-jardin-garage-et-cave+87049047,,,True,"8 Rue des Alpes, 74200 Thonon-les-Bains",84.0,430.0,4.0,83.8,,4.0,0.24,,habitavel
apartamento,Thonon-les-Bains,,,"https://www.google.com/maps/search/?api=1&query=46.366228,6.476958",Laforêt Thonon-Évian,https://www.laforet.com/agence-immobiliere/thonon-evian/acheter/thonon-les-bains/appartement-4-pieces-52648362,,,True,"8 Rue des Alpes, 74200 Thonon-les-Bains",84.0,430.0,4.0,84.0,,4.0,0.0,,habitavel
apartamento,Thonon-les-Bains,,,"https://www.google.com/maps/search/?api=1&query=46.366228,6.476958",Christelle Vannier Immobilier,https://cvannier-immobilier.com/fr/propriete/vente+appartement+thonon-les-bains+appartement-t4-thonon-les-bains-concise+87257451,,,True,"8 Rue des Alpes, 74200 Thonon-les-Bains",84.0,430.0,4.0,85.92,,4.0,2.23,,habitavel
apartamento,Thonon-les-Bains,,,"https://www.google.com/maps/search/?api=1&query=46.366228,6.476958",Christelle Vannier Immobilier,https://cvannier-immobilier.com/fr/propriete/vente+appartement+thonon-les-bains+appartement-de-type-4-avec-2-places-de-parking-en-sous-sol+86648754,,,True,"8 Rue des Alpes, 74200 Thonon-les-Bains",84.0,430.0,4.0,83.55,,4.0,0.54,,habitavel
apartamento,Thonon-les-Bains,,,"https://www.google.com/maps/search/?api=1&query=46.371946,6.487276",Agence Barnoud Thonon,https://www.barnoud-immobilier.fr/vente/74-haute-savoie/1-thonon-les-bains/2-appartement/t3/9917-a-thonon-les-bains-appartement-a-acheter-avec-2-chambres/,,,,"3 Chemin de la Liberté, 74200 Thonon-les-Bains",70.0,777.0,2.0,69.52,,,0.69,,habitavel
apartamento,Thonon-les-Bains,,,"https://www.google.com/maps/search/?api=1&query=46.370538,6.479865",Poirier Immobilier Thonon,https://www.poirier-immobilier.com/vente/6-thonon-les-bains/appartement/2341-exclusivite-thonon-ouest-secteur-corzent,,,True,"4 Place des Arts, 74200 Thonon-les-Bains",140.0,174.0,5.0,137.45,,5.0,1.82,,habitavel
apartamento,Thonon-les-Bains,,,"https://www.google.com/maps/search/?api=1&query=46.371159,6.493978",Agence Lehmann,https://lehmann-immo.com/fr/propriete/vente+appartement+thonon-les-bains+bel-appartement-4-pieces-avec-jardin-a-thonon-les-bains+87306178,,,True,"23 Route de Tully, 74200 Thonon-les-Bains",84.0,480.0,4.0,82.0,,4.0,2.38,,habitavel
apartamento,Thonon-les-Bains,,,"https://www.google.com/maps/search/?api=1&query=46.371159,6.493978",Christelle Vannier Immobilier,https://cvannier-immobilier.com/fr/propriete/vente+appartement+thonon-les-bains+exclusivite-nouveaute-t4-avec-jardin-garage-et-cave+87049047,,,True,"23 Route de Tully, 74200 Thonon-les-Bains",84.0,480.0,4.0,83.8,,4.0,0.24,,habitavel
apartamento,Thonon-les-Bains,,,"https://www.google.com/maps/search/?api=1&query=46.371159,6.493978",Laforêt Thonon-Évian,https://www.laforet.com/agence-immobiliere/thonon-evian/acheter/thonon-les-bains/appartement-4-pieces-52648362,,,True,"23 Route de Tully, 74200 Thonon-les-Bains",84.0,480.0,4.0,84.0,,4.0,0.0,,habitavel
apartamento,Thonon-les-Bains,,,"https://www.google.com/maps/search/?api=1&query=46.371159,6.493978",Christelle Vannier Immobilier,https://cvannier-immobilier.com/fr/propriete/vente+appartement+thonon-les-bains+appartement-t4-thonon-les-bains-concise+87257451,,,True,"23 Route de Tully, 74200 Thonon-les-Bains",84.0,480.0,4.0,85.92,,4.0,2.23,,habitavel
apartamento,Thonon-les-Bains,,,"https://www.google.com/maps/search/?api=1&query=46.371159,6.493978",Christelle Vannier Immobilier,https://cvannier-immobilier.com/fr/propriete/vente+appartement+thonon-les-bains+appartement-de-type-4-avec-2-places-de-parking-en-sous-sol+86648754,,,True,"23 Route de Tully, 74200 Thonon-les-Bains",84.0,480.0,4.0,83.55,,4.0,0.54,,habitavel
apartamento,Thonon-les-Bains,,,"https://www.google.com/maps/search/?api=1&query=46.372003,6.479173",Agence Barnoud Thonon,https://www.barnoud-immobilier.fr/vente/74-haute-savoie/1-thonon-les-bains/2-appartement/t4/10465-a-vendre-au-centre-ville-de-thonon-les-bains-grand-appartement-avec-balcon/,,,,"1 Square Aristide Briand, 74200 Thonon-les-Bains",100.0,266.0,5.0,100.65,,,0.65,,habitavel
apartamento,Thonon-les-Bains,,,"https://www.google.com/maps/search/?api=1&query=46.372814,6.480467",Dupraz Immobilier Thonon,https://www.dupraz-immobilier.com/ville_bien/fiches/3-33-29_60896304/t3-de-76-m2-avec-terrasse-de-25-m2-garage-cave-et-stationnement.html,,,,"24 Rue des Granges, 74200 Thonon-les-Bains",77.0,4344.0,4.0,76.0,,,1.3,,habitavel
apartamento,Thonon-les-Bains,,,"https://www.google.com/maps/search/?api=1&query=46.365208,6.45982",Laforêt Thonon-Évian,https://www.laforet.com/agence-immobiliere/thonon-evian/acheter/thonon-les-bains/appartement-3-pieces-52196898,,,True,"5 Rue des 4 Vents, 74200 Thonon-les-Bains",67.0,5077.0,3.0,68.0,,3.0,1.47,,habitavel
apartamento,Thonon-les-Bains,,,"https://www.google.com/maps/search/?api=1&query=46.365208,6.45982",Laforêt Thonon-Évian,https://www.laforet.com/agence-immobiliere/thonon-evian/acheter/thonon-les-bains/appartement-3-pieces-52232506,,,True,"5 Rue des 4 Vents, 74200 Thonon-les-Bains",67.0,5077.0,3.0,68.0,,3.0,1.47,,habitavel
apartamento,Thonon-les-Bains,,,"https://www.google.com/maps/search/?api=1&query=46.365208,6.45982",CENTURY 21 Chablais-Léman Thonon,https://www.century21-chablais-leman-thonon.com/trouver_logement/detail/15273893649/,,,True,"5 Rue des 4 Vents, 74200 Thonon-les-Bains",67.0,5077.0,3.0,68.0,,3.0,1.47,,habitavel
apartamento,Thonon-les-Bains,,,"https://www.google.com/maps/search/?api=1&query=46.365208,6.45982",CENTURY 21 Chablais-Léman Thonon,https://www.century21-chablais-leman-thonon.com/trouver_logement/detail/15273884285/,,,True,"5 Rue des 4 Vents, 74200 Thonon-les-Bains",67.0,5077.0,3.0,68.0,,3.0,1.47,,habitavel
apartamento,Thonon-les-Bains,,,"https://www.google.com/maps/search/?api=1&query=46.365208,6.45982",Agence Lehmann,https://lehmann-immo.com/fr/propriete/vente+appartement+thonon-les-bains+appartement-moderne-t3-a-thonon-les-bains+87100377,,,,"5 Rue des 4 Vents, 74200 Thonon-les-Bains",67.0,5077.0,3.0,66.44,,,0.84,,habitavel
apartamento,Thonon-les-Bains,,,"https://www.google.com/maps/search/?api=1&query=46.365208,6.45982",CENTURY 21 Chablais-Léman Thonon,https://www.century21-chablais-leman-thonon.com/trouver_logement/detail/15273980963/,,,True,"5 Rue des 4 Vents, 74200 Thonon-les-Bains",67.0,5077.0,3.0,68.0,,3.0,1.47,,habitavel
apartamento,Thonon-les-Bains,,,"https://www.google.com/maps/search/?api=1&query=46.365208,6.45982",Agence Lehmann,https://lehmann-immo.com/fr/propriete/vente+appartement+thonon-les-bains+bel-appartement-3-pieces-moderne-a-thonon-les-bains+87095945,,,True,"5 Rue des 4 Vents, 74200 Thonon-les-Bains",67.0,5077.0,3.0,66.53,,3.0,0.7,,habitavel
apartamento,Thonon-les-Bains,,,"https://www.google.com/maps/search/?api=1&query=46.365208,6.45982",Christelle Vannier Immobilier,https://cvannier-immobilier.com/fr/propriete/vente+appartement+thonon-les-bains+exclusivite-t3-en-rez-de-jardin-avec-garage+87300076,,,True,"5 Rue des 4 Vents, 74200 Thonon-les-Bains",67.0,5077.0,3.0,65.42,,3.0,2.36,,habitavel
apartamento,Thonon-les-Bains,,,"https://www.google.com/maps/search/?api=1&query=46.365208,6.45982",A&P Immobilier,https://www.immobilierapi.com/vente/1-thonon-les-bains/appartement/t3/864-thonon-les-bains-magnifique-appartement-t3-en-centre-au-calme-a-saisir/,,,True,"5 Rue des 4 Vents, 74200 Thonon-les-Bains",67.0,5077.0,3.0,68.0,,3.0,1.47,,habitavel
apartamento,Thonon-les-Bains,,,"https://www.google.com/maps/search/?api=1&query=46.365208,6.45982",Christelle Vannier Immobilier,https://cvannier-immobilier.com/fr/propriete/vente+appartement+thonon-les-bains+appartement-de-type-3-a-thonon-les-bains+85757383,,,True,"5 Rue des 4 Vents, 74200 Thonon-les-Bains",67.0,5077.0,3.0,66.0,,3.0,1.49,,habitavel
apartamento,Thonon-les-Bains,,,"https://www.google.com/maps/search/?api=1&query=46.365208,6.45982",Laforêt Thonon-Évian,https://www.laforet.com/agence-immobiliere/thonon-evian/acheter/thonon-les-bains/appartement-3-pieces-52232515,,,True,"5 Rue des 4 Vents, 74200 Thonon-les-Bains",67.0,5077.0,3.0,68.0,,3.0,1.47,,habitavel
apartamento,Thonon-les-Bains,,,"https://www.google.com/maps/search/?api=1&query=46.365208,6.45982",Poirier Immobilier Thonon,https://www.poirier-immobilier.com/vente/6-thonon-les-bains/appartement/2467-bel-appartement-de-type-3-a-proximite-immediate-du-centre-ville,,,True,"5 Rue des 4 Vents, 74200 Thonon-les-Bains",67.0,5077.0,3.0,67.05,,3.0,0.07,,habitavel
apartamento,Thonon-les-Bains,,,"https://www.google.com/maps/search/?api=1&query=46.366281,6.477184",Agence Lehmann,https://lehmann-immo.com/fr/propriete/vente+appartement+thonon-les-bains+bel-appartement-4-pieces-avec-jardin-a-thonon-les-bains+87306178,,,True,"1 Chemin du Martinet, 74200 Thonon-les-Bains",84.0,430.0,4.0,82.0,,4.0,2.38,,habitavel
apartamento,Thonon-les-Bains,,,"https://www.google.com/maps/search/?api=1&query=46.366281,6.477184",Christelle Vannier Immobilier,https://cvannier-immobilier.com/fr/propriete/vente+appartement+thonon-les-bains+exclusivite-nouveaute-t4-avec-jardin-garage-et-cave+87049047,,,True,"1 Chemin du Martinet, 74200 Thonon-les-Bains",84.0,430.0,4.0,83.8,,4.0,0.24,,habitavel
apartamento,Thonon-les-Bains,,,"https://www.google.com/maps/search/?api=1&query=46.366281,6.477184",Laforêt Thonon-Évian,https://www.laforet.com/agence-immobiliere/thonon-evian/acheter/thonon-les-bains/appartement-4-pieces-52648362,,,True,"1 Chemin du Martinet, 74200 Thonon-les-Bains",84.0,430.0,4.0,84.0,,4.0,0.0,,habitavel
apartamento,Thonon-les-Bains,,,"https://www.google.com/maps/search/?api=1&query=46.366281,6.477184",Christelle Vannier Immobilier,https://cvannier-immobilier.com/fr/propriete/vente+appartement+thonon-les-bains+appartement-t4-thonon-les-bains-concise+87257451,,,True,"1 Chemin du Martinet, 74200 Thonon-les-Bains",84.0,430.0,4.0,85.92,,4.0,2.23,,habitavel
apartamento,Thonon-les-Bains,,,"https://www.google.com/maps/search/?api=1&query=46.366281,6.477184",Christelle Vannier Immobilier,https://cvannier-immobilier.com/fr/propriete/vente+appartement+thonon-les-bains+appartement-de-type-4-avec-2-places-de-parking-en-sous-sol+86648754,,,True,"1 Chemin du Martinet, 74200 Thonon-les-Bains",84.0,430.0,4.0,83.55,,4.0,0.54,,habitavel
apartamento,Thonon-les-Bains,,,"https://www.google.com/maps/search/?api=1&query=46.370599,6.488134",CENTURY 21 Chablais-Léman Thonon,https://www.century21-chablais-leman-thonon.com/trouver_logement/detail/16350251916/,,,True,"26 Avenue des Vallées, 74200 Thonon-les-Bains",60.0,771.0,3.0,60.0,,3.0,0.0,,habitavel
apartamento,Thonon-les-Bains,,,"https://www.google.com/maps/search/?api=1&query=46.370599,6.488134",Agence Lehmann,https://lehmann-immo.com/fr/propriete/vente+appartement+thonon-les-bains+87286557,,,,"26 Avenue des Vallées, 74200 Thonon-les-Bains",60.0,771.0,3.0,61.22,,,1.99,,habitavel
apartamento,Thonon-les-Bains,,,"https://www.google.com/maps/search/?api=1&query=46.355887,6.455024",Agence Lehmann,https://lehmann-immo.com/fr/propriete/vente+appartement+thonon-les-bains+bel-appartement-4-pieces-avec-jardin-a-thonon-les-bains+87306178,,,True,"78 Chemin de Morcy, 74200 Thonon-les-Bains",80.0,700.0,4.0,82.0,,4.0,2.44,,habitavel
apartamento,Thonon-les-Bains,,,"https://www.google.com/maps/search/?api=1&query=46.355887,6.455024",Poirier Immobilier Thonon,https://www.poirier-immobilier.com/vente/6-thonon-les-bains/appartement/2240-thonon-les-bains-votre-ecrin-de-verdure-au-coeur-du-pillon,,,True,"78 Chemin de Morcy, 74200 Thonon-les-Bains",80.0,700.0,4.0,80.99,,4.0,1.22,,habitavel
apartamento,Thonon-les-Bains,,,"https://www.google.com/maps/search/?api=1&query=46.374077,6.498431",Agence Barnoud Thonon,https://www.barnoud-immobilier.fr/vente/74-haute-savoie/1-thonon-les-bains/2-appartement/t4/9874-thonon-appartement-t4/,,,,"66 Route de Tully, 74200 Thonon-les-Bains",73.0,250.0,4.0,71.85,,,1.58,,habitavel
apartamento,Thonon-les-Bains,,,"https://www.google.com/maps/search/?api=1&query=46.374077,6.498431",Christelle Vannier Immobilier,https://cvannier-immobilier.com/fr/propriete/vente+appartement+thonon-les-bains+special-investissement-t4-thonon-centre-ville+86649876,,,True,"66 Route de Tully, 74200 Thonon-les-Bains",73.0,250.0,4.0,72.0,,4.0,1.37,,habitavel
apartamento,Évian-les-Bains,,,"https://www.google.com/maps/search/?api=1&query=46.400672,6.590993",Leman Property Évian,https://www.leman-property.com/vente/appartement/evian-les-bains/appartement-4-pieces-avec-jardin-a-neuvecelle/,,,,"3 Rue De La Source De Clermont, 74500 Évian-les-Bains",86.0,145.0,4.0,84.0,,,2.33,,habitavel
apartamento,Thonon-les-Bains,,,"https://www.google.com/maps/search/?api=1&query=46.372768,6.480476",Dupraz Immobilier Thonon,https://www.dupraz-immobilier.com/ville_bien/fiches/3-33-29_60896304/t3-de-76-m2-avec-terrasse-de-25-m2-garage-cave-et-stationnement.html,,,,"22 Rue des Granges, 74200 Thonon-les-Bains",77.0,4344.0,4.0,76.0,,,1.3,,habitavel
apartamento,Thonon-les-Bains,,,"https://www.google.com/maps/search/?api=1&query=46.370025,6.489812",Agence Lehmann,https://lehmann-immo.com/fr/propriete/vente+appartement+thonon-les-bains+local-hyper-centre-thonon+84937413,,,,"7 Avenue de la Dent d’Oche, 74200 Thonon-les-Bains",133.0,484.0,5.0,133.55,,,0.41,,habitavel
apartamento,Thonon-les-Bains,,,"https://www.google.com/maps/search/?api=1&query=46.371605,6.493451",Agence Lehmann,https://lehmann-immo.com/fr/propriete/vente+appartement+thonon-les-bains+bel-appartement-4-pieces-avec-jardin-a-thonon-les-bains+87306178,,,True,"21 Route de Tully, 74200 Thonon-les-Bains",84.0,1100.0,4.0,82.0,,4.0,2.38,,habitavel
apartamento,Thonon-les-Bains,,,"https://www.google.com/maps/search/?api=1&query=46.371605,6.493451",Christelle Vannier Immobilier,https://cvannier-immobilier.com/fr/propriete/vente+appartement+thonon-les-bains+exclusivite-nouveaute-t4-avec-jardin-garage-et-cave+87049047,,,True,"21 Route de Tully, 74200 Thonon-les-Bains",84.0,1100.0,4.0,83.8,,4.0,0.24,,habitavel
apartamento,Thonon-les-Bains,,,"https://www.google.com/maps/search/?api=1&query=46.371605,6.493451",Laforêt Thonon-Évian,https://www.laforet.com/agence-immobiliere/thonon-evian/acheter/thonon-les-bains/appartement-4-pieces-52648362,,,True,"21 Route de Tully, 74200 Thonon-les-Bains",84.0,1100.0,4.0,84.0,,4.0,0.0,,habitavel
apartamento,Thonon-les-Bains,,,"https://www.google.com/maps/search/?api=1&query=46.371605,6.493451",Christelle Vannier Immobilier,https://cvannier-immobilier.com/fr/propriete/vente+appartement+thonon-les-bains+appartement-t4-thonon-les-bains-concise+87257451,,,True,"21 Route de Tully, 74200 Thonon-les-Bains",84.0,1100.0,4.0,85.92,,4.0,2.23,,habitavel
apartamento,Thonon-les-Bains,,,"https://www.google.com/maps/search/?api=1&query=46.371605,6.493451",Christelle Vannier Immobilier,https://cvannier-immobilier.com/fr/propriete/vente+appartement+thonon-les-bains+appartement-de-type-4-avec-2-places-de-parking-en-sous-sol+86648754,,,True,"21 Route de Tully, 74200 Thonon-les-Bains",84.0,1100.0,4.0,83.55,,4.0,0.54,,habitavel
apartamento,Évian-les-Bains,,,"https://www.google.com/maps/search/?api=1&query=46.401133,6.585292",Poirier Immobilier Évian,https://www.poirier-immobilier.com/vente/5-evian-les-bains/appartement/2010-appartement-de-standing-centre-ville-d-evian-les-bains,,,True,"1 Place Docteur Jean Escoubes, 74500 Évian-les-Bains",62.0,5153.0,3.0,63.0,,3.0,1.59,,habitavel
apartamento,Thonon-les-Bains,,,"https://www.google.com/maps/search/?api=1&query=46.381026,6.486899",Agence Lehmann,https://lehmann-immo.com/fr/propriete/vente+appartement+thonon-les-bains+bel-appartement-4-pieces-avec-jardin-a-thonon-les-bains+87306178,,,True,"38 Avenue des Ducs de Savoie, 74200 Thonon-les-Bains",80.0,937.0,4.0,82.0,,4.0,2.44,,habitavel
apartamento,Thonon-les-Bains,,,"https://www.google.com/maps/search/?api=1&query=46.381026,6.486899",Poirier Immobilier Thonon,https://www.poirier-immobilier.com/vente/6-thonon-les-bains/appartement/2240-thonon-les-bains-votre-ecrin-de-verdure-au-coeur-du-pillon,,,True,"38 Avenue des Ducs de Savoie, 74200 Thonon-les-Bains",80.0,937.0,4.0,80.99,,4.0,1.22,,habitavel
apartamento,Évian-les-Bains,,,"https://www.google.com/maps/search/?api=1&query=46.40122,6.58549",Poirier Immobilier Évian,https://www.poirier-immobilier.com/vente/5-evian-les-bains/appartement/2010-appartement-de-standing-centre-ville-d-evian-les-bains,,,True,"3 Place Docteur Jean Escoubes, 74500 Évian-les-Bains",62.0,5153.0,3.0,63.0,,3.0,1.59,,habitavel
apartamento,Thonon-les-Bains,,,"https://www.google.com/maps/search/?api=1&query=46.365298,6.45973",Laforêt Thonon-Évian,https://www.laforet.com/agence-immobiliere/thonon-evian/acheter/thonon-les-bains/appartement-3-pieces-52196898,,,True,"8 Rue des 4 Vents, 74200 Thonon-les-Bains",67.0,1132.0,3.0,68.0,,3.0,1.47,,habitavel
apartamento,Thonon-les-Bains,,,"https://www.google.com/maps/search/?api=1&query=46.365298,6.45973",Laforêt Thonon-Évian,https://www.laforet.com/agence-immobiliere/thonon-evian/acheter/thonon-les-bains/appartement-3-pieces-52232506,,,True,"8 Rue des 4 Vents, 74200 Thonon-les-Bains",67.0,1132.0,3.0,68.0,,3.0,1.47,,habitavel
apartamento,Thonon-les-Bains,,,"https://www.google.com/maps/search/?api=1&query=46.365298,6.45973",CENTURY 21 Chablais-Léman Thonon,https://www.century21-chablais-leman-thonon.com/trouver_logement/detail/15273893649/,,,True,"8 Rue des 4 Vents, 74200 Thonon-les-Bains",67.0,1132.0,3.0,68.0,,3.0,1.47,,habitavel
apartamento,Thonon-les-Bains,,,"https://www.google.com/maps/search/?api=1&query=46.365298,6.45973",CENTURY 21 Chablais-Léman Thonon,https://www.century21-chablais-leman-thonon.com/trouver_logement/detail/15273884285/,,,True,"8 Rue des 4 Vents, 74200 Thonon-les-Bains",67.0,1132.0,3.0,68.0,,3.0,1.47,,habitavel
apartamento,Thonon-les-Bains,,,"https://www.google.com/maps/search/?api=1&query=46.365298,6.45973",Agence Lehmann,https://lehmann-immo.com/fr/propriete/vente+appartement+thonon-les-bains+appartement-moderne-t3-a-thonon-les-bains+87100377,,,,"8 Rue des 4 Vents, 74200 Thonon-les-Bains",67.0,1132.0,3.0,66.44,,,0.84,,habitavel
apartamento,Thonon-les-Bains,,,"https://www.google.com/maps/search/?api=1&query=46.365298,6.45973",CENTURY 21 Chablais-Léman Thonon,https://www.century21-chablais-leman-thonon.com/trouver_logement/detail/15273980963/,,,True,"8 Rue des 4 Vents, 74200 Thonon-les-Bains",67.0,1132.0,3.0,68.0,,3.0,1.47,,habitavel
apartamento,Thonon-les-Bains,,,"https://www.google.com/maps/search/?api=1&query=46.365298,6.45973",Agence Lehmann,https://lehmann-immo.com/fr/propriete/vente+appartement+thonon-les-bains+bel-appartement-3-pieces-moderne-a-thonon-les-bains+87095945,,,True,"8 Rue des 4 Vents, 74200 Thonon-les-Bains",67.0,1132.0,3.0,66.53,,3.0,0.7,,habitavel
apartamento,Thonon-les-Bains,,,"https://www.google.com/maps/search/?api=1&query=46.365298,6.45973",Christelle Vannier Immobilier,https://cvannier-immobilier.com/fr/propriete/vente+appartement+thonon-les-bains+exclusivite-t3-en-rez-de-jardin-avec-garage+87300076,,,True,"8 Rue des 4 Vents, 74200 Thonon-les-Bains",67.0,1132.0,3.0,65.42,,3.0,2.36,,habitavel
apartamento,Thonon-les-Bains,,,"https://www.google.com/maps/search/?api=1&query=46.365298,6.45973",A&P Immobilier,https://www.immobilierapi.com/vente/1-thonon-les-bains/appartement/t3/864-thonon-les-bains-magnifique-appartement-t3-en-centre-au-calme-a-saisir/,,,True,"8 Rue des 4 Vents, 74200 Thonon-les-Bains",67.0,1132.0,3.0,68.0,,3.0,1.47,,habitavel
apartamento,Thonon-les-Bains,,,"https://www.google.com/maps/search/?api=1&query=46.365298,6.45973",Christelle Vannier Immobilier,https://cvannier-immobilier.com/fr/propriete/vente+appartement+thonon-les-bains+appartement-de-type-3-a-thonon-les-bains+85757383,,,True,"8 Rue des 4 Vents, 74200 Thonon-les-Bains",67.0,1132.0,3.0,66.0,,3.0,1.49,,habitavel
apartamento,Thonon-les-Bains,,,"https://www.google.com/maps/search/?api=1&query=46.365298,6.45973",Laforêt Thonon-Évian,https://www.laforet.com/agence-immobiliere/thonon-evian/acheter/thonon-les-bains/appartement-3-pieces-52232515,,,True,"8 Rue des 4 Vents, 74200 Thonon-les-Bains",67.0,1132.0,3.0,68.0,,3.0,1.47,,habitavel
apartamento,Thonon-les-Bains,,,"https://www.google.com/maps/search/?api=1&query=46.365298,6.45973",Poirier Immobilier Thonon,https://www.poirier-immobilier.com/vente/6-thonon-les-bains/appartement/2467-bel-appartement-de-type-3-a-proximite-immediate-du-centre-ville,,,True,"8 Rue des 4 Vents, 74200 Thonon-les-Bains",67.0,1132.0,3.0,67.05,,3.0,0.07,,habitavel
apartamento,Thonon-les-Bains,,,"https://www.google.com/maps/search/?api=1&query=46.374012,6.498359",Agence Barnoud Thonon,https://www.barnoud-immobilier.fr/vente/74-haute-savoie/1-thonon-les-bains/2-appartement/t4/9874-thonon-appartement-t4/,,,,"64 Route de Tully, 74200 Thonon-les-Bains",73.0,22.0,4.0,71.85,,,1.58,,habitavel
apartamento,Thonon-les-Bains,,,"https://www.google.com/maps/search/?api=1&query=46.374012,6.498359",Christelle Vannier Immobilier,https://cvannier-immobilier.com/fr/propriete/vente+appartement+thonon-les-bains+special-investissement-t4-thonon-centre-ville+86649876,,,True,"64 Route de Tully, 74200 Thonon-les-Bains",73.0,22.0,4.0,72.0,,4.0,1.37,,habitavel
apartamento,Thonon-les-Bains,,,"https://www.google.com/maps/search/?api=1&query=46.36438,6.476241",A&P Immobilier,https://www.immobilierapi.com/vente/1-thonon-les-bains/appartement/t3/894-thonon-les-bains-nouvelle-exclusivite-t3-en-rez-de-jardin-a-decouvrir/,,,True,"23 Chemin du Martinet, 74200 Thonon-les-Bains",63.0,1686.0,3.0,63.0,,3.0,0.0,,habitavel
apartamento,Thonon-les-Bains,,,"https://www.google.com/maps/search/?api=1&query=46.36438,6.476241",A&P Immobilier,https://www.immobilierapi.com/vente/1-thonon-les-bains/appartement/t3/806-t3-a-fort-potentiel-thonon-les-bains-parking-et-cave-thonon-ouest/,,,True,"23 Chemin du Martinet, 74200 Thonon-les-Bains",63.0,1686.0,3.0,63.6,,3.0,0.94,,habitavel
apartamento,Thonon-les-Bains,,,"https://www.google.com/maps/search/?api=1&query=46.36438,6.476241",Christelle Vannier Immobilier,https://cvannier-immobilier.com/fr/propriete/vente+appartement+thonon-les-bains+appartement-t3-thonon-centre-ville+85078596,,,True,"23 Chemin du Martinet, 74200 Thonon-les-Bains",63.0,1686.0,3.0,62.0,,3.0,1.59,,habitavel
apartamento,Thonon-les-Bains,,,"https://www.google.com/maps/search/?api=1&query=46.372697,6.480499",Dupraz Immobilier Thonon,https://www.dupraz-immobilier.com/ville_bien/fiches/3-33-29_60896304/t3-de-76-m2-avec-terrasse-de-25-m2-garage-cave-et-stationnement.html,,,,"20 Rue des Granges, 74200 Thonon-les-Bains",77.0,4344.0,4.0,76.0,,,1.3,,habitavel
apartamento,Thonon-les-Bains,,,"https://www.google.com/maps/search/?api=1&query=46.370594,6.488256",CENTURY 21 Chablais-Léman Thonon,https://www.century21-chablais-leman-thonon.com/trouver_logement/detail/16350251916/,,,True,"28 Avenue des Vallées, 74200 Thonon-les-Bains",60.0,229.0,3.0,60.0,,3.0,0.0,,habitavel
apartamento,Thonon-les-Bains,,,"https://www.google.com/maps/search/?api=1&query=46.370594,6.488256",Agence Lehmann,https://lehmann-immo.com/fr/propriete/vente+appartement+thonon-les-bains+87286557,,,,"28 Avenue des Vallées, 74200 Thonon-les-Bains",60.0,229.0,3.0,61.22,,,1.99,,habitavel
apartamento,Thonon-les-Bains,,,"https://www.google.com/maps/search/?api=1&query=46.370971,6.491843",Laforêt Thonon-Évian,https://www.laforet.com/agence-immobiliere/thonon-evian/acheter/thonon-les-bains/appartement-3-pieces-52584814,,,True,"5 Route de Tully, 74200 Thonon-les-Bains",77.0,457.0,3.0,76.0,,3.0,1.3,,habitavel
apartamento,Thonon-les-Bains,,,"https://www.google.com/maps/search/?api=1&query=46.370971,6.491843",Dupraz Immobilier Thonon,https://www.dupraz-immobilier.com/ville_bien/fiches/3-33-29_60896304/t3-de-76-m2-avec-terrasse-de-25-m2-garage-cave-et-stationnement.html,,,,"5 Route de Tully, 74200 Thonon-les-Bains",77.0,457.0,3.0,76.0,,,1.3,,habitavel
apartamento,Thonon-les-Bains,,,"https://www.google.com/maps/search/?api=1&query=46.370971,6.491843",Poirier Immobilier Thonon,https://www.poirier-immobilier.com/vente/6-thonon-les-bains/appartement/2456-spacieux-appartement-de-type-3-avec-garage-proche-centre-ville,,,True,"5 Route de Tully, 74200 Thonon-les-Bains",77.0,457.0,3.0,76.12,,3.0,1.14,,habitavel
apartamento,Thonon-les-Bains,,,"https://www.google.com/maps/search/?api=1&query=46.373729,6.48158",Laforêt Thonon-Évian,https://www.laforet.com/agence-immobiliere/thonon-evian/acheter/thonon-les-bains/appartement-2-pieces-22694427,,,True,"2 Avenue Saint-François de Sales, 74200 Thonon-les-Bains",58.0,2390.0,2.0,59.0,,2.0,1.69,,habitavel
apartamento,Évian-les-Bains,,,"https://www.google.com/maps/search/?api=1&query=46.399191,6.605802",Leman Property Évian,https://www.leman-property.com/vente/appartement/evian-les-bains/appartement-4-pieces-a-evian-les-bains-charme-et-confort-au-coeur-de-la-ville/,,,,"24 Avenue D Abondance - Rd 24, 74500 Évian-les-Bains",81.0,3836.0,3.0,82.0,,,1.22,,habitavel
apartamento,Évian-les-Bains,,,"https://www.google.com/maps/search/?api=1&query=46.399191,6.605802",Leman Property Évian,https://www.leman-property.com/vente/appartement/evian-les-bains/maison-mitoyenne-80-m2/,,,,"24 Avenue D Abondance - Rd 24, 74500 Évian-les-Bains",81.0,3836.0,3.0,81.0,,,0.0,,habitavel
apartamento,Évian-les-Bains,,,"https://www.google.com/maps/search/?api=1&query=46.389366,6.585776",Nestenn Évian,https://immobilier-evian-les-bains.nestenn.com/centre-d-evian-grand-t3-dans-residence-recente-avec-ascenseur-parking-disponible-ref-39259091,,,True,"43 Boulevard Du Clou, 74500 Évian-les-Bains",70.0,8930.0,3.0,71.0,,3.0,1.41,,habitavel
apartamento,Thonon-les-Bains,,,"https://www.google.com/maps/search/?api=1&query=46.36369,6.460959",Laforêt Thonon-Évian,https://www.laforet.com/agence-immobiliere/thonon-evian/acheter/thonon-les-bains/appartement-2-pieces-52232479,,,True,"4 Chemin du Pillon, 74200 Thonon-les-Bains",49.0,910.0,2.0,48.0,,2.0,2.04,,habitavel
apartamento,Thonon-les-Bains,,,"https://www.google.com/maps/search/?api=1&query=46.36369,6.460959",Laforêt Thonon-Évian,https://www.laforet.com/agence-immobiliere/thonon-evian/acheter/thonon-les-bains/appartement-2-pieces-52196464,,,True,"4 Chemin du Pillon, 74200 Thonon-les-Bains",49.0,910.0,2.0,48.0,,2.0,2.04,,habitavel
apartamento,Thonon-les-Bains,,,"https://www.google.com/maps/search/?api=1&query=46.36369,6.460959",Nestenn Évian,https://immobilier-evian-les-bains.nestenn.com/a-vendre-a-thonon-les-bains-t2-renove-avec-deux-balcons-ref-39439459,,,True,"4 Chemin du Pillon, 74200 Thonon-les-Bains",49.0,910.0,2.0,50.0,,2.0,2.0,,habitavel
apartamento,Thonon-les-Bains,,,"https://www.google.com/maps/search/?api=1&query=46.36369,6.460959",Leman Property Thonon,https://www.leman-property.com/vente/appartement/thonon-les-bains/appartement-t3-coup-de-coeur/,,,,"4 Chemin du Pillon, 74200 Thonon-les-Bains",49.0,910.0,2.0,50.0,,,2.0,,habitavel
apartamento,Thonon-les-Bains,,,"https://www.google.com/maps/search/?api=1&query=46.36369,6.460959",Agence Barnoud Thonon,https://www.barnoud-immobilier.fr/vente/74-haute-savoie/1-thonon-les-bains/2-appartement/t2/10517-a-thonon-les-bains-grand-appartement-a-acheter-avec-balcon/,,,,"4 Chemin du Pillon, 74200 Thonon-les-Bains",49.0,910.0,2.0,47.8,,,2.45,,habitavel
apartamento,Thonon-les-Bains,,,"https://www.google.com/maps/search/?api=1&query=46.36369,6.460959",Agence Barnoud Thonon,https://www.barnoud-immobilier.fr/vente/74-haute-savoie/1-thonon-les-bains/2-appartement/t2/9852-appartement-a-vendre-dernier-etage-a-thonon-les-bains/,,,,"4 Chemin du Pillon, 74200 Thonon-les-Bains",49.0,910.0,2.0,48.91,,,0.18,,habitavel
apartamento,Thonon-les-Bains,,,"https://www.google.com/maps/search/?api=1&query=46.36369,6.460959",Leman Property Thonon,https://www.leman-property.com/vente/appartement/thonon-les-bains/appartement-t2-thonon-les-bains/,,,,"4 Chemin du Pillon, 74200 Thonon-les-Bains",49.0,910.0,2.0,48.0,,,2.04,,habitavel
apartamento,Thonon-les-Bains,,,"https://www.google.com/maps/search/?api=1&query=46.366391,6.47526",Laforêt Thonon-Évian,https://www.laforet.com/agence-immobiliere/thonon-evian/acheter/thonon-les-bains/appartement-3-pieces-52703873,,,True,"7 Boulevard du Pré Cergues, 74200 Thonon-les-Bains",74.0,1522.0,3.0,75.0,,3.0,1.33,,habitavel
apartamento,Thonon-les-Bains,,,"https://www.google.com/maps/search/?api=1&query=46.366391,6.47526",Laforêt Thonon-Évian,https://www.laforet.com/agence-immobiliere/thonon-evian/acheter/thonon-les-bains/appartement-3-pieces-52402655,,,True,"7 Boulevard du Pré Cergues, 74200 Thonon-les-Bains",74.0,1522.0,3.0,75.0,,3.0,1.33,,habitavel
apartamento,Thonon-les-Bains,,,"https://www.google.com/maps/search/?api=1&query=46.37395,6.498302",Agence Barnoud Thonon,https://www.barnoud-immobilier.fr/vente/74-haute-savoie/1-thonon-les-bains/2-appartement/t4/9874-thonon-appartement-t4/,,,,"62 Route de Tully, 74200 Thonon-les-Bains",73.0,97.0,4.0,71.85,,,1.58,,habitavel
apartamento,Thonon-les-Bains,,,"https://www.google.com/maps/search/?api=1&query=46.37395,6.498302",Christelle Vannier Immobilier,https://cvannier-immobilier.com/fr/propriete/vente+appartement+thonon-les-bains+special-investissement-t4-thonon-centre-ville+86649876,,,True,"62 Route de Tully, 74200 Thonon-les-Bains",73.0,97.0,4.0,72.0,,4.0,1.37,,habitavel
apartamento,Évian-les-Bains,,,"https://www.google.com/maps/search/?api=1&query=46.399927,6.597599",Leman Property Évian,https://www.leman-property.com/vente/appartement/evian-les-bains/appartement-4-pieces-avec-jardin-a-neuvecelle/,,,,"9 Avenue D Abondance - Rd 24, 74500 Évian-les-Bains",85.0,378.0,3.0,84.0,,,1.18,,habitavel
apartamento,Évian-les-Bains,,,"https://www.google.com/maps/search/?api=1&query=46.401083,6.591462",Nestenn Évian,https://immobilier-evian-les-bains.nestenn.com/centre-d-evian-grand-t3-dans-residence-recente-avec-ascenseur-parking-disponible-ref-39259091,,,True,"6 Rue Du Port, 74500 Évian-les-Bains",70.0,1345.0,3.0,71.0,,3.0,1.41,,habitavel
apartamento,Évian-les-Bains,,,"https://www.google.com/maps/search/?api=1&query=46.399567,6.589996",Leman Property Évian,https://www.leman-property.com/vente/appartement/evian-les-bains/appartement-4-pieces-a-evian-les-bains-charme-et-confort-au-coeur-de-la-ville/,,,,"28 Avenue Des Sources, 74500 Évian-les-Bains",81.0,1070.0,3.0,82.0,,,1.22,,habitavel
apartamento,Évian-les-Bains,,,"https://www.google.com/maps/search/?api=1&query=46.399567,6.589996",Leman Property Évian,https://www.leman-property.com/vente/appartement/evian-les-bains/maison-mitoyenne-80-m2/,,,,"28 Avenue Des Sources, 74500 Évian-les-Bains",81.0,1070.0,3.0,81.0,,,0.0,,habitavel
apartamento,Thonon-les-Bains,,,"https://www.google.com/maps/search/?api=1&query=46.370596,6.48862",CENTURY 21 Chablais-Léman Thonon,https://www.century21-chablais-leman-thonon.com/trouver_logement/detail/16350251916/,,,True,"32 Avenue des Vallées, 74200 Thonon-les-Bains",60.0,90.0,3.0,60.0,,3.0,0.0,,habitavel
apartamento,Thonon-les-Bains,,,"https://www.google.com/maps/search/?api=1&query=46.370596,6.48862",Agence Lehmann,https://lehmann-immo.com/fr/propriete/vente+appartement+thonon-les-bains+87286557,,,,"32 Avenue des Vallées, 74200 Thonon-les-Bains",60.0,90.0,3.0,61.22,,,1.99,,habitavel
apartamento,Thonon-les-Bains,,,"https://www.google.com/maps/search/?api=1&query=46.363524,6.462907",Agence Lehmann,https://lehmann-immo.com/fr/propriete/vente+appartement+thonon-les-bains+local-hyper-centre-thonon+84937413,,,,"84 Avenue du Général de Gaulle, 74200 Thonon-les-Bains",134.0,844.0,4.0,133.55,,,0.34,,habitavel
apartamento,Évian-les-Bains,,,"https://www.google.com/maps/search/?api=1&query=46.400635,6.592272",Nestenn Évian,https://immobilier-evian-les-bains.nestenn.com/programme-neuf-evian-les-bains-du-t2-au-t4-ref-39323966,,,True,"3 Rue De La Touviere, 74500 Évian-les-Bains",58.0,126.0,3.0,58.0,,3.0,0.0,,habitavel
apartamento,Évian-les-Bains,,,"https://www.google.com/maps/search/?api=1&query=46.398826,6.585086",Agence Barnoud Évian,https://www.barnoud-immobilier.fr/vente/74-haute-savoie/2-evian-les-bains/2-appartement/t3/11190-proche-lac-et-centre-ville-pour-ce-t3/,,,,"4 Avenue De Larringes, 74500 Évian-les-Bains",67.0,273.0,4.0,67.5,,,0.74,,habitavel
apartamento,Évian-les-Bains,,,"https://www.google.com/maps/search/?api=1&query=46.398826,6.585086",Cabinet Greneche,https://grenecheimmo.fr/fr/propriete/vente+appartement+evian-les-bains+appartement-t3-evian-les-bains-proche-embarcadere+87280471,,,,"4 Avenue De Larringes, 74500 Évian-les-Bains",67.0,273.0,4.0,67.0,,,0.0,,habitavel
apartamento,Évian-les-Bains,,,"https://www.google.com/maps/search/?api=1&query=46.399405,6.588472",Leman Property Évian,https://www.leman-property.com/vente/appartement/evian-les-bains/appartement-4-pieces-a-evian-les-bains-charme-et-confort-au-coeur-de-la-ville/,,,,"5 Chemin De La Guinguette, 74500 Évian-les-Bains",80.0,266.0,3.0,82.0,,,2.44,,habitavel
apartamento,Évian-les-Bains,,,"https://www.google.com/maps/search/?api=1&query=46.399405,6.588472",Leman Property Évian,https://www.leman-property.com/vente/appartement/evian-les-bains/maison-mitoyenne-80-m2/,,,,"5 Chemin De La Guinguette, 74500 Évian-les-Bains",80.0,266.0,3.0,81.0,,,1.23,,habitavel
apartamento,Évian-les-Bains,,,"https://www.google.com/maps/search/?api=1&query=46.399405,6.588472",Poirier Immobilier Évian,https://www.poirier-immobilier.com/vente/5-evian-les-bains/appartement/1933-appartement-3-pieces-a-evian-les-bains-avec-balcons-et-garage,,,True,"5 Chemin De La Guinguette, 74500 Évian-les-Bains",80.0,266.0,3.0,78.09,,3.0,2.39,,habitavel
apartamento,Thonon-les-Bains,,,"https://www.google.com/maps/search/?api=1&query=46.371169,6.498437",Leman Property Thonon,https://www.leman-property.com/vente/appartement/thonon-les-bains/appartement-t3-coup-de-coeur/,,,,"20 Chemin des Tissottes, 74200 Thonon-les-Bains",50.0,1158.0,3.0,50.0,,,0.0,,habitavel
apartamento,Thonon-les-Bains,,,"https://www.google.com/maps/search/?api=1&query=46.371169,6.498437",Agence Barnoud Thonon,https://www.barnoud-immobilier.fr/vente/74-haute-savoie/1-thonon-les-bains/2-appartement/t2/9852-appartement-a-vendre-dernier-etage-a-thonon-les-bains/,,,,"20 Chemin des Tissottes, 74200 Thonon-les-Bains",50.0,1158.0,3.0,48.91,,,2.18,,habitavel
apartamento,Thonon-les-Bains,,,"https://www.google.com/maps/search/?api=1&query=46.371169,6.498437",Agence Barnoud Thonon,https://www.barnoud-immobilier.fr/vente/74-haute-savoie/1-thonon-les-bains/2-appartement/t2/11274-appartement-t2-51-15m/,,,,"20 Chemin des Tissottes, 74200 Thonon-les-Bains",50.0,1158.0,3.0,51.15,,,2.25,,habitavel
apartamento,Thonon-les-Bains,,,"https://www.google.com/maps/search/?api=1&query=46.36954,6.475505",Laforêt Thonon-Évian,https://www.laforet.com/agence-immobiliere/thonon-evian/acheter/thonon-les-bains/appartement-3-pieces-52703873,,,True,"15 Avenue du Général de Gaulle, 74200 Thonon-les-Bains",76.0,1357.0,3.0,75.0,,3.0,1.32,,habitavel
apartamento,Thonon-les-Bains,,,"https://www.google.com/maps/search/?api=1&query=46.36954,6.475505",Laforêt Thonon-Évian,https://www.laforet.com/agence-immobiliere/thonon-evian/acheter/thonon-les-bains/appartement-3-pieces-52584814,,,True,"15 Avenue du Général de Gaulle, 74200 Thonon-les-Bains",76.0,1357.0,3.0,76.0,,3.0,0.0,,habitavel
apartamento,Thonon-les-Bains,,,"https://www.google.com/maps/search/?api=1&query=46.36954,6.475505",Dupraz Immobilier Thonon,https://www.dupraz-immobilier.com/ville_bien/fiches/3-33-29_60896304/t3-de-76-m2-avec-terrasse-de-25-m2-garage-cave-et-stationnement.html,,,,"15 Avenue du Général de Gaulle, 74200 Thonon-les-Bains",76.0,1357.0,3.0,76.0,,,0.0,,habitavel
apartamento,Thonon-les-Bains,,,"https://www.google.com/maps/search/?api=1&query=46.36954,6.475505",Laforêt Thonon-Évian,https://www.laforet.com/agence-immobiliere/thonon-evian/acheter/thonon-les-bains/appartement-3-pieces-52402655,,,True,"15 Avenue du Général de Gaulle, 74200 Thonon-les-Bains",76.0,1357.0,3.0,75.0,,3.0,1.32,,habitavel
apartamento,Thonon-les-Bains,,,"https://www.google.com/maps/search/?api=1&query=46.36954,6.475505",Poirier Immobilier Thonon,https://www.poirier-immobilier.com/vente/6-thonon-les-bains/appartement/2456-spacieux-appartement-de-type-3-avec-garage-proche-centre-ville,,,True,"15 Avenue du Général de Gaulle, 74200 Thonon-les-Bains",76.0,1357.0,3.0,76.12,,3.0,0.16,,habitavel
apartamento,Thonon-les-Bains,,,"https://www.google.com/maps/search/?api=1&query=46.367543,6.476156",Agence Lehmann,https://lehmann-immo.com/fr/propriete/vente+appartement+thonon-les-bains+appartement-moderne-t3-a-thonon-les-bains+87100377,,,,"15 Avenue de la Versoie, 74200 Thonon-les-Bains",66.0,2677.0,4.0,66.44,,,0.66,,habitavel
apartamento,Thonon-les-Bains,,,"https://www.google.com/maps/search/?api=1&query=46.371132,6.480144",Leman Property Thonon,https://www.leman-property.com/vente/appartement/thonon-les-bains/en-exclusivite-t2-rez-de-jardin-thonon-st-disdille/,,,,"16 Rue des Arts, 74200 Thonon-les-Bains",45.0,242.0,1.0,44.0,,,2.22,,habitavel
apartamento,Thonon-les-Bains,,,"https://www.google.com/maps/search/?api=1&query=46.371132,6.480144",Agence Barnoud Thonon,https://www.barnoud-immobilier.fr/vente/74-haute-savoie/1-thonon-les-bains/2-appartement/t2/11354-appartement-de-type-2-a-vendre-a-thonon-les-bains/,,,,"16 Rue des Arts, 74200 Thonon-les-Bains",45.0,242.0,1.0,46.0,,,2.17,,habitavel
apartamento,Thonon-les-Bains,,,"https://www.google.com/maps/search/?api=1&query=46.363764,6.490379",CENTURY 21 Chablais-Léman Thonon,https://www.century21-chablais-leman-thonon.com/trouver_logement/detail/16436700333/,,,True,"59 Avenue de l’Ermitage, 74200 Thonon-les-Bains",69.0,1000.0,3.0,70.6,,3.0,2.27,,habitavel
apartamento,Thonon-les-Bains,,,"https://www.google.com/maps/search/?api=1&query=46.363764,6.490379",Laforêt Thonon-Évian,https://www.laforet.com/agence-immobiliere/thonon-evian/acheter/thonon-les-bains/appartement-3-pieces-52196898,,,True,"59 Avenue de l’Ermitage, 74200 Thonon-les-Bains",69.0,1000.0,3.0,68.0,,3.0,1.45,,habitavel
apartamento,Thonon-les-Bains,,,"https://www.google.com/maps/search/?api=1&query=46.363764,6.490379",Laforêt Thonon-Évian,https://www.laforet.com/agence-immobiliere/thonon-evian/acheter/thonon-les-bains/appartement-3-pieces-52232506,,,True,"59 Avenue de l’Ermitage, 74200 Thonon-les-Bains",69.0,1000.0,3.0,68.0,,3.0,1.45,,habitavel
apartamento,Thonon-les-Bains,,,"https://www.google.com/maps/search/?api=1&query=46.363764,6.490379",CENTURY 21 Chablais-Léman Thonon,https://www.century21-chablais-leman-thonon.com/trouver_logement/detail/15273893649/,,,True,"59 Avenue de l’Ermitage, 74200 Thonon-les-Bains",69.0,1000.0,3.0,68.0,,3.0,1.45,,habitavel
apartamento,Thonon-les-Bains,,,"https://www.google.com/maps/search/?api=1&query=46.363764,6.490379",CENTURY 21 Chablais-Léman Thonon,https://www.century21-chablais-leman-thonon.com/trouver_logement/detail/15273884285/,,,True,"59 Avenue de l’Ermitage, 74200 Thonon-les-Bains",69.0,1000.0,3.0,68.0,,3.0,1.45,,habitavel
apartamento,Thonon-les-Bains,,,"https://www.google.com/maps/search/?api=1&query=46.363764,6.490379",Agence Barnoud Thonon,https://www.barnoud-immobilier.fr/vente/74-haute-savoie/1-thonon-les-bains/2-appartement/t3/9917-a-thonon-les-bains-appartement-a-acheter-avec-2-chambres/,,,,"59 Avenue de l’Ermitage, 74200 Thonon-les-Bains",69.0,1000.0,3.0,69.52,,,0.75,,habitavel
apartamento,Thonon-les-Bains,,,"https://www.google.com/maps/search/?api=1&query=46.363764,6.490379",CENTURY 21 Chablais-Léman Thonon,https://www.century21-chablais-leman-thonon.com/trouver_logement/detail/15273980963/,,,True,"59 Avenue de l’Ermitage, 74200 Thonon-les-Bains",69.0,1000.0,3.0,68.0,,3.0,1.45,,habitavel
apartamento,Thonon-les-Bains,,,"https://www.google.com/maps/search/?api=1&query=46.363764,6.490379",A&P Immobilier,https://www.immobilierapi.com/vente/1-thonon-les-bains/appartement/t3/864-thonon-les-bains-magnifique-appartement-t3-en-centre-au-calme-a-saisir/,,,True,"59 Avenue de l’Ermitage, 74200 Thonon-les-Bains",69.0,1000.0,3.0,68.0,,3.0,1.45,,habitavel
apartamento,Thonon-les-Bains,,,"https://www.google.com/maps/search/?api=1&query=46.363764,6.490379",Christelle Vannier Immobilier,https://cvannier-immobilier.com/fr/propriete/vente+appartement+thonon-les-bains+exclusivite-appartement-t3-avec-garage-+86909438,,,True,"59 Avenue de l’Ermitage, 74200 Thonon-les-Bains",69.0,1000.0,3.0,68.98,,3.0,0.03,,habitavel
apartamento,Thonon-les-Bains,,,"https://www.google.com/maps/search/?api=1&query=46.363764,6.490379",Laforêt Thonon-Évian,https://www.laforet.com/agence-immobiliere/thonon-evian/acheter/thonon-les-bains/appartement-3-pieces-52232515,,,True,"59 Avenue de l’Ermitage, 74200 Thonon-les-Bains",69.0,1000.0,3.0,68.0,,3.0,1.45,,habitavel
apartamento,Thonon-les-Bains,,,"https://www.google.com/maps/search/?api=1&query=46.371149,6.483535",Laforêt Thonon-Évian,https://www.laforet.com/agence-immobiliere/thonon-evian/acheter/thonon-les-bains/appartement-4-pieces-52789637,,,True,"6 Rue du Chablais, 74200 Thonon-les-Bains",101.0,401.0,4.0,100.0,,4.0,0.99,,habitavel
apartamento,Thonon-les-Bains,,,"https://www.google.com/maps/search/?api=1&query=46.371149,6.483535",Agence Barnoud Thonon,https://www.barnoud-immobilier.fr/vente/74-haute-savoie/1-thonon-les-bains/2-appartement/t4/10465-a-vendre-au-centre-ville-de-thonon-les-bains-grand-appartement-avec-balcon/,,,,"6 Rue du Chablais, 74200 Thonon-les-Bains",101.0,401.0,4.0,100.65,,,0.35,,habitavel
apartamento,Thonon-les-Bains,,,"https://www.google.com/maps/search/?api=1&query=46.370483,6.488545",CENTURY 21 Chablais-Léman Thonon,https://www.century21-chablais-leman-thonon.com/trouver_logement/detail/16350251916/,,,True,"17 Avenue des Vallées, 74200 Thonon-les-Bains",60.0,1930.0,3.0,60.0,,3.0,0.0,,habitavel
apartamento,Thonon-les-Bains,,,"https://www.google.com/maps/search/?api=1&query=46.370483,6.488545",Agence Lehmann,https://lehmann-immo.com/fr/propriete/vente+appartement+thonon-les-bains+87286557,,,,"17 Avenue des Vallées, 74200 Thonon-les-Bains",60.0,1930.0,3.0,61.22,,,1.99,,habitavel
apartamento,Thonon-les-Bains,,,"https://www.google.com/maps/search/?api=1&query=46.373895,6.49815",Agence Barnoud Thonon,https://www.barnoud-immobilier.fr/vente/74-haute-savoie/1-thonon-les-bains/2-appartement/t4/9874-thonon-appartement-t4/,,,,"58 Route de Tully, 74200 Thonon-les-Bains",73.0,101.0,4.0,71.85,,,1.58,,habitavel
apartamento,Thonon-les-Bains,,,"https://www.google.com/maps/search/?api=1&query=46.373895,6.49815",Christelle Vannier Immobilier,https://cvannier-immobilier.com/fr/propriete/vente+appartement+thonon-les-bains+special-investissement-t4-thonon-centre-ville+86649876,,,True,"58 Route de Tully, 74200 Thonon-les-Bains",73.0,101.0,4.0,72.0,,4.0,1.37,,habitavel
apartamento,Thonon-les-Bains,,,"https://www.google.com/maps/search/?api=1&query=46.370591,6.488469",CENTURY 21 Chablais-Léman Thonon,https://www.century21-chablais-leman-thonon.com/trouver_logement/detail/16350251916/,,,True,"30 Avenue des Vallées, 74200 Thonon-les-Bains",60.0,334.0,3.0,60.0,,3.0,0.0,,habitavel
apartamento,Thonon-les-Bains,,,"https://www.google.com/maps/search/?api=1&query=46.370591,6.488469",Agence Lehmann,https://lehmann-immo.com/fr/propriete/vente+appartement+thonon-les-bains+87286557,,,,"30 Avenue des Vallées, 74200 Thonon-les-Bains",60.0,334.0,3.0,61.22,,,1.99,,habitavel
apartamento,Thonon-les-Bains,,,"https://www.google.com/maps/search/?api=1&query=46.373914,6.498255",Agence Barnoud Thonon,https://www.barnoud-immobilier.fr/vente/74-haute-savoie/1-thonon-les-bains/2-appartement/t4/9874-thonon-appartement-t4/,,,,"60 Route de Tully, 74200 Thonon-les-Bains",73.0,97.0,4.0,71.85,,,1.58,,habitavel
apartamento,Thonon-les-Bains,,,"https://www.google.com/maps/search/?api=1&query=46.373914,6.498255",Christelle Vannier Immobilier,https://cvannier-immobilier.com/fr/propriete/vente+appartement+thonon-les-bains+special-investissement-t4-thonon-centre-ville+86649876,,,True,"60 Route de Tully, 74200 Thonon-les-Bains",73.0,97.0,4.0,72.0,,4.0,1.37,,habitavel
apartamento,Thonon-les-Bains,,,"https://www.google.com/maps/search/?api=1&query=46.364274,6.48539",Laforêt Thonon-Évian,https://www.laforet.com/agence-immobiliere/thonon-evian/acheter/thonon-les-bains/appartement-2-pieces-52623760,,,True,"27 Chemin des Marmottés, 74200 Thonon-les-Bains",36.0,592.0,2.0,36.0,,2.0,0.0,,habitavel
apartamento,Thonon-les-Bains,,,"https://www.google.com/maps/search/?api=1&query=46.36311,6.463204",Agence Lehmann,https://lehmann-immo.com/fr/propriete/vente+appartement+thonon-les-bains+local-hyper-centre-thonon+84937413,,,,"86 Avenue du Général de Gaulle, 74200 Thonon-les-Bains",134.0,687.0,4.0,133.55,,,0.34,,habitavel
apartamento,Évian-les-Bains,,,"https://www.google.com/maps/search/?api=1&query=46.399896,6.593038",Poirier Immobilier Évian,https://www.poirier-immobilier.com/vente/5-evian-les-bains/appartement/2010-appartement-de-standing-centre-ville-d-evian-les-bains,,,True,"8 Avenue Des Sources, 74500 Évian-les-Bains",63.0,439.0,3.0,63.0,,3.0,0.0,,habitavel
apartamento,Thonon-les-Bains,,,"https://www.google.com/maps/search/?api=1&query=46.371169,6.479802",Agence Barnoud Thonon,https://www.barnoud-immobilier.fr/vente/74-haute-savoie/1-thonon-les-bains/2-appartement/t2/11354-appartement-de-type-2-a-vendre-a-thonon-les-bains/,,,,"10 Rue des Arts, 74200 Thonon-les-Bains",46.0,112.0,1.0,46.0,,,0.0,,habitavel
apartamento,Thonon-les-Bains,,,"https://www.google.com/maps/search/?api=1&query=46.370696,6.487729",Agence Barnoud Thonon,https://www.barnoud-immobilier.fr/vente/74-haute-savoie/1-thonon-les-bains/2-appartement/t4/9874-thonon-appartement-t4/,,,,"2 Chemin Vieux, 74200 Thonon-les-Bains",73.0,1372.0,3.0,71.85,,,1.58,,habitavel
apartamento,Thonon-les-Bains,,,"https://www.google.com/maps/search/?api=1&query=46.356866,6.466242",Laforêt Thonon-Évian,https://www.laforet.com/agence-immobiliere/thonon-evian/acheter/thonon-les-bains/appartement-3-pieces-52196898,,,True,"11 Chemin du Genevray, 74200 Thonon-les-Bains",67.0,1292.0,3.0,68.0,,3.0,1.47,,habitavel
apartamento,Thonon-les-Bains,,,"https://www.google.com/maps/search/?api=1&query=46.356866,6.466242",Laforêt Thonon-Évian,https://www.laforet.com/agence-immobiliere/thonon-evian/acheter/thonon-les-bains/appartement-3-pieces-52232506,,,True,"11 Chemin du Genevray, 74200 Thonon-les-Bains",67.0,1292.0,3.0,68.0,,3.0,1.47,,habitavel
apartamento,Thonon-les-Bains,,,"https://www.google.com/maps/search/?api=1&query=46.356866,6.466242",CENTURY 21 Chablais-Léman Thonon,https://www.century21-chablais-leman-thonon.com/trouver_logement/detail/15273893649/,,,True,"11 Chemin du Genevray, 74200 Thonon-les-Bains",67.0,1292.0,3.0,68.0,,3.0,1.47,,habitavel
apartamento,Thonon-les-Bains,,,"https://www.google.com/maps/search/?api=1&query=46.356866,6.466242",CENTURY 21 Chablais-Léman Thonon,https://www.century21-chablais-leman-thonon.com/trouver_logement/detail/15273884285/,,,True,"11 Chemin du Genevray, 74200 Thonon-les-Bains",67.0,1292.0,3.0,68.0,,3.0,1.47,,habitavel
apartamento,Thonon-les-Bains,,,"https://www.google.com/maps/search/?api=1&query=46.356866,6.466242",Agence Lehmann,https://lehmann-immo.com/fr/propriete/vente+appartement+thonon-les-bains+appartement-moderne-t3-a-thonon-les-bains+87100377,,,,"11 Chemin du Genevray, 74200 Thonon-les-Bains",67.0,1292.0,3.0,66.44,,,0.84,,habitavel
apartamento,Thonon-les-Bains,,,"https://www.google.com/maps/search/?api=1&query=46.356866,6.466242",CENTURY 21 Chablais-Léman Thonon,https://www.century21-chablais-leman-thonon.com/trouver_logement/detail/15273980963/,,,True,"11 Chemin du Genevray, 74200 Thonon-les-Bains",67.0,1292.0,3.0,68.0,,3.0,1.47,,habitavel
apartamento,Thonon-les-Bains,,,"https://www.google.com/maps/search/?api=1&query=46.356866,6.466242",Agence Lehmann,https://lehmann-immo.com/fr/propriete/vente+appartement+thonon-les-bains+bel-appartement-3-pieces-moderne-a-thonon-les-bains+87095945,,,True,"11 Chemin du Genevray, 74200 Thonon-les-Bains",67.0,1292.0,3.0,66.53,,3.0,0.7,,habitavel
apartamento,Thonon-les-Bains,,,"https://www.google.com/maps/search/?api=1&query=46.356866,6.466242",Christelle Vannier Immobilier,https://cvannier-immobilier.com/fr/propriete/vente+appartement+thonon-les-bains+exclusivite-t3-en-rez-de-jardin-avec-garage+87300076,,,True,"11 Chemin du Genevray, 74200 Thonon-les-Bains",67.0,1292.0,3.0,65.42,,3.0,2.36,,habitavel
apartamento,Thonon-les-Bains,,,"https://www.google.com/maps/search/?api=1&query=46.356866,6.466242",A&P Immobilier,https://www.immobilierapi.com/vente/1-thonon-les-bains/appartement/t3/864-thonon-les-bains-magnifique-appartement-t3-en-centre-au-calme-a-saisir/,,,True,"11 Chemin du Genevray, 74200 Thonon-les-Bains",67.0,1292.0,3.0,68.0,,3.0,1.47,,habitavel
apartamento,Thonon-les-Bains,,,"https://www.google.com/maps/search/?api=1&query=46.356866,6.466242",Christelle Vannier Immobilier,https://cvannier-immobilier.com/fr/propriete/vente+appartement+thonon-les-bains+appartement-de-type-3-a-thonon-les-bains+85757383,,,True,"11 Chemin du Genevray, 74200 Thonon-les-Bains",67.0,1292.0,3.0,66.0,,3.0,1.49,,habitavel
apartamento,Thonon-les-Bains,,,"https://www.google.com/maps/search/?api=1&query=46.356866,6.466242",Laforêt Thonon-Évian,https://www.laforet.com/agence-immobiliere/thonon-evian/acheter/thonon-les-bains/appartement-3-pieces-52232515,,,True,"11 Chemin du Genevray, 74200 Thonon-les-Bains",67.0,1292.0,3.0,68.0,,3.0,1.47,,habitavel
apartamento,Thonon-les-Bains,,,"https://www.google.com/maps/search/?api=1&query=46.356866,6.466242",Poirier Immobilier Thonon,https://www.poirier-immobilier.com/vente/6-thonon-les-bains/appartement/2467-bel-appartement-de-type-3-a-proximite-immediate-du-centre-ville,,,True,"11 Chemin du Genevray, 74200 Thonon-les-Bains",67.0,1292.0,3.0,67.05,,3.0,0.07,,habitavel
apartamento,Thonon-les-Bains,,,"https://www.google.com/maps/search/?api=1&query=46.368919,6.480182",Agence Lehmann,https://lehmann-immo.com/fr/propriete/vente+appartement+thonon-les-bains+appartement-moderne-t3-a-thonon-les-bains+87100377,,,,"24 Boulevard du Canal, 74200 Thonon-les-Bains",67.0,674.0,2.0,66.44,,,0.84,,habitavel
apartamento,Thonon-les-Bains,,,"https://www.google.com/maps/search/?api=1&query=46.369847,6.476991",CENTURY 21 Chablais-Léman Thonon,https://www.century21-chablais-leman-thonon.com/trouver_logement/detail/16436700333/,,,True,"7 Avenue du Général de Gaulle, 74200 Thonon-les-Bains",72.0,5810.0,3.0,70.6,,3.0,1.94,,habitavel
apartamento,Thonon-les-Bains,,,"https://www.google.com/maps/search/?api=1&query=46.369847,6.476991",Agence Barnoud Thonon,https://www.barnoud-immobilier.fr/vente/74-haute-savoie/1-thonon-les-bains/2-appartement/t4/9874-thonon-appartement-t4/,,,,"7 Avenue du Général de Gaulle, 74200 Thonon-les-Bains",72.0,5810.0,3.0,71.85,,,0.21,,habitavel
apartamento,Thonon-les-Bains,,,"https://www.google.com/maps/search/?api=1&query=46.383474,6.491962",Laforêt Thonon-Évian,https://www.laforet.com/agence-immobiliere/thonon-evian/acheter/thonon-les-bains/appartement-3-pieces-52196898,,,True,"36 Chemin des Tréflons, 74200 Thonon-les-Bains",68.0,1082.0,3.0,68.0,,3.0,0.0,,habitavel
apartamento,Thonon-les-Bains,,,"https://www.google.com/maps/search/?api=1&query=46.383474,6.491962",Laforêt Thonon-Évian,https://www.laforet.com/agence-immobiliere/thonon-evian/acheter/thonon-les-bains/appartement-3-pieces-52232506,,,True,"36 Chemin des Tréflons, 74200 Thonon-les-Bains",68.0,1082.0,3.0,68.0,,3.0,0.0,,habitavel
apartamento,Thonon-les-Bains,,,"https://www.google.com/maps/search/?api=1&query=46.383474,6.491962",CENTURY 21 Chablais-Léman Thonon,https://www.century21-chablais-leman-thonon.com/trouver_logement/detail/15273893649/,,,True,"36 Chemin des Tréflons, 74200 Thonon-les-Bains",68.0,1082.0,3.0,68.0,,3.0,0.0,,habitavel
apartamento,Thonon-les-Bains,,,"https://www.google.com/maps/search/?api=1&query=46.383474,6.491962",CENTURY 21 Chablais-Léman Thonon,https://www.century21-chablais-leman-thonon.com/trouver_logement/detail/15273884285/,,,True,"36 Chemin des Tréflons, 74200 Thonon-les-Bains",68.0,1082.0,3.0,68.0,,3.0,0.0,,habitavel
apartamento,Thonon-les-Bains,,,"https://www.google.com/maps/search/?api=1&query=46.383474,6.491962",Agence Lehmann,https://lehmann-immo.com/fr/propriete/vente+appartement+thonon-les-bains+appartement-moderne-t3-a-thonon-les-bains+87100377,,,,"36 Chemin des Tréflons, 74200 Thonon-les-Bains",68.0,1082.0,3.0,66.44,,,2.29,,habitavel
apartamento,Thonon-les-Bains,,,"https://www.google.com/maps/search/?api=1&query=46.383474,6.491962",Agence Barnoud Thonon,https://www.barnoud-immobilier.fr/vente/74-haute-savoie/1-thonon-les-bains/2-appartement/t3/9917-a-thonon-les-bains-appartement-a-acheter-avec-2-chambres/,,,,"36 Chemin des Tréflons, 74200 Thonon-les-Bains",68.0,1082.0,3.0,69.52,,,2.19,,habitavel
apartamento,Thonon-les-Bains,,,"https://www.google.com/maps/search/?api=1&query=46.383474,6.491962",CENTURY 21 Chablais-Léman Thonon,https://www.century21-chablais-leman-thonon.com/trouver_logement/detail/15273980963/,,,True,"36 Chemin des Tréflons, 74200 Thonon-les-Bains",68.0,1082.0,3.0,68.0,,3.0,0.0,,habitavel
apartamento,Thonon-les-Bains,,,"https://www.google.com/maps/search/?api=1&query=46.383474,6.491962",Agence Lehmann,https://lehmann-immo.com/fr/propriete/vente+appartement+thonon-les-bains+bel-appartement-3-pieces-moderne-a-thonon-les-bains+87095945,,,True,"36 Chemin des Tréflons, 74200 Thonon-les-Bains",68.0,1082.0,3.0,66.53,,3.0,2.16,,habitavel
apartamento,Thonon-les-Bains,,,"https://www.google.com/maps/search/?api=1&query=46.383474,6.491962",A&P Immobilier,https://www.immobilierapi.com/vente/1-thonon-les-bains/appartement/t3/864-thonon-les-bains-magnifique-appartement-t3-en-centre-au-calme-a-saisir/,,,True,"36 Chemin des Tréflons, 74200 Thonon-les-Bains",68.0,1082.0,3.0,68.0,,3.0,0.0,,habitavel
apartamento,Thonon-les-Bains,,,"https://www.google.com/maps/search/?api=1&query=46.383474,6.491962",Christelle Vannier Immobilier,https://cvannier-immobilier.com/fr/propriete/vente+appartement+thonon-les-bains+exclusivite-appartement-t3-avec-garage-+86909438,,,True,"36 Chemin des Tréflons, 74200 Thonon-les-Bains",68.0,1082.0,3.0,68.98,,3.0,1.42,,habitavel
apartamento,Thonon-les-Bains,,,"https://www.google.com/maps/search/?api=1&query=46.383474,6.491962",Laforêt Thonon-Évian,https://www.laforet.com/agence-immobiliere/thonon-evian/acheter/thonon-les-bains/appartement-3-pieces-52232515,,,True,"36 Chemin des Tréflons, 74200 Thonon-les-Bains",68.0,1082.0,3.0,68.0,,3.0,0.0,,habitavel
apartamento,Thonon-les-Bains,,,"https://www.google.com/maps/search/?api=1&query=46.383474,6.491962",Poirier Immobilier Thonon,https://www.poirier-immobilier.com/vente/6-thonon-les-bains/appartement/2467-bel-appartement-de-type-3-a-proximite-immediate-du-centre-ville,,,True,"36 Chemin des Tréflons, 74200 Thonon-les-Bains",68.0,1082.0,3.0,67.05,,3.0,1.4,,habitavel
apartamento,Thonon-les-Bains,,,"https://www.google.com/maps/search/?api=1&query=46.373246,6.479643",Christelle Vannier Immobilier,https://cvannier-immobilier.com/fr/propriete/vente+appartement+thonon-les-bains+exclusivite-grand-t4-de-114m-garage-et-parking+86690288,,,True,"5 Passage Saint François, 74200 Thonon-les-Bains",115.0,4344.0,4.0,114.0,,4.0,0.87,,habitavel
apartamento,Thonon-les-Bains,,,"https://www.google.com/maps/search/?api=1&query=46.354566,6.444321",Christelle Vannier Immobilier,https://cvannier-immobilier.com/fr/propriete/vente+appartement+thonon-les-bains+exclusivite-grand-t4-de-114m-garage-et-parking+86690288,,,True,"36 Route Impériale, 74200 Thonon-les-Bains",115.0,348.0,4.0,114.0,,4.0,0.87,,habitavel
apartamento,Thonon-les-Bains,,,"https://www.google.com/maps/search/?api=1&query=46.3569,6.477796",Laforêt Thonon-Évian,https://www.laforet.com/agence-immobiliere/thonon-evian/acheter/thonon-les-bains/appartement-3-pieces-52196898,,,True,"27 Avenue de la Dame, 74200 Thonon-les-Bains",67.0,380.0,3.0,68.0,,3.0,1.47,,habitavel
apartamento,Thonon-les-Bains,,,"https://www.google.com/maps/search/?api=1&query=46.3569,6.477796",Laforêt Thonon-Évian,https://www.laforet.com/agence-immobiliere/thonon-evian/acheter/thonon-les-bains/appartement-3-pieces-52232506,,,True,"27 Avenue de la Dame, 74200 Thonon-les-Bains",67.0,380.0,3.0,68.0,,3.0,1.47,,habitavel
apartamento,Thonon-les-Bains,,,"https://www.google.com/maps/search/?api=1&query=46.3569,6.477796",CENTURY 21 Chablais-Léman Thonon,https://www.century21-chablais-leman-thonon.com/trouver_logement/detail/15273893649/,,,True,"27 Avenue de la Dame, 74200 Thonon-les-Bains",67.0,380.0,3.0,68.0,,3.0,1.47,,habitavel
apartamento,Thonon-les-Bains,,,"https://www.google.com/maps/search/?api=1&query=46.3569,6.477796",CENTURY 21 Chablais-Léman Thonon,https://www.century21-chablais-leman-thonon.com/trouver_logement/detail/15273884285/,,,True,"27 Avenue de la Dame, 74200 Thonon-les-Bains",67.0,380.0,3.0,68.0,,3.0,1.47,,habitavel
apartamento,Thonon-les-Bains,,,"https://www.google.com/maps/search/?api=1&query=46.3569,6.477796",Agence Lehmann,https://lehmann-immo.com/fr/propriete/vente+appartement+thonon-les-bains+appartement-moderne-t3-a-thonon-les-bains+87100377,,,,"27 Avenue de la Dame, 74200 Thonon-les-Bains",67.0,380.0,3.0,66.44,,,0.84,,habitavel
apartamento,Thonon-les-Bains,,,"https://www.google.com/maps/search/?api=1&query=46.3569,6.477796",CENTURY 21 Chablais-Léman Thonon,https://www.century21-chablais-leman-thonon.com/trouver_logement/detail/15273980963/,,,True,"27 Avenue de la Dame, 74200 Thonon-les-Bains",67.0,380.0,3.0,68.0,,3.0,1.47,,habitavel
apartamento,Thonon-les-Bains,,,"https://www.google.com/maps/search/?api=1&query=46.3569,6.477796",Agence Lehmann,https://lehmann-immo.com/fr/propriete/vente+appartement+thonon-les-bains+bel-appartement-3-pieces-moderne-a-thonon-les-bains+87095945,,,True,"27 Avenue de la Dame, 74200 Thonon-les-Bains",67.0,380.0,3.0,66.53,,3.0,0.7,,habitavel
apartamento,Thonon-les-Bains,,,"https://www.google.com/maps/search/?api=1&query=46.3569,6.477796",Christelle Vannier Immobilier,https://cvannier-immobilier.com/fr/propriete/vente+appartement+thonon-les-bains+exclusivite-t3-en-rez-de-jardin-avec-garage+87300076,,,True,"27 Avenue de la Dame, 74200 Thonon-les-Bains",67.0,380.0,3.0,65.42,,3.0,2.36,,habitavel
apartamento,Thonon-les-Bains,,,"https://www.google.com/maps/search/?api=1&query=46.3569,6.477796",A&P Immobilier,https://www.immobilierapi.com/vente/1-thonon-les-bains/appartement/t3/864-thonon-les-bains-magnifique-appartement-t3-en-centre-au-calme-a-saisir/,,,True,"27 Avenue de la Dame, 74200 Thonon-les-Bains",67.0,380.0,3.0,68.0,,3.0,1.47,,habitavel
apartamento,Thonon-les-Bains,,,"https://www.google.com/maps/search/?api=1&query=46.3569,6.477796",Christelle Vannier Immobilier,https://cvannier-immobilier.com/fr/propriete/vente+appartement+thonon-les-bains+appartement-de-type-3-a-thonon-les-bains+85757383,,,True,"27 Avenue de la Dame, 74200 Thonon-les-Bains",67.0,380.0,3.0,66.0,,3.0,1.49,,habitavel
apartamento,Thonon-les-Bains,,,"https://www.google.com/maps/search/?api=1&query=46.3569,6.477796",Laforêt Thonon-Évian,https://www.laforet.com/agence-immobiliere/thonon-evian/acheter/thonon-les-bains/appartement-3-pieces-52232515,,,True,"27 Avenue de la Dame, 74200 Thonon-les-Bains",67.0,380.0,3.0,68.0,,3.0,1.47,,habitavel
apartamento,Thonon-les-Bains,,,"https://www.google.com/maps/search/?api=1&query=46.3569,6.477796",Poirier Immobilier Thonon,https://www.poirier-immobilier.com/vente/6-thonon-les-bains/appartement/2467-bel-appartement-de-type-3-a-proximite-immediate-du-centre-ville,,,True,"27 Avenue de la Dame, 74200 Thonon-les-Bains",67.0,380.0,3.0,67.05,,3.0,0.07,,habitavel
apartamento,Thonon-les-Bains,,,"https://www.google.com/maps/search/?api=1&query=46.374332,6.487306",Agence Lehmann,https://lehmann-immo.com/fr/propriete/vente+appartement+thonon-les-bains+87286557,,,,"2 Allée du Chèvrefeuille, 74200 Thonon-les-Bains",62.0,1200.0,3.0,61.22,,,1.26,,habitavel
apartamento,Thonon-les-Bains,,,"https://www.google.com/maps/search/?api=1&query=46.374332,6.487306",A&P Immobilier,https://www.immobilierapi.com/vente/1-thonon-les-bains/appartement/t3/894-thonon-les-bains-nouvelle-exclusivite-t3-en-rez-de-jardin-a-decouvrir/,,,True,"2 Allée du Chèvrefeuille, 74200 Thonon-les-Bains",62.0,1200.0,3.0,63.0,,3.0,1.59,,habitavel
apartamento,Thonon-les-Bains,,,"https://www.google.com/maps/search/?api=1&query=46.374332,6.487306",Christelle Vannier Immobilier,https://cvannier-immobilier.com/fr/propriete/vente+appartement+thonon-les-bains+appartement-t3-thonon-centre-ville+85078596,,,True,"2 Allée du Chèvrefeuille, 74200 Thonon-les-Bains",62.0,1200.0,3.0,62.0,,3.0,0.0,,habitavel
apartamento,Évian-les-Bains,,,"https://www.google.com/maps/search/?api=1&query=46.399821,6.604339",Poirier Immobilier Évian,https://www.poirier-immobilier.com/vente/5-evian-les-bains/appartement/2362-appartement-a-evian-les-bains-vue-lac,,,True,"4 Avenue D Aunieres, 74500 Évian-les-Bains",40.0,2123.0,3.0,41.0,,3.0,2.44,,habitavel
apartamento,Évian-les-Bains,,,"https://www.google.com/maps/search/?api=1&query=46.400468,6.589704",CENTURY 21 Chablais Léman Évian,https://www.century21-chablais-leman-evian.com/trouver_logement/detail/11245834972/,,,True,"51 Rue Nationale, 74500 Évian-les-Bains",61.0,57.0,3.0,60.0,,3.0,1.64,,habitavel
apartamento,Évian-les-Bains,,,"https://www.google.com/maps/search/?api=1&query=46.400468,6.589704",Agence Barnoud Évian,https://www.barnoud-immobilier.fr/vente/74-haute-savoie/2-evian-les-bains/2-appartement/t2/10698-t2-60-m-vue-lac-parking-hyper-centre-evian-les-bains/,,,,"51 Rue Nationale, 74500 Évian-les-Bains",61.0,57.0,3.0,60.0,,,1.64,,habitavel
apartamento,Évian-les-Bains,,,"https://www.google.com/maps/search/?api=1&query=46.400468,6.589704",Leman Property Évian,https://www.leman-property.com/vente/appartement/evian-les-bains/evian-les-bains-appartement-a-renover/,,,,"51 Rue Nationale, 74500 Évian-les-Bains",61.0,57.0,3.0,60.0,,,1.64,,habitavel
apartamento,Évian-les-Bains,,,"https://www.google.com/maps/search/?api=1&query=46.400468,6.589704",CENTURY 21 Chablais Léman Évian,https://www.century21-chablais-leman-evian.com/trouver_logement/detail/11245814138/,,,True,"51 Rue Nationale, 74500 Évian-les-Bains",61.0,57.0,3.0,60.0,,3.0,1.64,,habitavel
apartamento,Évian-les-Bains,,,"https://www.google.com/maps/search/?api=1&query=46.400468,6.589704",CENTURY 21 Chablais Léman Évian,https://www.century21-chablais-leman-evian.com/trouver_logement/detail/11245758109/,,,True,"51 Rue Nationale, 74500 Évian-les-Bains",61.0,57.0,3.0,60.0,,3.0,1.64,,habitavel
apartamento,Évian-les-Bains,,,"https://www.google.com/maps/search/?api=1&query=46.400468,6.589704",Poirier Immobilier Évian,https://www.poirier-immobilier.com/vente/5-evian-les-bains/appartement/68-appartement-t3-centre-ville-d-evian-les-bains,,,True,"51 Rue Nationale, 74500 Évian-les-Bains",61.0,57.0,3.0,59.64,,3.0,2.23,,habitavel
apartamento,Thonon-les-Bains,,,"https://www.google.com/maps/search/?api=1&query=46.354417,6.444946",Christelle Vannier Immobilier,https://cvannier-immobilier.com/fr/propriete/vente+appartement+thonon-les-bains+exclusivite-grand-t4-de-114m-garage-et-parking+86690288,,,True,"117 Route de Genève, 74200 Thonon-les-Bains",115.0,161.0,4.0,114.0,,4.0,0.87,,habitavel
apartamento,Thonon-les-Bains,,,"https://www.google.com/maps/search/?api=1&query=46.354355,6.444805",Christelle Vannier Immobilier,https://cvannier-immobilier.com/fr/propriete/vente+appartement+thonon-les-bains+exclusivite-grand-t4-de-114m-garage-et-parking+86690288,,,True,"119 Route de Genève, 74200 Thonon-les-Bains",115.0,226.0,4.0,114.0,,4.0,0.87,,habitavel
apartamento,Thonon-les-Bains,,,"https://www.google.com/maps/search/?api=1&query=46.368956,6.477306",Agence Lehmann,https://lehmann-immo.com/fr/propriete/vente+appartement+thonon-les-bains+appartement-moderne-t3-a-thonon-les-bains+87100377,,,,"7 Boulevard du Général Dessaix, 74200 Thonon-les-Bains",67.0,116.0,2.0,66.44,,,0.84,,habitavel
apartamento,Thonon-les-Bains,,,"https://www.google.com/maps/search/?api=1&query=46.354493,6.445171",Christelle Vannier Immobilier,https://cvannier-immobilier.com/fr/propriete/vente+appartement+thonon-les-bains+exclusivite-grand-t4-de-114m-garage-et-parking+86690288,,,True,"115 Route de Genève, 74200 Thonon-les-Bains",115.0,568.0,4.0,114.0,,4.0,0.87,,habitavel
apartamento,Thonon-les-Bains,,,"https://www.google.com/maps/search/?api=1&query=46.363595,6.464666",CENTURY 21 Chablais-Léman Thonon,https://www.century21-chablais-leman-thonon.com/trouver_logement/detail/16350251916/,,,True,"6 Avenue de la Grangette, 74200 Thonon-les-Bains",61.0,883.0,3.0,60.0,,3.0,1.64,,habitavel
apartamento,Thonon-les-Bains,,,"https://www.google.com/maps/search/?api=1&query=46.363595,6.464666",Agence Lehmann,https://lehmann-immo.com/fr/propriete/vente+appartement+thonon-les-bains+87286557,,,,"6 Avenue de la Grangette, 74200 Thonon-les-Bains",61.0,883.0,3.0,61.22,,,0.36,,habitavel
apartamento,Thonon-les-Bains,,,"https://www.google.com/maps/search/?api=1&query=46.363595,6.464666",Christelle Vannier Immobilier,https://cvannier-immobilier.com/fr/propriete/vente+appartement+thonon-les-bains+appartement-t3-thonon-centre-ville+85078596,,,True,"6 Avenue de la Grangette, 74200 Thonon-les-Bains",61.0,883.0,3.0,62.0,,3.0,1.61,,habitavel
apartamento,Thonon-les-Bains,,,"https://www.google.com/maps/search/?api=1&query=46.365416,6.460065",Laforêt Thonon-Évian,https://www.laforet.com/agence-immobiliere/thonon-evian/acheter/thonon-les-bains/appartement-3-pieces-52196898,,,True,"6 Rue des 4 Vents, 74200 Thonon-les-Bains",67.0,1150.0,3.0,68.0,,3.0,1.47,,habitavel
apartamento,Thonon-les-Bains,,,"https://www.google.com/maps/search/?api=1&query=46.365416,6.460065",Laforêt Thonon-Évian,https://www.laforet.com/agence-immobiliere/thonon-evian/acheter/thonon-les-bains/appartement-3-pieces-52232506,,,True,"6 Rue des 4 Vents, 74200 Thonon-les-Bains",67.0,1150.0,3.0,68.0,,3.0,1.47,,habitavel
apartamento,Thonon-les-Bains,,,"https://www.google.com/maps/search/?api=1&query=46.365416,6.460065",CENTURY 21 Chablais-Léman Thonon,https://www.century21-chablais-leman-thonon.com/trouver_logement/detail/15273893649/,,,True,"6 Rue des 4 Vents, 74200 Thonon-les-Bains",67.0,1150.0,3.0,68.0,,3.0,1.47,,habitavel
apartamento,Thonon-les-Bains,,,"https://www.google.com/maps/search/?api=1&query=46.365416,6.460065",CENTURY 21 Chablais-Léman Thonon,https://www.century21-chablais-leman-thonon.com/trouver_logement/detail/15273884285/,,,True,"6 Rue des 4 Vents, 74200 Thonon-les-Bains",67.0,1150.0,3.0,68.0,,3.0,1.47,,habitavel
apartamento,Thonon-les-Bains,,,"https://www.google.com/maps/search/?api=1&query=46.365416,6.460065",Agence Lehmann,https://lehmann-immo.com/fr/propriete/vente+appartement+thonon-les-bains+appartement-moderne-t3-a-thonon-les-bains+87100377,,,,"6 Rue des 4 Vents, 74200 Thonon-les-Bains",67.0,1150.0,3.0,66.44,,,0.84,,habitavel
apartamento,Thonon-les-Bains,,,"https://www.google.com/maps/search/?api=1&query=46.365416,6.460065",CENTURY 21 Chablais-Léman Thonon,https://www.century21-chablais-leman-thonon.com/trouver_logement/detail/15273980963/,,,True,"6 Rue des 4 Vents, 74200 Thonon-les-Bains",67.0,1150.0,3.0,68.0,,3.0,1.47,,habitavel
apartamento,Thonon-les-Bains,,,"https://www.google.com/maps/search/?api=1&query=46.365416,6.460065",Agence Lehmann,https://lehmann-immo.com/fr/propriete/vente+appartement+thonon-les-bains+bel-appartement-3-pieces-moderne-a-thonon-les-bains+87095945,,,True,"6 Rue des 4 Vents, 74200 Thonon-les-Bains",67.0,1150.0,3.0,66.53,,3.0,0.7,,habitavel
apartamento,Thonon-les-Bains,,,"https://www.google.com/maps/search/?api=1&query=46.365416,6.460065",Christelle Vannier Immobilier,https://cvannier-immobilier.com/fr/propriete/vente+appartement+thonon-les-bains+exclusivite-t3-en-rez-de-jardin-avec-garage+87300076,,,True,"6 Rue des 4 Vents, 74200 Thonon-les-Bains",67.0,1150.0,3.0,65.42,,3.0,2.36,,habitavel
apartamento,Thonon-les-Bains,,,"https://www.google.com/maps/search/?api=1&query=46.365416,6.460065",A&P Immobilier,https://www.immobilierapi.com/vente/1-thonon-les-bains/appartement/t3/864-thonon-les-bains-magnifique-appartement-t3-en-centre-au-calme-a-saisir/,,,True,"6 Rue des 4 Vents, 74200 Thonon-les-Bains",67.0,1150.0,3.0,68.0,,3.0,1.47,,habitavel
apartamento,Thonon-les-Bains,,,"https://www.google.com/maps/search/?api=1&query=46.365416,6.460065",Christelle Vannier Immobilier,https://cvannier-immobilier.com/fr/propriete/vente+appartement+thonon-les-bains+appartement-de-type-3-a-thonon-les-bains+85757383,,,True,"6 Rue des 4 Vents, 74200 Thonon-les-Bains",67.0,1150.0,3.0,66.0,,3.0,1.49,,habitavel
apartamento,Thonon-les-Bains,,,"https://www.google.com/maps/search/?api=1&query=46.365416,6.460065",Laforêt Thonon-Évian,https://www.laforet.com/agence-immobiliere/thonon-evian/acheter/thonon-les-bains/appartement-3-pieces-52232515,,,True,"6 Rue des 4 Vents, 74200 Thonon-les-Bains",67.0,1150.0,3.0,68.0,,3.0,1.47,,habitavel
apartamento,Thonon-les-Bains,,,"https://www.google.com/maps/search/?api=1&query=46.365416,6.460065",Poirier Immobilier Thonon,https://www.poirier-immobilier.com/vente/6-thonon-les-bains/appartement/2467-bel-appartement-de-type-3-a-proximite-immediate-du-centre-ville,,,True,"6 Rue des 4 Vents, 74200 Thonon-les-Bains",67.0,1150.0,3.0,67.05,,3.0,0.07,,habitavel
apartamento,Évian-les-Bains,,,"https://www.google.com/maps/search/?api=1&query=46.399853,6.604341",Poirier Immobilier Évian,https://www.poirier-immobilier.com/vente/5-evian-les-bains/appartement/2362-appartement-a-evian-les-bains-vue-lac,,,True,"6 Avenue D Aunieres, 74500 Évian-les-Bains",40.0,2123.0,3.0,41.0,,3.0,2.44,,habitavel
apartamento,Thonon-les-Bains,,,"https://www.google.com/maps/search/?api=1&query=46.370612,6.488892",Christelle Vannier Immobilier,https://cvannier-immobilier.com/fr/propriete/vente+maison+thonon-les-bains+villa-jumelee-t5-secteur-corzent+87337095,,,True,"34 Avenue des Vallées, 74200 Thonon-les-Bains",120.0,540.0,4.0,118.0,,4.0,1.67,,habitavel
apartamento,Évian-les-Bains,,,"https://www.google.com/maps/search/?api=1&query=46.400452,6.590641",Leman Property Évian,https://www.leman-property.com/vente/appartement/evian-les-bains/appartement-t4-rez-de-jardin-evian-les-bains/,,,,"50 Rue Nationale, 74500 Évian-les-Bains",95.0,72.0,6.0,96.0,,,1.04,,habitavel
apartamento,Évian-les-Bains,,,"https://www.google.com/maps/search/?api=1&query=46.400452,6.590641",Cabinet Greneche,https://grenecheimmo.fr/fr/propriete/vente+appartement+evian-les-bains+t3-evian-centre-ville+86400014,,,,"50 Rue Nationale, 74500 Évian-les-Bains",95.0,72.0,6.0,95.0,,,0.0,,habitavel
apartamento,Évian-les-Bains,,,"https://www.google.com/maps/search/?api=1&query=46.400471,6.589641",CENTURY 21 Chablais Léman Évian,https://www.century21-chablais-leman-evian.com/trouver_logement/detail/11245834972/,,,True,"53 Rue Nationale, 74500 Évian-les-Bains",61.0,72.0,3.0,60.0,,3.0,1.64,,habitavel
apartamento,Évian-les-Bains,,,"https://www.google.com/maps/search/?api=1&query=46.400471,6.589641",Agence Barnoud Évian,https://www.barnoud-immobilier.fr/vente/74-haute-savoie/2-evian-les-bains/2-appartement/t2/10698-t2-60-m-vue-lac-parking-hyper-centre-evian-les-bains/,,,,"53 Rue Nationale, 74500 Évian-les-Bains",61.0,72.0,3.0,60.0,,,1.64,,habitavel
apartamento,Évian-les-Bains,,,"https://www.google.com/maps/search/?api=1&query=46.400471,6.589641",Leman Property Évian,https://www.leman-property.com/vente/appartement/evian-les-bains/evian-les-bains-appartement-a-renover/,,,,"53 Rue Nationale, 74500 Évian-les-Bains",61.0,72.0,3.0,60.0,,,1.64,,habitavel
apartamento,Évian-les-Bains,,,"https://www.google.com/maps/search/?api=1&query=46.400471,6.589641",CENTURY 21 Chablais Léman Évian,https://www.century21-chablais-leman-evian.com/trouver_logement/detail/11245814138/,,,True,"53 Rue Nationale, 74500 Évian-les-Bains",61.0,72.0,3.0,60.0,,3.0,1.64,,habitavel
apartamento,Évian-les-Bains,,,"https://www.google.com/maps/search/?api=1&query=46.400471,6.589641",CENTURY 21 Chablais Léman Évian,https://www.century21-chablais-leman-evian.com/trouver_logement/detail/11245758109/,,,True,"53 Rue Nationale, 74500 Évian-les-Bains",61.0,72.0,3.0,60.0,,3.0,1.64,,habitavel
apartamento,Évian-les-Bains,,,"https://www.google.com/maps/search/?api=1&query=46.400471,6.589641",Poirier Immobilier Évian,https://www.poirier-immobilier.com/vente/5-evian-les-bains/appartement/68-appartement-t3-centre-ville-d-evian-les-bains,,,True,"53 Rue Nationale, 74500 Évian-les-Bains",61.0,72.0,3.0,59.64,,3.0,2.23,,habitavel
apartamento,Thonon-les-Bains,,,"https://www.google.com/maps/search/?api=1&query=46.385016,6.495364",Agence Barnoud Thonon,https://www.barnoud-immobilier.fr/vente/74-haute-savoie/1-thonon-les-bains/2-appartement/t4/10465-a-vendre-au-centre-ville-de-thonon-les-bains-grand-appartement-avec-balcon/,,,,"13 Chemin des Epinanches, 74200 Thonon-les-Bains",100.0,1229.0,5.0,100.65,,,0.65,,habitavel
apartamento,Thonon-les-Bains,,,"https://www.google.com/maps/search/?api=1&query=46.380288,6.489236",Laforêt Thonon-Évian,https://www.laforet.com/agence-immobiliere/thonon-evian/acheter/thonon-les-bains/appartement-3-pieces-52196857,,,True,"8 Chemin des Guillettes, 74200 Thonon-les-Bains",66.0,1087.0,3.0,65.0,,3.0,1.52,,habitavel
apartamento,Thonon-les-Bains,,,"https://www.google.com/maps/search/?api=1&query=46.380288,6.489236",Agence Lehmann,https://lehmann-immo.com/fr/propriete/vente+appartement+thonon-les-bains+appartement-moderne-t3-a-thonon-les-bains+87100377,,,,"8 Chemin des Guillettes, 74200 Thonon-les-Bains",66.0,1087.0,3.0,66.44,,,0.66,,habitavel
apartamento,Thonon-les-Bains,,,"https://www.google.com/maps/search/?api=1&query=46.380288,6.489236",Agence Lehmann,https://lehmann-immo.com/fr/propriete/vente+appartement+thonon-les-bains+bel-appartement-3-pieces-moderne-a-thonon-les-bains+87095945,,,True,"8 Chemin des Guillettes, 74200 Thonon-les-Bains",66.0,1087.0,3.0,66.53,,3.0,0.8,,habitavel
apartamento,Thonon-les-Bains,,,"https://www.google.com/maps/search/?api=1&query=46.380288,6.489236",Christelle Vannier Immobilier,https://cvannier-immobilier.com/fr/propriete/vente+appartement+thonon-les-bains+exclusivite-t3-en-rez-de-jardin-avec-garage+87300076,,,True,"8 Chemin des Guillettes, 74200 Thonon-les-Bains",66.0,1087.0,3.0,65.42,,3.0,0.88,,habitavel
apartamento,Thonon-les-Bains,,,"https://www.google.com/maps/search/?api=1&query=46.380288,6.489236",Christelle Vannier Immobilier,https://cvannier-immobilier.com/fr/propriete/vente+appartement+thonon-les-bains+exclusivite-t3-en-duplex+87254132,,,True,"8 Chemin des Guillettes, 74200 Thonon-les-Bains",66.0,1087.0,3.0,65.0,,3.0,1.52,,habitavel
apartamento,Thonon-les-Bains,,,"https://www.google.com/maps/search/?api=1&query=46.380288,6.489236",Christelle Vannier Immobilier,https://cvannier-immobilier.com/fr/propriete/vente+appartement+thonon-les-bains+appartement-de-type-3-a-thonon-les-bains+85757383,,,True,"8 Chemin des Guillettes, 74200 Thonon-les-Bains",66.0,1087.0,3.0,66.0,,3.0,0.0,,habitavel
apartamento,Thonon-les-Bains,,,"https://www.google.com/maps/search/?api=1&query=46.380288,6.489236",Christelle Vannier Immobilier,https://cvannier-immobilier.com/fr/propriete/vente+appartement+thonon-les-bains+exclusivite-appartement-type-3-avec-garage+84395461,,,True,"8 Chemin des Guillettes, 74200 Thonon-les-Bains",66.0,1087.0,3.0,65.0,,3.0,1.52,,habitavel
apartamento,Thonon-les-Bains,,,"https://www.google.com/maps/search/?api=1&query=46.380288,6.489236",Poirier Immobilier Thonon,https://www.poirier-immobilier.com/vente/6-thonon-les-bains/appartement/2467-bel-appartement-de-type-3-a-proximite-immediate-du-centre-ville,,,True,"8 Chemin des Guillettes, 74200 Thonon-les-Bains",66.0,1087.0,3.0,67.05,,3.0,1.57,,habitavel
apartamento,Thonon-les-Bains,,,"https://www.google.com/maps/search/?api=1&query=46.366091,6.470508",Laforêt Thonon-Évian,https://www.laforet.com/agence-immobiliere/thonon-evian/acheter/thonon-les-bains/appartement-3-pieces-52196857,,,True,"5 Impasse du Forchat, 74200 Thonon-les-Bains",64.0,265.0,3.0,65.0,,3.0,1.54,,habitavel
apartamento,Thonon-les-Bains,,,"https://www.google.com/maps/search/?api=1&query=46.366091,6.470508",A&P Immobilier,https://www.immobilierapi.com/vente/1-thonon-les-bains/appartement/t3/894-thonon-les-bains-nouvelle-exclusivite-t3-en-rez-de-jardin-a-decouvrir/,,,True,"5 Impasse du Forchat, 74200 Thonon-les-Bains",64.0,265.0,3.0,63.0,,3.0,1.56,,habitavel
apartamento,Thonon-les-Bains,,,"https://www.google.com/maps/search/?api=1&query=46.366091,6.470508",A&P Immobilier,https://www.immobilierapi.com/vente/1-thonon-les-bains/appartement/t3/806-t3-a-fort-potentiel-thonon-les-bains-parking-et-cave-thonon-ouest/,,,True,"5 Impasse du Forchat, 74200 Thonon-les-Bains",64.0,265.0,3.0,63.6,,3.0,0.62,,habitavel
apartamento,Thonon-les-Bains,,,"https://www.google.com/maps/search/?api=1&query=46.366091,6.470508",Christelle Vannier Immobilier,https://cvannier-immobilier.com/fr/propriete/vente+appartement+thonon-les-bains+exclusivite-t3-en-rez-de-jardin-avec-garage+87300076,,,True,"5 Impasse du Forchat, 74200 Thonon-les-Bains",64.0,265.0,3.0,65.42,,3.0,2.17,,habitavel
apartamento,Thonon-les-Bains,,,"https://www.google.com/maps/search/?api=1&query=46.366091,6.470508",Christelle Vannier Immobilier,https://cvannier-immobilier.com/fr/propriete/vente+appartement+thonon-les-bains+exclusivite-t3-en-duplex+87254132,,,True,"5 Impasse du Forchat, 74200 Thonon-les-Bains",64.0,265.0,3.0,65.0,,3.0,1.54,,habitavel
apartamento,Thonon-les-Bains,,,"https://www.google.com/maps/search/?api=1&query=46.366091,6.470508",Christelle Vannier Immobilier,https://cvannier-immobilier.com/fr/propriete/vente+appartement+thonon-les-bains+exclusivite-appartement-type-3-avec-garage+84395461,,,True,"5 Impasse du Forchat, 74200 Thonon-les-Bains",64.0,265.0,3.0,65.0,,3.0,1.54,,habitavel
apartamento,Thonon-les-Bains,,,"https://www.google.com/maps/search/?api=1&query=46.369884,6.47729",CENTURY 21 Chablais-Léman Thonon,https://www.century21-chablais-leman-thonon.com/trouver_logement/detail/16436700333/,,,True,"5 Avenue du Général de Gaulle, 74200 Thonon-les-Bains",72.0,150.0,3.0,70.6,,3.0,1.94,,habitavel
apartamento,Thonon-les-Bains,,,"https://www.google.com/maps/search/?api=1&query=46.369884,6.47729",Agence Barnoud Thonon,https://www.barnoud-immobilier.fr/vente/74-haute-savoie/1-thonon-les-bains/2-appartement/t4/9874-thonon-appartement-t4/,,,,"5 Avenue du Général de Gaulle, 74200 Thonon-les-Bains",72.0,150.0,3.0,71.85,,,0.21,,habitavel
apartamento,Thonon-les-Bains,,,"https://www.google.com/maps/search/?api=1&query=46.37006,6.490241",Laforêt Thonon-Évian,https://www.laforet.com/agence-immobiliere/thonon-evian/acheter/thonon-les-bains/appartement-3-pieces-52196898,,,True,"9 Avenue de la Dent d’Oche, 74200 Thonon-les-Bains",67.0,4344.0,3.0,68.0,,3.0,1.47,,habitavel
apartamento,Thonon-les-Bains,,,"https://www.google.com/maps/search/?api=1&query=46.37006,6.490241",Laforêt Thonon-Évian,https://www.laforet.com/agence-immobiliere/thonon-evian/acheter/thonon-les-bains/appartement-3-pieces-52232506,,,True,"9 Avenue de la Dent d’Oche, 74200 Thonon-les-Bains",67.0,4344.0,3.0,68.0,,3.0,1.47,,habitavel
apartamento,Thonon-les-Bains,,,"https://www.google.com/maps/search/?api=1&query=46.37006,6.490241",CENTURY 21 Chablais-Léman Thonon,https://www.century21-chablais-leman-thonon.com/trouver_logement/detail/15273893649/,,,True,"9 Avenue de la Dent d’Oche, 74200 Thonon-les-Bains",67.0,4344.0,3.0,68.0,,3.0,1.47,,habitavel
apartamento,Thonon-les-Bains,,,"https://www.google.com/maps/search/?api=1&query=46.37006,6.490241",CENTURY 21 Chablais-Léman Thonon,https://www.century21-chablais-leman-thonon.com/trouver_logement/detail/15273884285/,,,True,"9 Avenue de la Dent d’Oche, 74200 Thonon-les-Bains",67.0,4344.0,3.0,68.0,,3.0,1.47,,habitavel
apartamento,Thonon-les-Bains,,,"https://www.google.com/maps/search/?api=1&query=46.37006,6.490241",Agence Lehmann,https://lehmann-immo.com/fr/propriete/vente+appartement+thonon-les-bains+appartement-moderne-t3-a-thonon-les-bains+87100377,,,,"9 Avenue de la Dent d’Oche, 74200 Thonon-les-Bains",67.0,4344.0,3.0,66.44,,,0.84,,habitavel
apartamento,Thonon-les-Bains,,,"https://www.google.com/maps/search/?api=1&query=46.37006,6.490241",CENTURY 21 Chablais-Léman Thonon,https://www.century21-chablais-leman-thonon.com/trouver_logement/detail/15273980963/,,,True,"9 Avenue de la Dent d’Oche, 74200 Thonon-les-Bains",67.0,4344.0,3.0,68.0,,3.0,1.47,,habitavel
apartamento,Thonon-les-Bains,,,"https://www.google.com/maps/search/?api=1&query=46.37006,6.490241",Agence Lehmann,https://lehmann-immo.com/fr/propriete/vente+appartement+thonon-les-bains+bel-appartement-3-pieces-moderne-a-thonon-les-bains+87095945,,,True,"9 Avenue de la Dent d’Oche, 74200 Thonon-les-Bains",67.0,4344.0,3.0,66.53,,3.0,0.7,,habitavel
apartamento,Thonon-les-Bains,,,"https://www.google.com/maps/search/?api=1&query=46.37006,6.490241",Christelle Vannier Immobilier,https://cvannier-immobilier.com/fr/propriete/vente+appartement+thonon-les-bains+exclusivite-t3-en-rez-de-jardin-avec-garage+87300076,,,True,"9 Avenue de la Dent d’Oche, 74200 Thonon-les-Bains",67.0,4344.0,3.0,65.42,,3.0,2.36,,habitavel
apartamento,Thonon-les-Bains,,,"https://www.google.com/maps/search/?api=1&query=46.37006,6.490241",A&P Immobilier,https://www.immobilierapi.com/vente/1-thonon-les-bains/appartement/t3/864-thonon-les-bains-magnifique-appartement-t3-en-centre-au-calme-a-saisir/,,,True,"9 Avenue de la Dent d’Oche, 74200 Thonon-les-Bains",67.0,4344.0,3.0,68.0,,3.0,1.47,,habitavel
apartamento,Thonon-les-Bains,,,"https://www.google.com/maps/search/?api=1&query=46.37006,6.490241",Christelle Vannier Immobilier,https://cvannier-immobilier.com/fr/propriete/vente+appartement+thonon-les-bains+appartement-de-type-3-a-thonon-les-bains+85757383,,,True,"9 Avenue de la Dent d’Oche, 74200 Thonon-les-Bains",67.0,4344.0,3.0,66.0,,3.0,1.49,,habitavel
apartamento,Thonon-les-Bains,,,"https://www.google.com/maps/search/?api=1&query=46.37006,6.490241",Laforêt Thonon-Évian,https://www.laforet.com/agence-immobiliere/thonon-evian/acheter/thonon-les-bains/appartement-3-pieces-52232515,,,True,"9 Avenue de la Dent d’Oche, 74200 Thonon-les-Bains",67.0,4344.0,3.0,68.0,,3.0,1.47,,habitavel
apartamento,Thonon-les-Bains,,,"https://www.google.com/maps/search/?api=1&query=46.37006,6.490241",Poirier Immobilier Thonon,https://www.poirier-immobilier.com/vente/6-thonon-les-bains/appartement/2467-bel-appartement-de-type-3-a-proximite-immediate-du-centre-ville,,,True,"9 Avenue de la Dent d’Oche, 74200 Thonon-les-Bains",67.0,4344.0,3.0,67.05,,3.0,0.07,,habitavel
apartamento,Évian-les-Bains,,,"https://www.google.com/maps/search/?api=1&query=46.400803,6.591007",Nestenn Évian,https://immobilier-evian-les-bains.nestenn.com/centre-d-evian-grand-t3-dans-residence-recente-avec-ascenseur-parking-disponible-ref-39259091,,,True,"5 Rue De La Source De Clermont, 74500 Évian-les-Bains",70.0,655.0,3.0,71.0,,3.0,1.41,,habitavel
apartamento,Évian-les-Bains,,,"https://www.google.com/maps/search/?api=1&query=46.398837,6.600518",Agence Barnoud Évian,https://www.barnoud-immobilier.fr/vente/74-haute-savoie/2-evian-les-bains/4-studio/9473-dernier-etage-vue-lac-studio-avec-beaucoup-de-charme/,,,,"3 Parc D Aunieres, 74500 Évian-les-Bains",45.0,2907.0,2.0,43.88,,,2.49,,habitavel
apartamento,Évian-les-Bains,,,"https://www.google.com/maps/search/?api=1&query=46.399416,6.60176",Agence Barnoud Évian,https://www.barnoud-immobilier.fr/vente/74-haute-savoie/2-evian-les-bains/2-appartement/t3/11190-proche-lac-et-centre-ville-pour-ce-t3/,,,,"25 Avenue D Abondance - Rd 24, 74500 Évian-les-Bains",67.0,2061.0,3.0,67.5,,,0.74,,habitavel
apartamento,Évian-les-Bains,,,"https://www.google.com/maps/search/?api=1&query=46.399416,6.60176",Cabinet Greneche,https://grenecheimmo.fr/fr/propriete/vente+appartement+evian-les-bains+appartement-t3-evian-les-bains-proche-embarcadere+87280471,,,,"25 Avenue D Abondance - Rd 24, 74500 Évian-les-Bains",67.0,2061.0,3.0,67.0,,,0.0,,habitavel
apartamento,Thonon-les-Bains,,,"https://www.google.com/maps/search/?api=1&query=46.35457,6.444731",Christelle Vannier Immobilier,https://cvannier-immobilier.com/fr/propriete/vente+appartement+thonon-les-bains+exclusivite-grand-t4-de-114m-garage-et-parking+86690288,,,True,"40 Route Impériale, 74200 Thonon-les-Bains",115.0,190.0,4.0,114.0,,4.0,0.87,,habitavel
apartamento,Thonon-les-Bains,,,"https://www.google.com/maps/search/?api=1&query=46.364238,6.459087",Laforêt Thonon-Évian,https://www.laforet.com/agence-immobiliere/thonon-evian/acheter/thonon-les-bains/appartement-4-pieces-21989784,,,True,"4 Rue des Gentianes, 74200 Thonon-les-Bains",87.0,1286.0,4.0,87.0,241.0,4.0,0.0,,habitavel
apartamento,Thonon-les-Bains,,,"https://www.google.com/maps/search/?api=1&query=46.364238,6.459087",Christelle Vannier Immobilier,https://cvannier-immobilier.com/fr/propriete/vente+appartement+thonon-les-bains+appartement-t4-en-attique-residence-neuve+86566650,,,True,"4 Rue des Gentianes, 74200 Thonon-les-Bains",87.0,1286.0,4.0,87.33,,4.0,0.38,,habitavel
apartamento,Thonon-les-Bains,,,"https://www.google.com/maps/search/?api=1&query=46.364238,6.459087",Christelle Vannier Immobilier,https://cvannier-immobilier.com/fr/propriete/vente+appartement+thonon-les-bains+appartement-t4-thonon-les-bains-concise+87257451,,,True,"4 Rue des Gentianes, 74200 Thonon-les-Bains",87.0,1286.0,4.0,85.92,,4.0,1.24,,habitavel
apartamento,Évian-les-Bains,,,"https://www.google.com/maps/search/?api=1&query=46.399886,6.604349",Poirier Immobilier Évian,https://www.poirier-immobilier.com/vente/5-evian-les-bains/appartement/2362-appartement-a-evian-les-bains-vue-lac,,,True,"8 Avenue D Aunieres, 74500 Évian-les-Bains",40.0,2123.0,3.0,41.0,,3.0,2.44,,habitavel
apartamento,Thonon-les-Bains,,,"https://www.google.com/maps/search/?api=1&query=46.384948,6.495805",Agence Barnoud Thonon,https://www.barnoud-immobilier.fr/vente/74-haute-savoie/1-thonon-les-bains/2-appartement/t4/10465-a-vendre-au-centre-ville-de-thonon-les-bains-grand-appartement-avec-balcon/,,,,"15 Chemin des Epinanches, 74200 Thonon-les-Bains",100.0,1229.0,5.0,100.65,,,0.65,,habitavel
apartamento,Thonon-les-Bains,,,"https://www.google.com/maps/search/?api=1&query=46.371401,6.486724",CENTURY 21 Chablais-Léman Thonon,https://www.century21-chablais-leman-thonon.com/trouver_logement/detail/16436700333/,,,True,"16 Rue du Commerce, 74200 Thonon-les-Bains",70.0,436.0,3.0,70.6,,3.0,0.85,,habitavel
apartamento,Thonon-les-Bains,,,"https://www.google.com/maps/search/?api=1&query=46.371401,6.486724",Agence Barnoud Thonon,https://www.barnoud-immobilier.fr/vente/74-haute-savoie/1-thonon-les-bains/2-appartement/t3/9917-a-thonon-les-bains-appartement-a-acheter-avec-2-chambres/,,,,"16 Rue du Commerce, 74200 Thonon-les-Bains",70.0,436.0,3.0,69.52,,,0.69,,habitavel
apartamento,Thonon-les-Bains,,,"https://www.google.com/maps/search/?api=1&query=46.371401,6.486724",Christelle Vannier Immobilier,https://cvannier-immobilier.com/fr/propriete/vente+appartement+thonon-les-bains+exclusivite-appartement-t3-avec-garage-+86909438,,,True,"16 Rue du Commerce, 74200 Thonon-les-Bains",70.0,436.0,3.0,68.98,,3.0,1.46,,habitavel
apartamento,Thonon-les-Bains,,,"https://www.google.com/maps/search/?api=1&query=46.363959,6.461195",Christelle Vannier Immobilier,https://cvannier-immobilier.com/fr/propriete/vente+appartement+thonon-les-bains+thonon-les-bains-t4-avec-loggia-et-vue-montagnes+86973545,,,True,"4 Rue des Musiciens, 74200 Thonon-les-Bains",93.0,3566.0,4.0,91.83,,4.0,1.26,,habitavel
apartamento,Thonon-les-Bains,,,"https://www.google.com/maps/search/?api=1&query=46.363959,6.461195",Laforêt Thonon-Évian,https://www.laforet.com/agence-immobiliere/thonon-evian/acheter/thonon-les-bains/appartement-4-pieces-52778750#section-video,,,True,"4 Rue des Musiciens, 74200 Thonon-les-Bains",93.0,3566.0,4.0,91.0,,4.0,2.15,,habitavel
apartamento,Thonon-les-Bains,,,"https://www.google.com/maps/search/?api=1&query=46.363959,6.461195",Laforêt Thonon-Évian,https://www.laforet.com/agence-immobiliere/thonon-evian/acheter/thonon-les-bains/appartement-4-pieces-52778750,,,True,"4 Rue des Musiciens, 74200 Thonon-les-Bains",93.0,3566.0,4.0,91.0,,4.0,2.15,,habitavel
apartamento,Thonon-les-Bains,,,"https://www.google.com/maps/search/?api=1&query=46.370892,6.489466",Christelle Vannier Immobilier,https://cvannier-immobilier.com/fr/propriete/vente+maison+thonon-les-bains+villa-jumelee-t5-secteur-corzent+87337095,,,True,"33 Rue du Commerce, 74200 Thonon-les-Bains",120.0,192.0,4.0,118.0,,4.0,1.67,,habitavel
apartamento,Thonon-les-Bains,,,"https://www.google.com/maps/search/?api=1&query=46.379537,6.48624",CENTURY 21 Chablais-Léman Thonon,https://www.century21-chablais-leman-thonon.com/trouver_logement/detail/16436700333/,,,True,"41 Avenue de Concise, 74200 Thonon-les-Bains",71.0,55.0,3.0,70.6,,3.0,0.56,,habitavel
apartamento,Thonon-les-Bains,,,"https://www.google.com/maps/search/?api=1&query=46.379537,6.48624",Agence Barnoud Thonon,https://www.barnoud-immobilier.fr/vente/74-haute-savoie/1-thonon-les-bains/2-appartement/t3/9917-a-thonon-les-bains-appartement-a-acheter-avec-2-chambres/,,,,"41 Avenue de Concise, 74200 Thonon-les-Bains",71.0,55.0,3.0,69.52,,,2.08,,habitavel
apartamento,Thonon-les-Bains,,,"https://www.google.com/maps/search/?api=1&query=46.379537,6.48624",Agence Barnoud Thonon,https://www.barnoud-immobilier.fr/vente/74-haute-savoie/1-thonon-les-bains/2-appartement/t4/9874-thonon-appartement-t4/,,,,"41 Avenue de Concise, 74200 Thonon-les-Bains",71.0,55.0,3.0,71.85,,,1.18,,habitavel
apartamento,Évian-les-Bains,,,"https://www.google.com/maps/search/?api=1&query=46.400393,6.590765",Leman Property Évian,https://www.leman-property.com/vente/appartement/evian-les-bains/appartement-t4-rez-de-jardin-evian-les-bains/,,,,"33 Rue Nationale, 74500 Évian-les-Bains",95.0,125.0,6.0,96.0,,,1.04,,habitavel
apartamento,Évian-les-Bains,,,"https://www.google.com/maps/search/?api=1&query=46.400393,6.590765",Cabinet Greneche,https://grenecheimmo.fr/fr/propriete/vente+appartement+evian-les-bains+t3-evian-centre-ville+86400014,,,,"33 Rue Nationale, 74500 Évian-les-Bains",95.0,125.0,6.0,95.0,,,0.0,,habitavel
apartamento,Thonon-les-Bains,,,"https://www.google.com/maps/search/?api=1&query=46.385042,6.495833",Agence Barnoud Thonon,https://www.barnoud-immobilier.fr/vente/74-haute-savoie/1-thonon-les-bains/2-appartement/t4/10465-a-vendre-au-centre-ville-de-thonon-les-bains-grand-appartement-avec-balcon/,,,,"14 Chemin des Epinanches, 74200 Thonon-les-Bains",100.0,828.0,5.0,100.65,,,0.65,,habitavel
apartamento,Thonon-les-Bains,,,"https://www.google.com/maps/search/?api=1&query=46.371096,6.479947",Agence Barnoud Thonon,https://www.barnoud-immobilier.fr/vente/74-haute-savoie/1-thonon-les-bains/2-appartement/t2/11354-appartement-de-type-2-a-vendre-a-thonon-les-bains/,,,,"7 Rue des Arts, 74200 Thonon-les-Bains",46.0,145.0,1.0,46.0,,,0.0,,habitavel
apartamento,Thonon-les-Bains,,,"https://www.google.com/maps/search/?api=1&query=46.35458,6.444534",Christelle Vannier Immobilier,https://cvannier-immobilier.com/fr/propriete/vente+appartement+thonon-les-bains+exclusivite-grand-t4-de-114m-garage-et-parking+86690288,,,True,"38 Route Impériale, 74200 Thonon-les-Bains",115.0,230.0,4.0,114.0,,4.0,0.87,,habitavel
apartamento,Évian-les-Bains,,,"https://www.google.com/maps/search/?api=1&query=46.400445,6.590791",Leman Property Évian,https://www.leman-property.com/vente/appartement/evian-les-bains/appartement-t4-rez-de-jardin-evian-les-bains/,,,,"46 Rue Nationale, 74500 Évian-les-Bains",95.0,86.0,6.0,96.0,,,1.04,,habitavel
apartamento,Évian-les-Bains,,,"https://www.google.com/maps/search/?api=1&query=46.400445,6.590791",Cabinet Greneche,https://grenecheimmo.fr/fr/propriete/vente+appartement+evian-les-bains+t3-evian-centre-ville+86400014,,,,"46 Rue Nationale, 74500 Évian-les-Bains",95.0,86.0,6.0,95.0,,,0.0,,habitavel
apartamento,Thonon-les-Bains,,,"https://www.google.com/maps/search/?api=1&query=46.370699,6.480431",Christelle Vannier Immobilier,https://cvannier-immobilier.com/fr/propriete/vente+maison+thonon-les-bains+villa-jumelee-t5-secteur-corzent+87337095,,,True,"2 Place des Arts, 74200 Thonon-les-Bains",117.0,359.0,4.0,118.0,,4.0,0.85,,habitavel
apartamento,Évian-les-Bains,,,"https://www.google.com/maps/search/?api=1&query=46.402742,6.614132",Nestenn Évian,https://immobilier-evian-les-bains.nestenn.com/superbe-t2-lumineux-avec-vue-lac-proche-centre-et-embarcadere-ref-39502529,,,True,"19 Avenue De Maraiche, 74500 Évian-les-Bains",50.0,97.0,2.0,51.0,,2.0,1.96,,habitavel
apartamento,Évian-les-Bains,,,"https://www.google.com/maps/search/?api=1&query=46.402742,6.614132",Nestenn Évian,https://immobilier-evian-les-bains.nestenn.com/programme-neuf-evian-les-bains-du-t2-au-t4-ref-39323960,,,True,"19 Avenue De Maraiche, 74500 Évian-les-Bains",50.0,97.0,2.0,50.0,,2.0,0.0,,habitavel
apartamento,Thonon-les-Bains,,,"https://www.google.com/maps/search/?api=1&query=46.37109,6.483262",Laforêt Thonon-Évian,https://www.laforet.com/agence-immobiliere/thonon-evian/acheter/thonon-les-bains/appartement-2-pieces-52232479,,,True,"2 Rue du Chablais, 74200 Thonon-les-Bains",47.0,623.0,2.0,48.0,,2.0,2.08,,habitavel
apartamento,Thonon-les-Bains,,,"https://www.google.com/maps/search/?api=1&query=46.37109,6.483262",Laforêt Thonon-Évian,https://www.laforet.com/agence-immobiliere/thonon-evian/acheter/thonon-les-bains/appartement-2-pieces-52196464,,,True,"2 Rue du Chablais, 74200 Thonon-les-Bains",47.0,623.0,2.0,48.0,,2.0,2.08,,habitavel
apartamento,Thonon-les-Bains,,,"https://www.google.com/maps/search/?api=1&query=46.37109,6.483262",Agence Barnoud Thonon,https://www.barnoud-immobilier.fr/vente/74-haute-savoie/1-thonon-les-bains/2-appartement/t2/10517-a-thonon-les-bains-grand-appartement-a-acheter-avec-balcon/,,,,"2 Rue du Chablais, 74200 Thonon-les-Bains",47.0,623.0,2.0,47.8,,,1.67,,habitavel
apartamento,Thonon-les-Bains,,,"https://www.google.com/maps/search/?api=1&query=46.37109,6.483262",Leman Property Thonon,https://www.leman-property.com/vente/appartement/thonon-les-bains/appartement-t2-thonon-les-bains/,,,,"2 Rue du Chablais, 74200 Thonon-les-Bains",47.0,623.0,2.0,48.0,,,2.08,,habitavel
apartamento,Thonon-les-Bains,,,"https://www.google.com/maps/search/?api=1&query=46.37109,6.483262",Agence Barnoud Thonon,https://www.barnoud-immobilier.fr/vente/74-haute-savoie/1-thonon-les-bains/2-appartement/t2/11354-appartement-de-type-2-a-vendre-a-thonon-les-bains/,,,,"2 Rue du Chablais, 74200 Thonon-les-Bains",47.0,623.0,2.0,46.0,,,2.13,,habitavel
apartamento,Thonon-les-Bains,,,"https://www.google.com/maps/search/?api=1&query=46.372026,6.47901",Agence Barnoud Thonon,https://www.barnoud-immobilier.fr/vente/74-haute-savoie/1-thonon-les-bains/2-appartement/t4/10465-a-vendre-au-centre-ville-de-thonon-les-bains-grand-appartement-avec-balcon/,,,,"3 Square Aristide Briand, 74200 Thonon-les-Bains",100.0,149.0,5.0,100.65,,,0.65,,habitavel
apartamento,Évian-les-Bains,,,"https://www.google.com/maps/search/?api=1&query=46.401064,6.594874",CENTURY 21 Chablais Léman Évian,https://www.century21-chablais-leman-evian.com/trouver_logement/detail/12331772638/,,,True,"4 Avenue Jean Leger, 74500 Évian-les-Bains",100.0,178.0,4.0,100.0,,4.0,0.0,,habitavel
apartamento,Thonon-les-Bains,,,"https://www.google.com/maps/search/?api=1&query=46.372332,6.479449",Agence Barnoud Thonon,https://www.barnoud-immobilier.fr/vente/74-haute-savoie/1-thonon-les-bains/2-appartement/t2/10682-rez-jardin-17-54m-au-calme-t2-52m/,,,,"2 Rue Chante Coq, 74200 Thonon-les-Bains",52.0,123.0,3.0,52.04,,,0.08,,habitavel
apartamento,Thonon-les-Bains,,,"https://www.google.com/maps/search/?api=1&query=46.372332,6.479449",Agence Barnoud Thonon,https://www.barnoud-immobilier.fr/vente/74-haute-savoie/1-thonon-les-bains/2-appartement/t2/11274-appartement-t2-51-15m/,,,,"2 Rue Chante Coq, 74200 Thonon-les-Bains",52.0,123.0,3.0,51.15,,,1.63,,habitavel
apartamento,Thonon-les-Bains,,,"https://www.google.com/maps/search/?api=1&query=46.370597,6.478928",Agence Barnoud Thonon,https://www.barnoud-immobilier.fr/vente/74-haute-savoie/1-thonon-les-bains/2-appartement/t2/10682-rez-jardin-17-54m-au-calme-t2-52m/,,,,"4 Grande Rue, 74200 Thonon-les-Bains",52.0,122.0,3.0,52.04,,,0.08,,habitavel
apartamento,Thonon-les-Bains,,,"https://www.google.com/maps/search/?api=1&query=46.370597,6.478928",Agence Barnoud Thonon,https://www.barnoud-immobilier.fr/vente/74-haute-savoie/1-thonon-les-bains/2-appartement/t2/11274-appartement-t2-51-15m/,,,,"4 Grande Rue, 74200 Thonon-les-Bains",52.0,122.0,3.0,51.15,,,1.63,,habitavel
apartamento,Thonon-les-Bains,,,"https://www.google.com/maps/search/?api=1&query=46.368058,6.478262",Nestenn Évian,https://immobilier-evian-les-bains.nestenn.com/a-vendre-a-thonon-les-bains-t2-renove-avec-deux-balcons-ref-39439459,,,True,"21 Rue de l’Hôtel Dieu, 74200 Thonon-les-Bains",51.0,2370.0,2.0,50.0,,2.0,1.96,,habitavel
apartamento,Thonon-les-Bains,,,"https://www.google.com/maps/search/?api=1&query=46.368058,6.478262",Leman Property Thonon,https://www.leman-property.com/vente/appartement/thonon-les-bains/appartement-t3-coup-de-coeur/,,,,"21 Rue de l’Hôtel Dieu, 74200 Thonon-les-Bains",51.0,2370.0,2.0,50.0,,,1.96,,habitavel
apartamento,Thonon-les-Bains,,,"https://www.google.com/maps/search/?api=1&query=46.368058,6.478262",Agence Barnoud Thonon,https://www.barnoud-immobilier.fr/vente/74-haute-savoie/1-thonon-les-bains/2-appartement/t2/10682-rez-jardin-17-54m-au-calme-t2-52m/,,,,"21 Rue de l’Hôtel Dieu, 74200 Thonon-les-Bains",51.0,2370.0,2.0,52.04,,,2.0,,habitavel
apartamento,Thonon-les-Bains,,,"https://www.google.com/maps/search/?api=1&query=46.368058,6.478262",Agence Barnoud Thonon,https://www.barnoud-immobilier.fr/vente/74-haute-savoie/1-thonon-les-bains/2-appartement/t2/11274-appartement-t2-51-15m/,,,,"21 Rue de l’Hôtel Dieu, 74200 Thonon-les-Bains",51.0,2370.0,2.0,51.15,,,0.29,,habitavel
apartamento,Thonon-les-Bains,,,"https://www.google.com/maps/search/?api=1&query=46.374216,6.481686",Laforêt Thonon-Évian,https://www.laforet.com/agence-immobiliere/thonon-evian/acheter/thonon-les-bains/appartement-2-pieces-22694427,,,True,"2 Avenue d’Evian, 74200 Thonon-les-Bains",58.0,46.0,2.0,59.0,,2.0,1.69,,habitavel
apartamento,Thonon-les-Bains,,,"https://www.google.com/maps/search/?api=1&query=46.367474,6.476627",Agence Barnoud Thonon,https://www.barnoud-immobilier.fr/vente/74-haute-savoie/1-thonon-les-bains/2-appartement/t2/10682-rez-jardin-17-54m-au-calme-t2-52m/,,,,"22 Avenue de la Versoie, 74200 Thonon-les-Bains",53.0,2450.0,3.0,52.04,,,1.81,,habitavel
apartamento,Évian-les-Bains,,,"https://www.google.com/maps/search/?api=1&query=46.394085,6.577916",Leman Property Évian,https://www.leman-property.com/vente/appartement/evian-les-bains/appartement-4-pieces-a-evian-les-bains-charme-et-confort-au-coeur-de-la-ville/,,,,"1 Route De Chez Ravasse, 74500 Évian-les-Bains",80.0,804.0,4.0,82.0,,,2.44,,habitavel
apartamento,Évian-les-Bains,,,"https://www.google.com/maps/search/?api=1&query=46.394085,6.577916",Leman Property Évian,https://www.leman-property.com/vente/appartement/evian-les-bains/maison-mitoyenne-80-m2/,,,,"1 Route De Chez Ravasse, 74500 Évian-les-Bains",80.0,804.0,4.0,81.0,,,1.23,,habitavel
apartamento,Thonon-les-Bains,,,"https://www.google.com/maps/search/?api=1&query=46.369536,6.476393",Laforêt Thonon-Évian,https://www.laforet.com/agence-immobiliere/thonon-evian/acheter/thonon-les-bains/appartement-2-pieces-22694427,,,True,"12 Avenue du Général de Gaulle, 74200 Thonon-les-Bains",58.0,981.0,2.0,59.0,,2.0,1.69,,habitavel
apartamento,Thonon-les-Bains,,,"https://www.google.com/maps/search/?api=1&query=46.367877,6.485544",Leman Property Thonon,https://www.leman-property.com/vente/appartement/thonon-les-bains/en-exclusivite-t2-rez-de-jardin-thonon-st-disdille/,,,,"11 Avenue de l’Ermitage, 74200 Thonon-les-Bains",44.0,20.0,3.0,44.0,,,0.0,,habitavel
apartamento,Thonon-les-Bains,,,"https://www.google.com/maps/search/?api=1&query=46.367877,6.485544",Poirier Immobilier Thonon,https://www.poirier-immobilier.com/vente/6-thonon-les-bains/appartement/2364-exclusivite-appartement-de-type-3-au-port-de-thonon,,,True,"11 Avenue de l’Ermitage, 74200 Thonon-les-Bains",44.0,20.0,3.0,44.98,,3.0,2.18,,habitavel
apartamento,Thonon-les-Bains,,,"https://www.google.com/maps/search/?api=1&query=46.353745,6.475686",Leman Property Thonon,https://www.leman-property.com/vente/appartement/thonon-les-bains/appartement-t3-coup-de-coeur/,,,,"3 Chemin des Fleysets, 74200 Thonon-les-Bains",50.0,725.0,3.0,50.0,,,0.0,,habitavel
apartamento,Thonon-les-Bains,,,"https://www.google.com/maps/search/?api=1&query=46.353745,6.475686",Agence Barnoud Thonon,https://www.barnoud-immobilier.fr/vente/74-haute-savoie/1-thonon-les-bains/2-appartement/t2/9852-appartement-a-vendre-dernier-etage-a-thonon-les-bains/,,,,"3 Chemin des Fleysets, 74200 Thonon-les-Bains",50.0,725.0,3.0,48.91,,,2.18,,habitavel
apartamento,Thonon-les-Bains,,,"https://www.google.com/maps/search/?api=1&query=46.353745,6.475686",Agence Barnoud Thonon,https://www.barnoud-immobilier.fr/vente/74-haute-savoie/1-thonon-les-bains/2-appartement/t2/11274-appartement-t2-51-15m/,,,,"3 Chemin des Fleysets, 74200 Thonon-les-Bains",50.0,725.0,3.0,51.15,,,2.25,,habitavel
apartamento,Évian-les-Bains,,,"https://www.google.com/maps/search/?api=1&query=46.401234,6.594565",CENTURY 21 Chablais Léman Évian,https://www.century21-chablais-leman-evian.com/trouver_logement/detail/12331772638/,,,True,"5 Place Du Port, 74500 Évian-les-Bains",100.0,408.0,4.0,100.0,,4.0,0.0,,habitavel
apartamento,Évian-les-Bains,,,"https://www.google.com/maps/search/?api=1&query=46.401261,6.59502",CENTURY 21 Chablais Léman Évian,https://www.century21-chablais-leman-evian.com/trouver_logement/detail/12331772638/,,,True,"13 Quai Baron De Blonay - Rd 1005, 74500 Évian-les-Bains",100.0,522.0,4.0,100.0,,4.0,0.0,,habitavel
apartamento,Évian-les-Bains,,,"https://www.google.com/maps/search/?api=1&query=46.400517,6.587425",Leman Property Évian,https://www.leman-property.com/vente/appartement/evian-les-bains/appartement-t4-rez-de-jardin-evian-les-bains/,,,,"4 Rue De La Monnaie, 74500 Évian-les-Bains",97.0,220.0,5.0,96.0,,,1.03,,habitavel
apartamento,Évian-les-Bains,,,"https://www.google.com/maps/search/?api=1&query=46.400517,6.587425",Cabinet Greneche,https://grenecheimmo.fr/fr/propriete/vente+appartement+evian-les-bains+t3-evian-centre-ville+86400014,,,,"4 Rue De La Monnaie, 74500 Évian-les-Bains",97.0,220.0,5.0,95.0,,,2.06,,habitavel
apartamento,Thonon-les-Bains,,,"https://www.google.com/maps/search/?api=1&query=46.379509,6.489603",A&P Immobilier,https://www.immobilierapi.com/vente/1-thonon-les-bains/appartement/t3/894-thonon-les-bains-nouvelle-exclusivite-t3-en-rez-de-jardin-a-decouvrir/,,,True,"13 Chemin des Guillettes, 74200 Thonon-les-Bains",63.0,4293.0,3.0,63.0,,3.0,0.0,,habitavel
apartamento,Thonon-les-Bains,,,"https://www.google.com/maps/search/?api=1&query=46.379509,6.489603",A&P Immobilier,https://www.immobilierapi.com/vente/1-thonon-les-bains/appartement/t3/806-t3-a-fort-potentiel-thonon-les-bains-parking-et-cave-thonon-ouest/,,,True,"13 Chemin des Guillettes, 74200 Thonon-les-Bains",63.0,4293.0,3.0,63.6,,3.0,0.94,,habitavel
apartamento,Thonon-les-Bains,,,"https://www.google.com/maps/search/?api=1&query=46.379509,6.489603",Christelle Vannier Immobilier,https://cvannier-immobilier.com/fr/propriete/vente+appartement+thonon-les-bains+appartement-t3-thonon-centre-ville+85078596,,,True,"13 Chemin des Guillettes, 74200 Thonon-les-Bains",63.0,4293.0,3.0,62.0,,3.0,1.59,,habitavel
apartamento,Thonon-les-Bains,,,"https://www.google.com/maps/search/?api=1&query=46.37299,6.493348",Agence Barnoud Thonon,https://www.barnoud-immobilier.fr/vente/74-haute-savoie/1-thonon-les-bains/2-appartement/t1/10775-studio-avec-terrasse-et-place-de-parking-a-acheter-a-thonon-les-bains/,,,,"2 Impasse du Clos Brûlé, 74200 Thonon-les-Bains",27.0,1310.0,1.0,27.39,,,1.42,,habitavel
apartamento,Évian-les-Bains,,,"https://www.google.com/maps/search/?api=1&query=46.400646,6.592583",CENTURY 21 Chablais Léman Évian,https://www.century21-chablais-leman-evian.com/trouver_logement/detail/16154726461/,,,True,"7 Rue De La Touviere, 74500 Évian-les-Bains",48.0,339.0,2.0,48.0,,2.0,0.0,,habitavel
apartamento,Évian-les-Bains,,,"https://www.google.com/maps/search/?api=1&query=46.400646,6.592583",Nestenn Évian,https://immobilier-evian-les-bains.nestenn.com/programme-neuf-evian-les-bains-du-t2-au-t4-ref-39323663,,,True,"7 Rue De La Touviere, 74500 Évian-les-Bains",48.0,339.0,2.0,48.0,,2.0,0.0,,habitavel
apartamento,Évian-les-Bains,,,"https://www.google.com/maps/search/?api=1&query=46.400646,6.592583",Nestenn Évian,https://immobilier-evian-les-bains.nestenn.com/programme-neuf-evian-les-bains-du-t2-au-t4-ref-39323957,,,True,"7 Rue De La Touviere, 74500 Évian-les-Bains",48.0,339.0,2.0,48.0,,2.0,0.0,,habitavel
apartamento,Évian-les-Bains,,,"https://www.google.com/maps/search/?api=1&query=46.400646,6.592583",Nestenn Évian,https://immobilier-evian-les-bains.nestenn.com/programme-neuf-evian-les-bains-du-t2-au-t4-ref-39323649,,,True,"7 Rue De La Touviere, 74500 Évian-les-Bains",48.0,339.0,2.0,48.0,,2.0,0.0,,habitavel
apartamento,Thonon-les-Bains,,,"https://www.google.com/maps/search/?api=1&query=46.367209,6.47009",Agence Barnoud Thonon,https://www.barnoud-immobilier.fr/vente/74-haute-savoie/1-thonon-les-bains/2-appartement/t2/10682-rez-jardin-17-54m-au-calme-t2-52m/,,,,"41 Avenue du Général de Gaulle, 74200 Thonon-les-Bains",53.0,623.0,3.0,52.04,,,1.81,,habitavel
apartamento,Thonon-les-Bains,,,"https://www.google.com/maps/search/?api=1&query=46.370778,6.482447",Poirier Immobilier Thonon,https://www.poirier-immobilier.com/vente/6-thonon-les-bains/appartement/2365-appartement-de-type-2-renove-avec-gout,,,True,"3 Boulevard Georges Andrier, 74200 Thonon-les-Bains",57.0,416.0,2.0,55.88,,2.0,1.96,,habitavel
apartamento,Thonon-les-Bains,,,"https://www.google.com/maps/search/?api=1&query=46.361857,6.456424",Cabinet Greneche,https://grenecheimmo.fr/fr/propriete/vente+appartement+thonon-les-bains+studio-avec-jardin-thonon-les-bains+86448556,,,,"10 Chemin des Mésanges, 74200 Thonon-les-Bains",31.0,462.0,2.0,30.91,,,0.29,,habitavel
apartamento,Évian-les-Bains,,,"https://www.google.com/maps/search/?api=1&query=46.400589,6.587056",Leman Property Évian,https://www.leman-property.com/vente/appartement/evian-les-bains/appartement-t4-rez-de-jardin-evian-les-bains/,,,,"3 Rue De La Monnaie, 74500 Évian-les-Bains",97.0,710.0,5.0,96.0,,,1.03,,habitavel
apartamento,Évian-les-Bains,,,"https://www.google.com/maps/search/?api=1&query=46.400589,6.587056",Cabinet Greneche,https://grenecheimmo.fr/fr/propriete/vente+appartement+evian-les-bains+t3-evian-centre-ville+86400014,,,,"3 Rue De La Monnaie, 74500 Évian-les-Bains",97.0,710.0,5.0,95.0,,,2.06,,habitavel
apartamento,Thonon-les-Bains,,,"https://www.google.com/maps/search/?api=1&query=46.370646,6.482033",Poirier Immobilier Thonon,https://www.poirier-immobilier.com/vente/6-thonon-les-bains/appartement/2365-appartement-de-type-2-renove-avec-gout,,,True,"4 Rue Jean Blanchard, 74200 Thonon-les-Bains",57.0,112.0,2.0,55.88,,2.0,1.96,,habitavel
apartamento,Thonon-les-Bains,,,"https://www.google.com/maps/search/?api=1&query=46.371391,6.478591",Nestenn Évian,https://immobilier-evian-les-bains.nestenn.com/a-vendre-a-thonon-les-bains-t2-renove-avec-deux-balcons-ref-39439459,,,True,"5 Rue Vallon, 74200 Thonon-les-Bains",50.0,141.0,2.0,50.0,,2.0,0.0,,habitavel
apartamento,Thonon-les-Bains,,,"https://www.google.com/maps/search/?api=1&query=46.371391,6.478591",Leman Property Thonon,https://www.leman-property.com/vente/appartement/thonon-les-bains/appartement-t3-coup-de-coeur/,,,,"5 Rue Vallon, 74200 Thonon-les-Bains",50.0,141.0,2.0,50.0,,,0.0,,habitavel
apartamento,Thonon-les-Bains,,,"https://www.google.com/maps/search/?api=1&query=46.371391,6.478591",Agence Barnoud Thonon,https://www.barnoud-immobilier.fr/vente/74-haute-savoie/1-thonon-les-bains/2-appartement/t2/9852-appartement-a-vendre-dernier-etage-a-thonon-les-bains/,,,,"5 Rue Vallon, 74200 Thonon-les-Bains",50.0,141.0,2.0,48.91,,,2.18,,habitavel
apartamento,Thonon-les-Bains,,,"https://www.google.com/maps/search/?api=1&query=46.371391,6.478591",Agence Barnoud Thonon,https://www.barnoud-immobilier.fr/vente/74-haute-savoie/1-thonon-les-bains/2-appartement/t2/11274-appartement-t2-51-15m/,,,,"5 Rue Vallon, 74200 Thonon-les-Bains",50.0,141.0,2.0,51.15,,,2.25,,habitavel
apartamento,Thonon-les-Bains,,,"https://www.google.com/maps/search/?api=1&query=46.359937,6.456987",Laforêt Thonon-Évian,https://www.laforet.com/agence-immobiliere/thonon-evian/acheter/thonon-les-bains/appartement-2-pieces-52534317,,,True,"3 Impasse de Létroz Sud, 74200 Thonon-les-Bains",41.0,590.0,2.0,40.0,,2.0,2.44,,habitavel
apartamento,Thonon-les-Bains,,,"https://www.google.com/maps/search/?api=1&query=46.359937,6.456987",Leman Property Thonon,https://www.leman-property.com/vente/appartement/thonon-les-bains/thonon-les-bains-t2-duplex-renove-vue-lac/,,,,"3 Impasse de Létroz Sud, 74200 Thonon-les-Bains",41.0,590.0,2.0,40.0,,,2.44,,habitavel
apartamento,Thonon-les-Bains,,,"https://www.google.com/maps/search/?api=1&query=46.359937,6.456987",Christelle Vannier Immobilier,https://cvannier-immobilier.com/fr/propriete/vente+appartement+thonon-les-bains+exclusivite-appartement-de-type-2-avec-cave+86737083,,,True,"3 Impasse de Létroz Sud, 74200 Thonon-les-Bains",41.0,590.0,2.0,40.0,,2.0,2.44,,habitavel
apartamento,Thonon-les-Bains,,,"https://www.google.com/maps/search/?api=1&query=46.359937,6.456987",Christelle Vannier Immobilier,https://cvannier-immobilier.com/fr/propriete/vente+appartement+thonon-les-bains+appartement-t2-thonon-les-bains+86380593,,,True,"3 Impasse de Létroz Sud, 74200 Thonon-les-Bains",41.0,590.0,2.0,40.25,,2.0,1.83,,habitavel
apartamento,Thonon-les-Bains,,,"https://www.google.com/maps/search/?api=1&query=46.383753,6.492594",Laforêt Thonon-Évian,https://www.laforet.com/agence-immobiliere/thonon-evian/acheter/thonon-les-bains/appartement-4-pieces-21567437,,,True,"21 Chemin de la Mulaz Bregand, 74200 Thonon-les-Bains",96.0,838.0,4.0,96.0,,4.0,0.0,,habitavel
apartamento,Thonon-les-Bains,,,"https://www.google.com/maps/search/?api=1&query=46.383753,6.492594",Laforêt Thonon-Évian,https://www.laforet.com/agence-immobiliere/thonon-evian/acheter/thonon-les-bains/appartement-4-pieces-52784559#section-video,,,True,"21 Chemin de la Mulaz Bregand, 74200 Thonon-les-Bains",96.0,838.0,4.0,96.0,,4.0,0.0,,habitavel
apartamento,Thonon-les-Bains,,,"https://www.google.com/maps/search/?api=1&query=46.383753,6.492594",Laforêt Thonon-Évian,https://www.laforet.com/agence-immobiliere/thonon-evian/acheter/thonon-les-bains/appartement-4-pieces-52784559,,,True,"21 Chemin de la Mulaz Bregand, 74200 Thonon-les-Bains",96.0,838.0,4.0,96.0,,4.0,0.0,,habitavel
apartamento,Thonon-les-Bains,,,"https://www.google.com/maps/search/?api=1&query=46.383753,6.492594",Laforêt Thonon-Évian,https://www.laforet.com/agence-immobiliere/thonon-evian/acheter/thonon-les-bains/appartement-4-pieces-21567437#section-video,,,True,"21 Chemin de la Mulaz Bregand, 74200 Thonon-les-Bains",96.0,838.0,4.0,96.0,,4.0,0.0,,habitavel
apartamento,Évian-les-Bains,,,"https://www.google.com/maps/search/?api=1&query=46.397643,6.582527",Nestenn Évian,https://immobilier-evian-les-bains.nestenn.com/avant-premiere-residence-alvea-a-evian-les-bains-ref-39323972,,,True,"44 Boulevard De La Detanche, 74500 Évian-les-Bains",90.0,423.0,4.0,89.0,,4.0,1.11,,habitavel
apartamento,Évian-les-Bains,,,"https://www.google.com/maps/search/?api=1&query=46.400358,6.592108",Agence Barnoud Évian,https://www.barnoud-immobilier.fr/vente/74-haute-savoie/2-evian-les-bains/4-studio/9473-dernier-etage-vue-lac-studio-avec-beaucoup-de-charme/,,,,"28 Rue Nationale, 74500 Évian-les-Bains",43.0,75.0,2.0,43.88,,,2.01,,habitavel
apartamento,Thonon-les-Bains,,,"https://www.google.com/maps/search/?api=1&query=46.361272,6.457078",Christelle Vannier Immobilier,https://cvannier-immobilier.com/fr/propriete/vente+appartement+thonon-les-bains+thonon-les-bains-t4-avec-loggia-et-vue-montagnes+86973545,,,True,"1 Chemin des Mésanges, 74200 Thonon-les-Bains",91.0,411.0,4.0,91.83,,4.0,0.9,,habitavel
apartamento,Thonon-les-Bains,,,"https://www.google.com/maps/search/?api=1&query=46.361272,6.457078",Laforêt Thonon-Évian,https://www.laforet.com/agence-immobiliere/thonon-evian/acheter/thonon-les-bains/appartement-4-pieces-52778750#section-video,,,True,"1 Chemin des Mésanges, 74200 Thonon-les-Bains",91.0,411.0,4.0,91.0,,4.0,0.0,,habitavel
apartamento,Thonon-les-Bains,,,"https://www.google.com/maps/search/?api=1&query=46.361272,6.457078",Laforêt Thonon-Évian,https://www.laforet.com/agence-immobiliere/thonon-evian/acheter/thonon-les-bains/appartement-4-pieces-52778750,,,True,"1 Chemin des Mésanges, 74200 Thonon-les-Bains",91.0,411.0,4.0,91.0,,4.0,0.0,,habitavel
apartamento,Évian-les-Bains,,,"https://www.google.com/maps/search/?api=1&query=46.400756,6.587817",Cabinet Greneche,https://grenecheimmo.fr/fr/propriete/vente+appartement+evian-les-bains+t3-evian-face-embarcadere+86708984,,,,"10 Rue De La Monnaie, 74500 Évian-les-Bains",75.0,103.0,2.0,76.28,,,1.68,,habitavel
apartamento,Évian-les-Bains,,,"https://www.google.com/maps/search/?api=1&query=46.400756,6.587817",Cabinet Greneche,https://grenecheimmo.fr/fr/propriete/vente+appartement+evian-les-bains+evian-les-bains-t2-en-souplex+87293704,,,,"10 Rue De La Monnaie, 74500 Évian-les-Bains",75.0,103.0,2.0,74.0,,,1.33,,habitavel
apartamento,Évian-les-Bains,,,"https://www.google.com/maps/search/?api=1&query=46.398539,6.585233",Nestenn Évian,https://immobilier-evian-les-bains.nestenn.com/avant-premiere-residence-alvea-a-evian-les-bains-ref-39323972,,,True,"9 Chemin Des Roses, 74500 Évian-les-Bains",88.0,497.0,4.0,89.0,,4.0,1.12,,habitavel
apartamento,Thonon-les-Bains,,,"https://www.google.com/maps/search/?api=1&query=46.371769,6.472286",Leman Property Thonon,https://www.leman-property.com/vente/appartement/thonon-les-bains/en-exclusivite-t2-rez-de-jardin-thonon-st-disdille/,,,,"17 Avenue de Corzent, 74200 Thonon-les-Bains",43.0,706.0,2.0,44.0,,,2.27,,habitavel
apartamento,Thonon-les-Bains,,,"https://www.google.com/maps/search/?api=1&query=46.371769,6.472286",Agence Lehmann,https://lehmann-immo.com/fr/propriete/vente+appartement+thonon-les-bains+appartement-moderne-t2-a-thonon-les-bains+87095867,,,,"17 Avenue de Corzent, 74200 Thonon-les-Bains",43.0,706.0,2.0,42.39,,,1.42,,habitavel
apartamento,Thonon-les-Bains,,,"https://www.google.com/maps/search/?api=1&query=46.371769,6.472286",Christelle Vannier Immobilier,https://cvannier-immobilier.com/fr/propriete/vente+appartement+thonon-les-bains+exclusivite-t2-centre-ville-thonon-les-bains+86925991,,,True,"17 Avenue de Corzent, 74200 Thonon-les-Bains",43.0,706.0,2.0,43.6,,2.0,1.38,,habitavel
apartamento,Thonon-les-Bains,,,"https://www.google.com/maps/search/?api=1&query=46.372063,6.47723",Laforêt Thonon-Évian,https://www.laforet.com/agence-immobiliere/thonon-evian/acheter/thonon-les-bains/appartement-2-pieces-52534317,,,True,"32 Rue Vallon, 74200 Thonon-les-Bains",39.0,148.0,2.0,40.0,,2.0,2.5,,habitavel
apartamento,Thonon-les-Bains,,,"https://www.google.com/maps/search/?api=1&query=46.372063,6.47723",Leman Property Thonon,https://www.leman-property.com/vente/appartement/thonon-les-bains/thonon-les-bains-t2-duplex-renove-vue-lac/,,,,"32 Rue Vallon, 74200 Thonon-les-Bains",39.0,148.0,2.0,40.0,,,2.5,,habitavel
apartamento,Thonon-les-Bains,,,"https://www.google.com/maps/search/?api=1&query=46.372063,6.47723",Christelle Vannier Immobilier,https://cvannier-immobilier.com/fr/propriete/vente+appartement+thonon-les-bains+exclusivite-appartement-de-type-2-avec-cave+86737083,,,True,"32 Rue Vallon, 74200 Thonon-les-Bains",39.0,148.0,2.0,40.0,,2.0,2.5,,habitavel
apartamento,Thonon-les-Bains,,,"https://www.google.com/maps/search/?api=1&query=46.366151,6.470657",Agence Lehmann,https://lehmann-immo.com/fr/propriete/vente+appartement+thonon-les-bains+appartement-moderne-t2-a-thonon-les-bains+87095867,,,,"7 Impasse du Forchat, 74200 Thonon-les-Bains",42.0,286.0,2.0,42.39,,,0.92,,habitavel
apartamento,Thonon-les-Bains,,,"https://www.google.com/maps/search/?api=1&query=46.372734,6.479739",Laforêt Thonon-Évian,https://www.laforet.com/agence-immobiliere/thonon-evian/acheter/thonon-les-bains/appartement-2-pieces-52196779,,,True,"1 Passage du Lutrin, 74200 Thonon-les-Bains",45.0,18.0,2.0,45.0,,2.0,0.0,,habitavel
apartamento,Thonon-les-Bains,,,"https://www.google.com/maps/search/?api=1&query=46.372734,6.479739",Leman Property Thonon,https://www.leman-property.com/vente/appartement/thonon-les-bains/en-exclusivite-t2-rez-de-jardin-thonon-st-disdille/,,,,"1 Passage du Lutrin, 74200 Thonon-les-Bains",45.0,18.0,2.0,44.0,,,2.22,,habitavel
apartamento,Thonon-les-Bains,,,"https://www.google.com/maps/search/?api=1&query=46.372734,6.479739",A&P Immobilier,https://www.immobilierapi.com/vente/1-thonon-les-bains/appartement/t2/853-thonon-les-bains-a-vendre-appartement-en-plateau-brut-a-amenager-parking-et-cave-thonon-ouest/,,,True,"1 Passage du Lutrin, 74200 Thonon-les-Bains",45.0,18.0,2.0,44.3,,2.0,1.56,,habitavel
apartamento,Thonon-les-Bains,,,"https://www.google.com/maps/search/?api=1&query=46.372734,6.479739",Poirier Immobilier Thonon,https://www.poirier-immobilier.com/vente/6-thonon-les-bains/appartement/2317-a-decouvrir-appartement-t2-avec-fort-potentiel-a-rafraichir-selon-vos-envies,,,True,"1 Passage du Lutrin, 74200 Thonon-les-Bains",45.0,18.0,2.0,44.78,,2.0,0.49,,habitavel
apartamento,Thonon-les-Bains,,,"https://www.google.com/maps/search/?api=1&query=46.372734,6.479739",Agence Barnoud Thonon,https://www.barnoud-immobilier.fr/vente/74-haute-savoie/1-thonon-les-bains/2-appartement/t2/11354-appartement-de-type-2-a-vendre-a-thonon-les-bains/,,,,"1 Passage du Lutrin, 74200 Thonon-les-Bains",45.0,18.0,2.0,46.0,,,2.17,,habitavel
apartamento,Thonon-les-Bains,,,"https://www.google.com/maps/search/?api=1&query=46.358382,6.458624",Laforêt Thonon-Évian,https://www.laforet.com/agence-immobiliere/thonon-evian/acheter/thonon-les-bains/appartement-2-pieces-52196779,,,True,"20 Chemin de Morcy, 74200 Thonon-les-Bains",44.0,9580.0,2.0,45.0,,2.0,2.22,,habitavel
apartamento,Thonon-les-Bains,,,"https://www.google.com/maps/search/?api=1&query=46.358382,6.458624",Leman Property Thonon,https://www.leman-property.com/vente/appartement/thonon-les-bains/en-exclusivite-t2-rez-de-jardin-thonon-st-disdille/,,,,"20 Chemin de Morcy, 74200 Thonon-les-Bains",44.0,9580.0,2.0,44.0,,,0.0,,habitavel
apartamento,Thonon-les-Bains,,,"https://www.google.com/maps/search/?api=1&query=46.358382,6.458624",A&P Immobilier,https://www.immobilierapi.com/vente/1-thonon-les-bains/appartement/t2/853-thonon-les-bains-a-vendre-appartement-en-plateau-brut-a-amenager-parking-et-cave-thonon-ouest/,,,True,"20 Chemin de Morcy, 74200 Thonon-les-Bains",44.0,9580.0,2.0,44.3,,2.0,0.68,,habitavel
apartamento,Thonon-les-Bains,,,"https://www.google.com/maps/search/?api=1&query=46.358382,6.458624",Christelle Vannier Immobilier,https://cvannier-immobilier.com/fr/propriete/vente+appartement+thonon-les-bains+exclusivite-t2-centre-ville-thonon-les-bains+86925991,,,True,"20 Chemin de Morcy, 74200 Thonon-les-Bains",44.0,9580.0,2.0,43.6,,2.0,0.91,,habitavel
apartamento,Thonon-les-Bains,,,"https://www.google.com/maps/search/?api=1&query=46.358382,6.458624",Poirier Immobilier Thonon,https://www.poirier-immobilier.com/vente/6-thonon-les-bains/appartement/2317-a-decouvrir-appartement-t2-avec-fort-potentiel-a-rafraichir-selon-vos-envies,,,True,"20 Chemin de Morcy, 74200 Thonon-les-Bains",44.0,9580.0,2.0,44.78,,2.0,1.74,,habitavel
apartamento,Thonon-les-Bains,,,"https://www.google.com/maps/search/?api=1&query=46.372572,6.47738",Laforêt Thonon-Évian,https://www.laforet.com/agence-immobiliere/thonon-evian/acheter/thonon-les-bains/appartement-1-piece-52558799,,,True,"5 Place Henri Bordeaux, 74200 Thonon-les-Bains",20.0,778.0,1.0,20.0,,1.0,0.0,,habitavel
apartamento,Thonon-les-Bains,,,"https://www.google.com/maps/search/?api=1&query=46.362118,6.447075",Laforêt Thonon-Évian,https://www.laforet.com/agence-immobiliere/thonon-evian/acheter/thonon-les-bains/appartement-4-pieces-21989784,,,True,"17 Chemin des Mûriers, 74200 Thonon-les-Bains",87.0,930.0,4.0,87.0,241.0,4.0,0.0,,habitavel
apartamento,Thonon-les-Bains,,,"https://www.google.com/maps/search/?api=1&query=46.362118,6.447075",Christelle Vannier Immobilier,https://cvannier-immobilier.com/fr/propriete/vente+appartement+thonon-les-bains+appartement-t4-en-attique-residence-neuve+86566650,,,True,"17 Chemin des Mûriers, 74200 Thonon-les-Bains",87.0,930.0,4.0,87.33,,4.0,0.38,,habitavel
apartamento,Thonon-les-Bains,,,"https://www.google.com/maps/search/?api=1&query=46.362118,6.447075",Christelle Vannier Immobilier,https://cvannier-immobilier.com/fr/propriete/vente+appartement+thonon-les-bains+appartement-t4-thonon-les-bains-concise+87257451,,,True,"17 Chemin des Mûriers, 74200 Thonon-les-Bains",87.0,930.0,4.0,85.92,,4.0,1.24,,habitavel
apartamento,Thonon-les-Bains,,,"https://www.google.com/maps/search/?api=1&query=46.370825,6.479008",Laforêt Thonon-Évian,https://www.laforet.com/agence-immobiliere/thonon-evian/acheter/thonon-les-bains/appartement-4-pieces-21989784,,,True,"12 Grande Rue, 74200 Thonon-les-Bains",88.0,183.0,4.0,87.0,241.0,4.0,1.14,,habitavel
apartamento,Thonon-les-Bains,,,"https://www.google.com/maps/search/?api=1&query=46.370825,6.479008",Christelle Vannier Immobilier,https://cvannier-immobilier.com/fr/propriete/vente+appartement+thonon-les-bains+appartement-t4-en-attique-residence-neuve+86566650,,,True,"12 Grande Rue, 74200 Thonon-les-Bains",88.0,183.0,4.0,87.33,,4.0,0.76,,habitavel
apartamento,Thonon-les-Bains,,,"https://www.google.com/maps/search/?api=1&query=46.370825,6.479008",Christelle Vannier Immobilier,https://cvannier-immobilier.com/fr/propriete/vente+appartement+thonon-les-bains+appartement-t4-thonon-les-bains-concise+87257451,,,True,"12 Grande Rue, 74200 Thonon-les-Bains",88.0,183.0,4.0,85.92,,4.0,2.36,,habitavel
apartamento,Thonon-les-Bains,,,"https://www.google.com/maps/search/?api=1&query=46.372936,6.478923",Agence Barnoud Thonon,https://www.barnoud-immobilier.fr/vente/74-haute-savoie/1-thonon-les-bains/2-appartement/t4/10465-a-vendre-au-centre-ville-de-thonon-les-bains-grand-appartement-avec-balcon/,,,,"56 Grande Rue, 74200 Thonon-les-Bains",100.0,47.0,3.0,100.65,,,0.65,,habitavel
apartamento,Thonon-les-Bains,,,"https://www.google.com/maps/search/?api=1&query=46.383816,6.492732",Laforêt Thonon-Évian,https://www.laforet.com/agence-immobiliere/thonon-evian/acheter/thonon-les-bains/appartement-4-pieces-21567437,,,True,"20 Chemin de la Mulaz Bregand, 74200 Thonon-les-Bains",96.0,303.0,4.0,96.0,,4.0,0.0,,habitavel
apartamento,Thonon-les-Bains,,,"https://www.google.com/maps/search/?api=1&query=46.383816,6.492732",Laforêt Thonon-Évian,https://www.laforet.com/agence-immobiliere/thonon-evian/acheter/thonon-les-bains/appartement-4-pieces-52784559#section-video,,,True,"20 Chemin de la Mulaz Bregand, 74200 Thonon-les-Bains",96.0,303.0,4.0,96.0,,4.0,0.0,,habitavel
apartamento,Thonon-les-Bains,,,"https://www.google.com/maps/search/?api=1&query=46.383816,6.492732",Laforêt Thonon-Évian,https://www.laforet.com/agence-immobiliere/thonon-evian/acheter/thonon-les-bains/appartement-4-pieces-52784559,,,True,"20 Chemin de la Mulaz Bregand, 74200 Thonon-les-Bains",96.0,303.0,4.0,96.0,,4.0,0.0,,habitavel
apartamento,Thonon-les-Bains,,,"https://www.google.com/maps/search/?api=1&query=46.383816,6.492732",Laforêt Thonon-Évian,https://www.laforet.com/agence-immobiliere/thonon-evian/acheter/thonon-les-bains/appartement-4-pieces-21567437#section-video,,,True,"20 Chemin de la Mulaz Bregand, 74200 Thonon-les-Bains",96.0,303.0,4.0,96.0,,4.0,0.0,,habitavel
apartamento,Thonon-les-Bains,,,"https://www.google.com/maps/search/?api=1&query=46.37058,6.479024",Laforêt Thonon-Évian,https://www.laforet.com/agence-immobiliere/thonon-evian/acheter/thonon-les-bains/appartement-4-pieces-21989784,,,True,"21 Grande Rue, 74200 Thonon-les-Bains",88.0,244.0,4.0,87.0,241.0,4.0,1.14,,habitavel
apartamento,Thonon-les-Bains,,,"https://www.google.com/maps/search/?api=1&query=46.37058,6.479024",Christelle Vannier Immobilier,https://cvannier-immobilier.com/fr/propriete/vente+appartement+thonon-les-bains+appartement-t4-en-attique-residence-neuve+86566650,,,True,"21 Grande Rue, 74200 Thonon-les-Bains",88.0,244.0,4.0,87.33,,4.0,0.76,,habitavel
apartamento,Thonon-les-Bains,,,"https://www.google.com/maps/search/?api=1&query=46.37058,6.479024",Christelle Vannier Immobilier,https://cvannier-immobilier.com/fr/propriete/vente+appartement+thonon-les-bains+appartement-t4-thonon-les-bains-concise+87257451,,,True,"21 Grande Rue, 74200 Thonon-les-Bains",88.0,244.0,4.0,85.92,,4.0,2.36,,habitavel
apartamento,Thonon-les-Bains,,,"https://www.google.com/maps/search/?api=1&query=46.356812,6.466367",Laforêt Thonon-Évian,https://www.laforet.com/agence-immobiliere/thonon-evian/acheter/thonon-les-bains/appartement-2-pieces-52196779,,,True,"9 Chemin du Genevray, 74200 Thonon-les-Bains",44.0,1135.0,2.0,45.0,,2.0,2.22,,habitavel
apartamento,Thonon-les-Bains,,,"https://www.google.com/maps/search/?api=1&query=46.356812,6.466367",Leman Property Thonon,https://www.leman-property.com/vente/appartement/thonon-les-bains/en-exclusivite-t2-rez-de-jardin-thonon-st-disdille/,,,,"9 Chemin du Genevray, 74200 Thonon-les-Bains",44.0,1135.0,2.0,44.0,,,0.0,,habitavel
apartamento,Thonon-les-Bains,,,"https://www.google.com/maps/search/?api=1&query=46.356812,6.466367",A&P Immobilier,https://www.immobilierapi.com/vente/1-thonon-les-bains/appartement/t2/853-thonon-les-bains-a-vendre-appartement-en-plateau-brut-a-amenager-parking-et-cave-thonon-ouest/,,,True,"9 Chemin du Genevray, 74200 Thonon-les-Bains",44.0,1135.0,2.0,44.3,,2.0,0.68,,habitavel
apartamento,Thonon-les-Bains,,,"https://www.google.com/maps/search/?api=1&query=46.356812,6.466367",Christelle Vannier Immobilier,https://cvannier-immobilier.com/fr/propriete/vente+appartement+thonon-les-bains+exclusivite-t2-centre-ville-thonon-les-bains+86925991,,,True,"9 Chemin du Genevray, 74200 Thonon-les-Bains",44.0,1135.0,2.0,43.6,,2.0,0.91,,habitavel
apartamento,Thonon-les-Bains,,,"https://www.google.com/maps/search/?api=1&query=46.356812,6.466367",Poirier Immobilier Thonon,https://www.poirier-immobilier.com/vente/6-thonon-les-bains/appartement/2317-a-decouvrir-appartement-t2-avec-fort-potentiel-a-rafraichir-selon-vos-envies,,,True,"9 Chemin du Genevray, 74200 Thonon-les-Bains",44.0,1135.0,2.0,44.78,,2.0,1.74,,habitavel
apartamento,Thonon-les-Bains,,,"https://www.google.com/maps/search/?api=1&query=46.361172,6.484881",Laforêt Thonon-Évian,https://www.laforet.com/agence-immobiliere/thonon-evian/acheter/thonon-les-bains/appartement-4-pieces-21567437,,,True,"16 Chemin de la Vionnaz, 74200 Thonon-les-Bains",94.0,595.0,4.0,96.0,,4.0,2.08,,habitavel
apartamento,Thonon-les-Bains,,,"https://www.google.com/maps/search/?api=1&query=46.361172,6.484881",Christelle Vannier Immobilier,https://cvannier-immobilier.com/fr/propriete/vente+appartement+thonon-les-bains+thonon-les-bains-t4-avec-loggia-et-vue-montagnes+86973545,,,True,"16 Chemin de la Vionnaz, 74200 Thonon-les-Bains",94.0,595.0,4.0,91.83,,4.0,2.31,,habitavel
apartamento,Thonon-les-Bains,,,"https://www.google.com/maps/search/?api=1&query=46.361172,6.484881",Laforêt Thonon-Évian,https://www.laforet.com/agence-immobiliere/thonon-evian/acheter/thonon-les-bains/appartement-4-pieces-52784559#section-video,,,True,"16 Chemin de la Vionnaz, 74200 Thonon-les-Bains",94.0,595.0,4.0,96.0,,4.0,2.08,,habitavel
apartamento,Thonon-les-Bains,,,"https://www.google.com/maps/search/?api=1&query=46.361172,6.484881",Laforêt Thonon-Évian,https://www.laforet.com/agence-immobiliere/thonon-evian/acheter/thonon-les-bains/appartement-4-pieces-52784559,,,True,"16 Chemin de la Vionnaz, 74200 Thonon-les-Bains",94.0,595.0,4.0,96.0,,4.0,2.08,,habitavel
apartamento,Thonon-les-Bains,,,"https://www.google.com/maps/search/?api=1&query=46.361172,6.484881",Laforêt Thonon-Évian,https://www.laforet.com/agence-immobiliere/thonon-evian/acheter/thonon-les-bains/appartement-4-pieces-21567437#section-video,,,True,"16 Chemin de la Vionnaz, 74200 Thonon-les-Bains",94.0,595.0,4.0,96.0,,4.0,2.08,,habitavel
apartamento,Thonon-les-Bains,,,"https://www.google.com/maps/search/?api=1&query=46.362381,6.446479",Laforêt Thonon-Évian,https://www.laforet.com/agence-immobiliere/thonon-evian/acheter/thonon-les-bains/appartement-4-pieces-21989784,,,True,"13 Chemin des Mûriers, 74200 Thonon-les-Bains",87.0,1070.0,4.0,87.0,241.0,4.0,0.0,,habitavel
apartamento,Thonon-les-Bains,,,"https://www.google.com/maps/search/?api=1&query=46.362381,6.446479",Christelle Vannier Immobilier,https://cvannier-immobilier.com/fr/propriete/vente+appartement+thonon-les-bains+appartement-t4-en-attique-residence-neuve+86566650,,,True,"13 Chemin des Mûriers, 74200 Thonon-les-Bains",87.0,1070.0,4.0,87.33,,4.0,0.38,,habitavel
apartamento,Thonon-les-Bains,,,"https://www.google.com/maps/search/?api=1&query=46.362381,6.446479",Christelle Vannier Immobilier,https://cvannier-immobilier.com/fr/propriete/vente+appartement+thonon-les-bains+appartement-t4-thonon-les-bains-concise+87257451,,,True,"13 Chemin des Mûriers, 74200 Thonon-les-Bains",87.0,1070.0,4.0,85.92,,4.0,1.24,,habitavel
apartamento,Évian-les-Bains,,,"https://www.google.com/maps/search/?api=1&query=46.397588,6.582735",Nestenn Évian,https://immobilier-evian-les-bains.nestenn.com/avant-premiere-residence-alvea-a-evian-les-bains-ref-39323972,,,True,"25 Chemin De La Detanche, 74500 Évian-les-Bains",90.0,533.0,4.0,89.0,,4.0,1.11,,habitavel
apartamento,Thonon-les-Bains,,,"https://www.google.com/maps/search/?api=1&query=46.372405,6.479773",Laforêt Thonon-Évian,https://www.laforet.com/agence-immobiliere/thonon-evian/acheter/thonon-les-bains/appartement-2-pieces-52196779,,,True,"8 Rue Chante Coq, 74200 Thonon-les-Bains",45.0,58.0,2.0,45.0,,2.0,0.0,,habitavel
apartamento,Thonon-les-Bains,,,"https://www.google.com/maps/search/?api=1&query=46.372405,6.479773",Leman Property Thonon,https://www.leman-property.com/vente/appartement/thonon-les-bains/en-exclusivite-t2-rez-de-jardin-thonon-st-disdille/,,,,"8 Rue Chante Coq, 74200 Thonon-les-Bains",45.0,58.0,2.0,44.0,,,2.22,,habitavel
apartamento,Thonon-les-Bains,,,"https://www.google.com/maps/search/?api=1&query=46.372405,6.479773",A&P Immobilier,https://www.immobilierapi.com/vente/1-thonon-les-bains/appartement/t2/853-thonon-les-bains-a-vendre-appartement-en-plateau-brut-a-amenager-parking-et-cave-thonon-ouest/,,,True,"8 Rue Chante Coq, 74200 Thonon-les-Bains",45.0,58.0,2.0,44.3,,2.0,1.56,,habitavel
apartamento,Thonon-les-Bains,,,"https://www.google.com/maps/search/?api=1&query=46.372405,6.479773",Poirier Immobilier Thonon,https://www.poirier-immobilier.com/vente/6-thonon-les-bains/appartement/2317-a-decouvrir-appartement-t2-avec-fort-potentiel-a-rafraichir-selon-vos-envies,,,True,"8 Rue Chante Coq, 74200 Thonon-les-Bains",45.0,58.0,2.0,44.78,,2.0,0.49,,habitavel
apartamento,Thonon-les-Bains,,,"https://www.google.com/maps/search/?api=1&query=46.372405,6.479773",Agence Barnoud Thonon,https://www.barnoud-immobilier.fr/vente/74-haute-savoie/1-thonon-les-bains/2-appartement/t2/11354-appartement-de-type-2-a-vendre-a-thonon-les-bains/,,,,"8 Rue Chante Coq, 74200 Thonon-les-Bains",45.0,58.0,2.0,46.0,,,2.17,,habitavel
apartamento,Thonon-les-Bains,,,"https://www.google.com/maps/search/?api=1&query=46.364194,6.485598",Laforêt Thonon-Évian,https://www.laforet.com/agence-immobiliere/thonon-evian/acheter/thonon-les-bains/appartement-2-pieces-52623760,,,True,"26 Chemin des Marmottés, 74200 Thonon-les-Bains",36.0,1280.0,2.0,36.0,,2.0,0.0,,habitavel
apartamento,Thonon-les-Bains,,,"https://www.google.com/maps/search/?api=1&query=46.366386,6.477429",Laforêt Thonon-Évian,https://www.laforet.com/agence-immobiliere/thonon-evian/acheter/thonon-les-bains/appartement-2-pieces-52196779,,,True,"2 Chemin du Martinet, 74200 Thonon-les-Bains",44.0,259.0,2.0,45.0,,2.0,2.22,,habitavel
apartamento,Thonon-les-Bains,,,"https://www.google.com/maps/search/?api=1&query=46.366386,6.477429",Leman Property Thonon,https://www.leman-property.com/vente/appartement/thonon-les-bains/en-exclusivite-t2-rez-de-jardin-thonon-st-disdille/,,,,"2 Chemin du Martinet, 74200 Thonon-les-Bains",44.0,259.0,2.0,44.0,,,0.0,,habitavel
apartamento,Thonon-les-Bains,,,"https://www.google.com/maps/search/?api=1&query=46.366386,6.477429",A&P Immobilier,https://www.immobilierapi.com/vente/1-thonon-les-bains/appartement/t2/853-thonon-les-bains-a-vendre-appartement-en-plateau-brut-a-amenager-parking-et-cave-thonon-ouest/,,,True,"2 Chemin du Martinet, 74200 Thonon-les-Bains",44.0,259.0,2.0,44.3,,2.0,0.68,,habitavel
apartamento,Thonon-les-Bains,,,"https://www.google.com/maps/search/?api=1&query=46.366386,6.477429",Christelle Vannier Immobilier,https://cvannier-immobilier.com/fr/propriete/vente+appartement+thonon-les-bains+exclusivite-t2-centre-ville-thonon-les-bains+86925991,,,True,"2 Chemin du Martinet, 74200 Thonon-les-Bains",44.0,259.0,2.0,43.6,,2.0,0.91,,habitavel
apartamento,Thonon-les-Bains,,,"https://www.google.com/maps/search/?api=1&query=46.366386,6.477429",Poirier Immobilier Thonon,https://www.poirier-immobilier.com/vente/6-thonon-les-bains/appartement/2317-a-decouvrir-appartement-t2-avec-fort-potentiel-a-rafraichir-selon-vos-envies,,,True,"2 Chemin du Martinet, 74200 Thonon-les-Bains",44.0,259.0,2.0,44.78,,2.0,1.74,,habitavel
apartamento,Évian-les-Bains,,,"https://www.google.com/maps/search/?api=1&query=46.397651,6.582634",Nestenn Évian,https://immobilier-evian-les-bains.nestenn.com/avant-premiere-residence-alvea-a-evian-les-bains-ref-39323972,,,True,"42 Boulevard De La Detanche, 74500 Évian-les-Bains",90.0,423.0,4.0,89.0,,4.0,1.11,,habitavel
apartamento,Évian-les-Bains,,,"https://www.google.com/maps/search/?api=1&query=46.402439,6.610804",Nestenn Évian,https://immobilier-evian-les-bains.nestenn.com/avant-premiere-residence-alvea-a-evian-les-bains-ref-39323972,,,True,"62 Avenue Des Grottes, 74500 Évian-les-Bains",91.0,256.0,4.0,89.0,,4.0,2.2,,habitavel
apartamento,Thonon-les-Bains,,,"https://www.google.com/maps/search/?api=1&query=46.360726,6.485055",Laforêt Thonon-Évian,https://www.laforet.com/agence-immobiliere/thonon-evian/acheter/thonon-les-bains/appartement-4-pieces-21567437,,,True,"18 Chemin de la Vionnaz, 74200 Thonon-les-Bains",94.0,4790.0,4.0,96.0,,4.0,2.08,,habitavel
apartamento,Thonon-les-Bains,,,"https://www.google.com/maps/search/?api=1&query=46.360726,6.485055",Christelle Vannier Immobilier,https://cvannier-immobilier.com/fr/propriete/vente+appartement+thonon-les-bains+thonon-les-bains-t4-avec-loggia-et-vue-montagnes+86973545,,,True,"18 Chemin de la Vionnaz, 74200 Thonon-les-Bains",94.0,4790.0,4.0,91.83,,4.0,2.31,,habitavel
apartamento,Thonon-les-Bains,,,"https://www.google.com/maps/search/?api=1&query=46.360726,6.485055",Laforêt Thonon-Évian,https://www.laforet.com/agence-immobiliere/thonon-evian/acheter/thonon-les-bains/appartement-4-pieces-52784559#section-video,,,True,"18 Chemin de la Vionnaz, 74200 Thonon-les-Bains",94.0,4790.0,4.0,96.0,,4.0,2.08,,habitavel
apartamento,Thonon-les-Bains,,,"https://www.google.com/maps/search/?api=1&query=46.360726,6.485055",Laforêt Thonon-Évian,https://www.laforet.com/agence-immobiliere/thonon-evian/acheter/thonon-les-bains/appartement-4-pieces-52784559,,,True,"18 Chemin de la Vionnaz, 74200 Thonon-les-Bains",94.0,4790.0,4.0,96.0,,4.0,2.08,,habitavel
apartamento,Thonon-les-Bains,,,"https://www.google.com/maps/search/?api=1&query=46.360726,6.485055",Laforêt Thonon-Évian,https://www.laforet.com/agence-immobiliere/thonon-evian/acheter/thonon-les-bains/appartement-4-pieces-21567437#section-video,,,True,"18 Chemin de la Vionnaz, 74200 Thonon-les-Bains",94.0,4790.0,4.0,96.0,,4.0,2.08,,habitavel
apartamento,Évian-les-Bains,,,"https://www.google.com/maps/search/?api=1&query=46.398016,6.585322",Nestenn Évian,https://immobilier-evian-les-bains.nestenn.com/avant-premiere-residence-alvea-a-evian-les-bains-ref-39323972,,,True,"22 Boulevard Du Bennevy, 74500 Évian-les-Bains",88.0,397.0,4.0,89.0,,4.0,1.12,,habitavel
apartamento,Thonon-les-Bains,,,"https://www.google.com/maps/search/?api=1&query=46.359803,6.457098",Laforêt Thonon-Évian,https://www.laforet.com/agence-immobiliere/thonon-evian/acheter/thonon-les-bains/appartement-2-pieces-52534317,,,True,"5 Impasse de Létroz Sud, 74200 Thonon-les-Bains",41.0,582.0,2.0,40.0,,2.0,2.44,,habitavel
apartamento,Thonon-les-Bains,,,"https://www.google.com/maps/search/?api=1&query=46.359803,6.457098",Leman Property Thonon,https://www.leman-property.com/vente/appartement/thonon-les-bains/thonon-les-bains-t2-duplex-renove-vue-lac/,,,,"5 Impasse de Létroz Sud, 74200 Thonon-les-Bains",41.0,582.0,2.0,40.0,,,2.44,,habitavel
apartamento,Thonon-les-Bains,,,"https://www.google.com/maps/search/?api=1&query=46.359803,6.457098",Christelle Vannier Immobilier,https://cvannier-immobilier.com/fr/propriete/vente+appartement+thonon-les-bains+exclusivite-appartement-de-type-2-avec-cave+86737083,,,True,"5 Impasse de Létroz Sud, 74200 Thonon-les-Bains",41.0,582.0,2.0,40.0,,2.0,2.44,,habitavel
apartamento,Thonon-les-Bains,,,"https://www.google.com/maps/search/?api=1&query=46.359803,6.457098",Christelle Vannier Immobilier,https://cvannier-immobilier.com/fr/propriete/vente+appartement+thonon-les-bains+appartement-t2-thonon-les-bains+86380593,,,True,"5 Impasse de Létroz Sud, 74200 Thonon-les-Bains",41.0,582.0,2.0,40.25,,2.0,1.83,,habitavel
apartamento,Évian-les-Bains,,,"https://www.google.com/maps/search/?api=1&query=46.402326,6.610228",Nestenn Évian,https://immobilier-evian-les-bains.nestenn.com/avant-premiere-residence-alvea-a-evian-les-bains-ref-39323972,,,True,"2 Avenue Des Mouettes, 74500 Évian-les-Bains",91.0,310.0,4.0,89.0,,4.0,2.2,,habitavel
apartamento,Thonon-les-Bains,,,"https://www.google.com/maps/search/?api=1&query=46.378802,6.498098",Agence Lehmann,https://lehmann-immo.com/fr/propriete/vente+appartement+thonon-les-bains+bel-appartement-4-pieces-avec-jardin-a-thonon-les-bains+87306178,,,True,"18 Chemin du Clos d’Armoy, 74200 Thonon-les-Bains",80.0,1090.0,4.0,82.0,,4.0,2.44,,habitavel
apartamento,Thonon-les-Bains,,,"https://www.google.com/maps/search/?api=1&query=46.378802,6.498098",Poirier Immobilier Thonon,https://www.poirier-immobilier.com/vente/6-thonon-les-bains/appartement/2240-thonon-les-bains-votre-ecrin-de-verdure-au-coeur-du-pillon,,,True,"18 Chemin du Clos d’Armoy, 74200 Thonon-les-Bains",80.0,1090.0,4.0,80.99,,4.0,1.22,,habitavel
apartamento,Thonon-les-Bains,,,"https://www.google.com/maps/search/?api=1&query=46.372354,6.479292",Agence Barnoud Thonon,https://www.barnoud-immobilier.fr/vente/74-haute-savoie/1-thonon-les-bains/2-appartement/t3/9917-a-thonon-les-bains-appartement-a-acheter-avec-2-chambres/,,,,"59 Grande Rue, 74200 Thonon-les-Bains",70.0,159.0,2.0,69.52,,,0.69,,habitavel
apartamento,Évian-les-Bains,,,"https://www.google.com/maps/search/?api=1&query=46.394113,6.578344",Leman Property Évian,https://www.leman-property.com/vente/appartement/evian-les-bains/appartement-4-pieces-a-evian-les-bains-charme-et-confort-au-coeur-de-la-ville/,,,,"3 Route De Chez Ravasse, 74500 Évian-les-Bains",80.0,291.0,4.0,82.0,,,2.44,,habitavel
apartamento,Évian-les-Bains,,,"https://www.google.com/maps/search/?api=1&query=46.394113,6.578344",Leman Property Évian,https://www.leman-property.com/vente/appartement/evian-les-bains/maison-mitoyenne-80-m2/,,,,"3 Route De Chez Ravasse, 74500 Évian-les-Bains",80.0,291.0,4.0,81.0,,,1.23,,habitavel
apartamento,Thonon-les-Bains,,,"https://www.google.com/maps/search/?api=1&query=46.378653,6.497613",Agence Lehmann,https://lehmann-immo.com/fr/propriete/vente+appartement+thonon-les-bains+bel-appartement-4-pieces-avec-jardin-a-thonon-les-bains+87306178,,,True,"20 Chemin du Clos d’Armoy, 74200 Thonon-les-Bains",80.0,950.0,4.0,82.0,,4.0,2.44,,habitavel
apartamento,Thonon-les-Bains,,,"https://www.google.com/maps/search/?api=1&query=46.378653,6.497613",Poirier Immobilier Thonon,https://www.poirier-immobilier.com/vente/6-thonon-les-bains/appartement/2240-thonon-les-bains-votre-ecrin-de-verdure-au-coeur-du-pillon,,,True,"20 Chemin du Clos d’Armoy, 74200 Thonon-les-Bains",80.0,950.0,4.0,80.99,,4.0,1.22,,habitavel
apartamento,Évian-les-Bains,,,"https://www.google.com/maps/search/?api=1&query=46.400364,6.591332",Leman Property Évian,https://www.leman-property.com/vente/appartement/evian-les-bains/appartement-4-pieces-avec-jardin-a-neuvecelle/,,,,"27 Rue Nationale, 74500 Évian-les-Bains",85.0,319.0,4.0,84.0,,,1.18,,habitavel
apartamento,Thonon-les-Bains,,,"https://www.google.com/maps/search/?api=1&query=46.371139,6.479557",Laforêt Thonon-Évian,https://www.laforet.com/agence-immobiliere/thonon-evian/acheter/thonon-les-bains/appartement-4-pieces-21989784,,,True,"2 Rue des Arts, 74200 Thonon-les-Bains",86.0,488.0,4.0,87.0,241.0,4.0,1.15,,habitavel
apartamento,Thonon-les-Bains,,,"https://www.google.com/maps/search/?api=1&query=46.371139,6.479557",Christelle Vannier Immobilier,https://cvannier-immobilier.com/fr/propriete/vente+appartement+thonon-les-bains+appartement-t4-en-attique-residence-neuve+86566650,,,True,"2 Rue des Arts, 74200 Thonon-les-Bains",86.0,488.0,4.0,87.33,,4.0,1.52,,habitavel
apartamento,Thonon-les-Bains,,,"https://www.google.com/maps/search/?api=1&query=46.371139,6.479557",Laforêt Thonon-Évian,https://www.laforet.com/agence-immobiliere/thonon-evian/acheter/thonon-les-bains/appartement-4-pieces-52648362,,,True,"2 Rue des Arts, 74200 Thonon-les-Bains",86.0,488.0,4.0,84.0,,4.0,2.33,,habitavel
apartamento,Thonon-les-Bains,,,"https://www.google.com/maps/search/?api=1&query=46.371139,6.479557",Christelle Vannier Immobilier,https://cvannier-immobilier.com/fr/propriete/vente+appartement+thonon-les-bains+appartement-t4-thonon-les-bains-concise+87257451,,,True,"2 Rue des Arts, 74200 Thonon-les-Bains",86.0,488.0,4.0,85.92,,4.0,0.09,,habitavel
apartamento,Évian-les-Bains,,,"https://www.google.com/maps/search/?api=1&query=46.401067,6.591286",Nestenn Évian,https://immobilier-evian-les-bains.nestenn.com/centre-d-evian-grand-t3-dans-residence-recente-avec-ascenseur-parking-disponible-ref-39259091,,,True,"2 Rue Du Port, 74500 Évian-les-Bains",70.0,3.0,3.0,71.0,,3.0,1.41,,habitavel
apartamento,Évian-les-Bains,,,"https://www.google.com/maps/search/?api=1&query=46.399507,6.595771",Leman Property Évian,https://www.leman-property.com/vente/appartement/evian-les-bains/appartement-4-pieces-a-evian-les-bains-charme-et-confort-au-coeur-de-la-ville/,,,,"58 Boulevard Jean Jaures, 74500 Évian-les-Bains",80.0,411.0,4.0,82.0,,,2.44,,habitavel
apartamento,Évian-les-Bains,,,"https://www.google.com/maps/search/?api=1&query=46.399507,6.595771",Leman Property Évian,https://www.leman-property.com/vente/appartement/evian-les-bains/maison-mitoyenne-80-m2/,,,,"58 Boulevard Jean Jaures, 74500 Évian-les-Bains",80.0,411.0,4.0,81.0,,,1.23,,habitavel
apartamento,Thonon-les-Bains,,,"https://www.google.com/maps/search/?api=1&query=46.370409,6.487557",Dupraz Immobilier Thonon,https://www.dupraz-immobilier.com/ville_bien/fiches/3-33-29_60896304/t3-de-76-m2-avec-terrasse-de-25-m2-garage-cave-et-stationnement.html,,,,"1 Chemin de la Ratte, 74200 Thonon-les-Bains",75.0,343.0,4.0,76.0,,,1.32,,habitavel
apartamento,Thonon-les-Bains,,,"https://www.google.com/maps/search/?api=1&query=46.376851,6.488705",Laforêt Thonon-Évian,https://www.laforet.com/agence-immobiliere/thonon-evian/acheter/thonon-les-bains/appartement-4-pieces-21989784,,,True,"7 Rue des Murs Blancs, 74200 Thonon-les-Bains",89.0,1000.0,4.0,87.0,241.0,4.0,2.25,,habitavel
apartamento,Thonon-les-Bains,,,"https://www.google.com/maps/search/?api=1&query=46.376851,6.488705",Christelle Vannier Immobilier,https://cvannier-immobilier.com/fr/propriete/vente+appartement+thonon-les-bains+appartement-t4-en-attique-residence-neuve+86566650,,,True,"7 Rue des Murs Blancs, 74200 Thonon-les-Bains",89.0,1000.0,4.0,87.33,,4.0,1.88,,habitavel
apartamento,Thonon-les-Bains,,,"https://www.google.com/maps/search/?api=1&query=46.376851,6.488705",Laforêt Thonon-Évian,https://www.laforet.com/agence-immobiliere/thonon-evian/acheter/thonon-les-bains/appartement-4-pieces-52778750#section-video,,,True,"7 Rue des Murs Blancs, 74200 Thonon-les-Bains",89.0,1000.0,4.0,91.0,,4.0,2.2,,habitavel
apartamento,Thonon-les-Bains,,,"https://www.google.com/maps/search/?api=1&query=46.376851,6.488705",Laforêt Thonon-Évian,https://www.laforet.com/agence-immobiliere/thonon-evian/acheter/thonon-les-bains/appartement-4-pieces-52778750,,,True,"7 Rue des Murs Blancs, 74200 Thonon-les-Bains",89.0,1000.0,4.0,91.0,,4.0,2.2,,habitavel
apartamento,Thonon-les-Bains,,,"https://www.google.com/maps/search/?api=1&query=46.370574,6.476616",Christelle Vannier Immobilier,https://cvannier-immobilier.com/fr/propriete/vente+appartement+thonon-les-bains+exclusivite-nouveaute+87032206,,,True,"11 Impasse du Bastion, 74200 Thonon-les-Bains",21.0,1324.0,1.0,21.0,,1.0,0.0,,habitavel
apartamento,Thonon-les-Bains,,,"https://www.google.com/maps/search/?api=1&query=46.364908,6.46528",Laforêt Thonon-Évian,https://www.laforet.com/agence-immobiliere/thonon-evian/acheter/thonon-les-bains/appartement-4-pieces-21989784,,,True,"79 Avenue du Général de Gaulle, 74200 Thonon-les-Bains",86.0,231.0,4.0,87.0,241.0,4.0,1.15,,habitavel
apartamento,Thonon-les-Bains,,,"https://www.google.com/maps/search/?api=1&query=46.364908,6.46528",Christelle Vannier Immobilier,https://cvannier-immobilier.com/fr/propriete/vente+appartement+thonon-les-bains+appartement-t4-en-attique-residence-neuve+86566650,,,True,"79 Avenue du Général de Gaulle, 74200 Thonon-les-Bains",86.0,231.0,4.0,87.33,,4.0,1.52,,habitavel
apartamento,Thonon-les-Bains,,,"https://www.google.com/maps/search/?api=1&query=46.364908,6.46528",Laforêt Thonon-Évian,https://www.laforet.com/agence-immobiliere/thonon-evian/acheter/thonon-les-bains/appartement-4-pieces-52648362,,,True,"79 Avenue du Général de Gaulle, 74200 Thonon-les-Bains",86.0,231.0,4.0,84.0,,4.0,2.33,,habitavel
apartamento,Thonon-les-Bains,,,"https://www.google.com/maps/search/?api=1&query=46.364908,6.46528",Christelle Vannier Immobilier,https://cvannier-immobilier.com/fr/propriete/vente+appartement+thonon-les-bains+appartement-t4-thonon-les-bains-concise+87257451,,,True,"79 Avenue du Général de Gaulle, 74200 Thonon-les-Bains",86.0,231.0,4.0,85.92,,4.0,0.09,,habitavel
apartamento,Thonon-les-Bains,,,"https://www.google.com/maps/search/?api=1&query=46.384993,6.496054",Laforêt Thonon-Évian,https://www.laforet.com/agence-immobiliere/thonon-evian/acheter/thonon-les-bains/appartement-4-pieces-21989784,,,True,"16 Chemin des Epinanches, 74200 Thonon-les-Bains",86.0,696.0,4.0,87.0,241.0,4.0,1.15,,habitavel
apartamento,Thonon-les-Bains,,,"https://www.google.com/maps/search/?api=1&query=46.384993,6.496054",Christelle Vannier Immobilier,https://cvannier-immobilier.com/fr/propriete/vente+appartement+thonon-les-bains+appartement-t4-en-attique-residence-neuve+86566650,,,True,"16 Chemin des Epinanches, 74200 Thonon-les-Bains",86.0,696.0,4.0,87.33,,4.0,1.52,,habitavel
apartamento,Thonon-les-Bains,,,"https://www.google.com/maps/search/?api=1&query=46.384993,6.496054",Laforêt Thonon-Évian,https://www.laforet.com/agence-immobiliere/thonon-evian/acheter/thonon-les-bains/appartement-4-pieces-52648362,,,True,"16 Chemin des Epinanches, 74200 Thonon-les-Bains",86.0,696.0,4.0,84.0,,4.0,2.33,,habitavel
apartamento,Thonon-les-Bains,,,"https://www.google.com/maps/search/?api=1&query=46.384993,6.496054",Christelle Vannier Immobilier,https://cvannier-immobilier.com/fr/propriete/vente+appartement+thonon-les-bains+appartement-t4-thonon-les-bains-concise+87257451,,,True,"16 Chemin des Epinanches, 74200 Thonon-les-Bains",86.0,696.0,4.0,85.92,,4.0,0.09,,habitavel
apartamento,Évian-les-Bains,,,"https://www.google.com/maps/search/?api=1&query=46.402375,6.608976",Cabinet Greneche,https://grenecheimmo.fr/fr/propriete/vente+appartement+evian-les-bains+t3-evian-face-embarcadere+86708984,,,,"43 Avenue De Grande - Rive - Rd 1005, 74500 Évian-les-Bains",76.0,513.0,4.0,76.28,,,0.37,,habitavel
apartamento,Thonon-les-Bains,,,"https://www.google.com/maps/search/?api=1&query=46.370521,6.476489",Christelle Vannier Immobilier,https://cvannier-immobilier.com/fr/propriete/vente+appartement+thonon-les-bains+exclusivite-nouveaute+87032206,,,True,"13 Impasse du Bastion, 74200 Thonon-les-Bains",21.0,307.0,1.0,21.0,,1.0,0.0,,habitavel
apartamento,Thonon-les-Bains,,,"https://www.google.com/maps/search/?api=1&query=46.365205,6.474119",CENTURY 21 Chablais-Léman Thonon,https://www.century21-chablais-leman-thonon.com/trouver_logement/detail/16436700333/,,,True,"34 Boulevard du Pré Cergues, 74200 Thonon-les-Bains",70.0,960.0,3.0,70.6,,3.0,0.85,,habitavel
apartamento,Thonon-les-Bains,,,"https://www.google.com/maps/search/?api=1&query=46.365205,6.474119",Agence Barnoud Thonon,https://www.barnoud-immobilier.fr/vente/74-haute-savoie/1-thonon-les-bains/2-appartement/t3/9917-a-thonon-les-bains-appartement-a-acheter-avec-2-chambres/,,,,"34 Boulevard du Pré Cergues, 74200 Thonon-les-Bains",70.0,960.0,3.0,69.52,,,0.69,,habitavel
apartamento,Thonon-les-Bains,,,"https://www.google.com/maps/search/?api=1&query=46.365205,6.474119",Christelle Vannier Immobilier,https://cvannier-immobilier.com/fr/propriete/vente+appartement+thonon-les-bains+exclusivite-appartement-t3-avec-garage-+86909438,,,True,"34 Boulevard du Pré Cergues, 74200 Thonon-les-Bains",70.0,960.0,3.0,68.98,,3.0,1.46,,habitavel
apartamento,Thonon-les-Bains,,,"https://www.google.com/maps/search/?api=1&query=46.370272,6.47908",Dupraz Immobilier Thonon,https://www.dupraz-immobilier.com/ville_bien/fiches/3-33-29_60896304/t3-de-76-m2-avec-terrasse-de-25-m2-garage-cave-et-stationnement.html,,,,"1 Avenue des Allobroges, 74200 Thonon-les-Bains",77.0,143.0,4.0,76.0,,,1.3,,habitavel
apartamento,Thonon-les-Bains,,,"https://www.google.com/maps/search/?api=1&query=46.374872,6.479084",Agence Barnoud Thonon,https://www.barnoud-immobilier.fr/vente/74-haute-savoie/1-thonon-les-bains/2-appartement/t1/10775-studio-avec-terrasse-et-place-de-parking-a-acheter-a-thonon-les-bains/,,,,"12 Rue des Pêcheurs, 74200 Thonon-les-Bains",27.0,41.0,1.0,27.39,,,1.42,,habitavel
apartamento,Thonon-les-Bains,,,"https://www.google.com/maps/search/?api=1&query=46.36957,6.488193",A&P Immobilier,https://www.immobilierapi.com/vente/1-thonon-les-bains/appartement/t3/894-thonon-les-bains-nouvelle-exclusivite-t3-en-rez-de-jardin-a-decouvrir/,,,True,"5 Chemin de Bellevue, 74200 Thonon-les-Bains",63.0,645.0,3.0,63.0,,3.0,0.0,,habitavel
apartamento,Thonon-les-Bains,,,"https://www.google.com/maps/search/?api=1&query=46.36957,6.488193",A&P Immobilier,https://www.immobilierapi.com/vente/1-thonon-les-bains/appartement/t3/806-t3-a-fort-potentiel-thonon-les-bains-parking-et-cave-thonon-ouest/,,,True,"5 Chemin de Bellevue, 74200 Thonon-les-Bains",63.0,645.0,3.0,63.6,,3.0,0.94,,habitavel
apartamento,Thonon-les-Bains,,,"https://www.google.com/maps/search/?api=1&query=46.36957,6.488193",Christelle Vannier Immobilier,https://cvannier-immobilier.com/fr/propriete/vente+appartement+thonon-les-bains+appartement-t3-thonon-centre-ville+85078596,,,True,"5 Chemin de Bellevue, 74200 Thonon-les-Bains",63.0,645.0,3.0,62.0,,3.0,1.59,,habitavel
apartamento,Évian-les-Bains,,,"https://www.google.com/maps/search/?api=1&query=46.40014,6.598654",Nestenn Évian,https://immobilier-evian-les-bains.nestenn.com/centre-d-evian-grand-t3-dans-residence-recente-avec-ascenseur-parking-disponible-ref-39259091,,,True,"2 Avenue Des Grottes, 74500 Évian-les-Bains",70.0,4366.0,3.0,71.0,,3.0,1.41,,habitavel
apartamento,Thonon-les-Bains,,,"https://www.google.com/maps/search/?api=1&query=46.371125,6.479669",Laforêt Thonon-Évian,https://www.laforet.com/agence-immobiliere/thonon-evian/acheter/thonon-les-bains/appartement-4-pieces-21989784,,,True,"3 Rue des Arts, 74200 Thonon-les-Bains",86.0,488.0,4.0,87.0,241.0,4.0,1.15,,habitavel
apartamento,Thonon-les-Bains,,,"https://www.google.com/maps/search/?api=1&query=46.371125,6.479669",Christelle Vannier Immobilier,https://cvannier-immobilier.com/fr/propriete/vente+appartement+thonon-les-bains+appartement-t4-en-attique-residence-neuve+86566650,,,True,"3 Rue des Arts, 74200 Thonon-les-Bains",86.0,488.0,4.0,87.33,,4.0,1.52,,habitavel
apartamento,Thonon-les-Bains,,,"https://www.google.com/maps/search/?api=1&query=46.371125,6.479669",Laforêt Thonon-Évian,https://www.laforet.com/agence-immobiliere/thonon-evian/acheter/thonon-les-bains/appartement-4-pieces-52648362,,,True,"3 Rue des Arts, 74200 Thonon-les-Bains",86.0,488.0,4.0,84.0,,4.0,2.33,,habitavel
apartamento,Thonon-les-Bains,,,"https://www.google.com/maps/search/?api=1&query=46.371125,6.479669",Christelle Vannier Immobilier,https://cvannier-immobilier.com/fr/propriete/vente+appartement+thonon-les-bains+appartement-t4-thonon-les-bains-concise+87257451,,,True,"3 Rue des Arts, 74200 Thonon-les-Bains",86.0,488.0,4.0,85.92,,4.0,0.09,,habitavel
apartamento,Évian-les-Bains,,,"https://www.google.com/maps/search/?api=1&query=46.399009,6.581852",Cabinet Greneche,https://grenecheimmo.fr/fr/propriete/vente+appartement+evian-les-bains+t3-evian-face-embarcadere+86708984,,,,"23 Avenue De La Gare, 74500 Évian-les-Bains",78.0,537.0,4.0,76.28,,,2.21,,habitavel
apartamento,Thonon-les-Bains,,,"https://www.google.com/maps/search/?api=1&query=46.356093,6.455042",Agence Lehmann,https://lehmann-immo.com/fr/propriete/vente+appartement+thonon-les-bains+bel-appartement-4-pieces-avec-jardin-a-thonon-les-bains+87306178,,,True,"79 Chemin de Morcy, 74200 Thonon-les-Bains",80.0,928.0,4.0,82.0,,4.0,2.44,,habitavel
apartamento,Thonon-les-Bains,,,"https://www.google.com/maps/search/?api=1&query=46.356093,6.455042",Poirier Immobilier Thonon,https://www.poirier-immobilier.com/vente/6-thonon-les-bains/appartement/2240-thonon-les-bains-votre-ecrin-de-verdure-au-coeur-du-pillon,,,True,"79 Chemin de Morcy, 74200 Thonon-les-Bains",80.0,928.0,4.0,80.99,,4.0,1.22,,habitavel
apartamento,Évian-les-Bains,,,"https://www.google.com/maps/search/?api=1&query=46.397049,6.58599",CENTURY 21 Chablais Léman Évian,https://www.century21-chablais-leman-evian.com/trouver_logement/detail/13879976541/,,,True,"2 Chemin De Chez Roch, 74500 Évian-les-Bains",74.0,803.0,4.0,74.0,,4.0,0.0,,habitavel
apartamento,Évian-les-Bains,,,"https://www.google.com/maps/search/?api=1&query=46.397049,6.58599",Cabinet Greneche,https://grenecheimmo.fr/fr/propriete/vente+appartement+evian-les-bains+evian-les-bains-t2-en-souplex+87293704,,,,"2 Chemin De Chez Roch, 74500 Évian-les-Bains",74.0,803.0,4.0,74.0,,,0.0,,habitavel
apartamento,Thonon-les-Bains,,,"https://www.google.com/maps/search/?api=1&query=46.371837,6.481229",Agence Lehmann,https://lehmann-immo.com/fr/propriete/vente+appartement+thonon-les-bains+bel-appartement-4-pieces-avec-jardin-a-thonon-les-bains+87306178,,,True,"11 Rue des Granges, 74200 Thonon-les-Bains",82.0,52.0,4.0,82.0,,4.0,0.0,,habitavel
apartamento,Thonon-les-Bains,,,"https://www.google.com/maps/search/?api=1&query=46.371837,6.481229",Christelle Vannier Immobilier,https://cvannier-immobilier.com/fr/propriete/vente+appartement+thonon-les-bains+exclusivite-nouveaute-t4-avec-jardin-garage-et-cave+87049047,,,True,"11 Rue des Granges, 74200 Thonon-les-Bains",82.0,52.0,4.0,83.8,,4.0,2.15,,habitavel
apartamento,Thonon-les-Bains,,,"https://www.google.com/maps/search/?api=1&query=46.371837,6.481229",Laforêt Thonon-Évian,https://www.laforet.com/agence-immobiliere/thonon-evian/acheter/thonon-les-bains/appartement-4-pieces-52648362,,,True,"11 Rue des Granges, 74200 Thonon-les-Bains",82.0,52.0,4.0,84.0,,4.0,2.38,,habitavel
apartamento,Thonon-les-Bains,,,"https://www.google.com/maps/search/?api=1&query=46.371837,6.481229",Poirier Immobilier Thonon,https://www.poirier-immobilier.com/vente/6-thonon-les-bains/appartement/2240-thonon-les-bains-votre-ecrin-de-verdure-au-coeur-du-pillon,,,True,"11 Rue des Granges, 74200 Thonon-les-Bains",82.0,52.0,4.0,80.99,,4.0,1.23,,habitavel
apartamento,Thonon-les-Bains,,,"https://www.google.com/maps/search/?api=1&query=46.371837,6.481229",Christelle Vannier Immobilier,https://cvannier-immobilier.com/fr/propriete/vente+appartement+thonon-les-bains+appartement-de-type-4-avec-2-places-de-parking-en-sous-sol+86648754,,,True,"11 Rue des Granges, 74200 Thonon-les-Bains",82.0,52.0,4.0,83.55,,4.0,1.86,,habitavel
apartamento,Évian-les-Bains,,,"https://www.google.com/maps/search/?api=1&query=46.400411,6.591359",Leman Property Évian,https://www.leman-property.com/vente/appartement/evian-les-bains/appartement-4-pieces-avec-jardin-a-neuvecelle/,,,,"40 Rue Nationale, 74500 Évian-les-Bains",85.0,47.0,4.0,84.0,,,1.18,,habitavel
apartamento,Thonon-les-Bains,,,"https://www.google.com/maps/search/?api=1&query=46.374907,6.479067",Agence Barnoud Thonon,https://www.barnoud-immobilier.fr/vente/74-haute-savoie/1-thonon-les-bains/2-appartement/t1/10775-studio-avec-terrasse-et-place-de-parking-a-acheter-a-thonon-les-bains/,,,,"10 Rue des Pêcheurs, 74200 Thonon-les-Bains",27.0,89.0,1.0,27.39,,,1.42,,habitavel
apartamento,Évian-les-Bains,,,"https://www.google.com/maps/search/?api=1&query=46.399553,6.596037",Leman Property Évian,https://www.leman-property.com/vente/appartement/evian-les-bains/appartement-4-pieces-a-evian-les-bains-charme-et-confort-au-coeur-de-la-ville/,,,,"60 Boulevard Jean Jaures, 74500 Évian-les-Bains",80.0,481.0,4.0,82.0,,,2.44,,habitavel
apartamento,Évian-les-Bains,,,"https://www.google.com/maps/search/?api=1&query=46.399553,6.596037",Leman Property Évian,https://www.leman-property.com/vente/appartement/evian-les-bains/maison-mitoyenne-80-m2/,,,,"60 Boulevard Jean Jaures, 74500 Évian-les-Bains",80.0,481.0,4.0,81.0,,,1.23,,habitavel
apartamento,Évian-les-Bains,,,"https://www.google.com/maps/search/?api=1&query=46.390764,6.58976",Agence Barnoud Évian,https://www.barnoud-immobilier.fr/vente/74-haute-savoie/2-evian-les-bains/2-appartement/t3/11190-proche-lac-et-centre-ville-pour-ce-t3/,,,,"3 Route De Saint Thomas, 74500 Évian-les-Bains",66.0,1529.0,3.0,67.5,,,2.22,,habitavel
apartamento,Évian-les-Bains,,,"https://www.google.com/maps/search/?api=1&query=46.390764,6.58976",Cabinet Greneche,https://grenecheimmo.fr/fr/propriete/vente+appartement+evian-les-bains+appartement-t3-evian-les-bains-proche-embarcadere+87280471,,,,"3 Route De Saint Thomas, 74500 Évian-les-Bains",66.0,1529.0,3.0,67.0,,,1.49,,habitavel
apartamento,Thonon-les-Bains,,,"https://www.google.com/maps/search/?api=1&query=46.370428,6.478991",Dupraz Immobilier Thonon,https://www.dupraz-immobilier.com/ville_bien/fiches/3-33-29_60896304/t3-de-76-m2-avec-terrasse-de-25-m2-garage-cave-et-stationnement.html,,,,"17 Grande Rue, 74200 Thonon-les-Bains",77.0,450.0,4.0,76.0,,,1.3,,habitavel
apartamento,Évian-les-Bains,,,"https://www.google.com/maps/search/?api=1&query=46.400752,6.591068",Nestenn Évian,https://immobilier-evian-les-bains.nestenn.com/centre-d-evian-grand-t3-dans-residence-recente-avec-ascenseur-parking-disponible-ref-39259091,,,True,"6 Rue De La Source De Clermont, 74500 Évian-les-Bains",70.0,212.0,3.0,71.0,,3.0,1.41,,habitavel
apartamento,Thonon-les-Bains,,,"https://www.google.com/maps/search/?api=1&query=46.374677,6.479202",Agence Barnoud Thonon,https://www.barnoud-immobilier.fr/vente/74-haute-savoie/1-thonon-les-bains/2-appartement/t1/10775-studio-avec-terrasse-et-place-de-parking-a-acheter-a-thonon-les-bains/,,,,"27 Rue des Pêcheurs, 74200 Thonon-les-Bains",27.0,37.0,1.0,27.39,,,1.42,,habitavel
apartamento,Évian-les-Bains,,,"https://www.google.com/maps/search/?api=1&query=46.400809,6.591115",Nestenn Évian,https://immobilier-evian-les-bains.nestenn.com/centre-d-evian-grand-t3-dans-residence-recente-avec-ascenseur-parking-disponible-ref-39259091,,,True,"8 Rue De La Source De Clermont, 74500 Évian-les-Bains",70.0,38.0,3.0,71.0,,3.0,1.41,,habitavel
apartamento,Thonon-les-Bains,,,"https://www.google.com/maps/search/?api=1&query=46.368128,6.469847",CENTURY 21 Chablais-Léman Thonon,https://www.century21-chablais-leman-thonon.com/trouver_logement/detail/16436700333/,,,True,"5 Chemin de Bachex, 74200 Thonon-les-Bains",69.0,890.0,3.0,70.6,,3.0,2.27,,habitavel
apartamento,Thonon-les-Bains,,,"https://www.google.com/maps/search/?api=1&query=46.368128,6.469847",Laforêt Thonon-Évian,https://www.laforet.com/agence-immobiliere/thonon-evian/acheter/thonon-les-bains/appartement-3-pieces-52196898,,,True,"5 Chemin de Bachex, 74200 Thonon-les-Bains",69.0,890.0,3.0,68.0,,3.0,1.45,,habitavel
apartamento,Thonon-les-Bains,,,"https://www.google.com/maps/search/?api=1&query=46.368128,6.469847",Laforêt Thonon-Évian,https://www.laforet.com/agence-immobiliere/thonon-evian/acheter/thonon-les-bains/appartement-3-pieces-52232506,,,True,"5 Chemin de Bachex, 74200 Thonon-les-Bains",69.0,890.0,3.0,68.0,,3.0,1.45,,habitavel
apartamento,Thonon-les-Bains,,,"https://www.google.com/maps/search/?api=1&query=46.368128,6.469847",CENTURY 21 Chablais-Léman Thonon,https://www.century21-chablais-leman-thonon.com/trouver_logement/detail/15273893649/,,,True,"5 Chemin de Bachex, 74200 Thonon-les-Bains",69.0,890.0,3.0,68.0,,3.0,1.45,,habitavel
apartamento,Thonon-les-Bains,,,"https://www.google.com/maps/search/?api=1&query=46.368128,6.469847",CENTURY 21 Chablais-Léman Thonon,https://www.century21-chablais-leman-thonon.com/trouver_logement/detail/15273884285/,,,True,"5 Chemin de Bachex, 74200 Thonon-les-Bains",69.0,890.0,3.0,68.0,,3.0,1.45,,habitavel
apartamento,Thonon-les-Bains,,,"https://www.google.com/maps/search/?api=1&query=46.368128,6.469847",Agence Barnoud Thonon,https://www.barnoud-immobilier.fr/vente/74-haute-savoie/1-thonon-les-bains/2-appartement/t3/9917-a-thonon-les-bains-appartement-a-acheter-avec-2-chambres/,,,,"5 Chemin de Bachex, 74200 Thonon-les-Bains",69.0,890.0,3.0,69.52,,,0.75,,habitavel
apartamento,Thonon-les-Bains,,,"https://www.google.com/maps/search/?api=1&query=46.368128,6.469847",CENTURY 21 Chablais-Léman Thonon,https://www.century21-chablais-leman-thonon.com/trouver_logement/detail/15273980963/,,,True,"5 Chemin de Bachex, 74200 Thonon-les-Bains",69.0,890.0,3.0,68.0,,3.0,1.45,,habitavel
apartamento,Thonon-les-Bains,,,"https://www.google.com/maps/search/?api=1&query=46.368128,6.469847",A&P Immobilier,https://www.immobilierapi.com/vente/1-thonon-les-bains/appartement/t3/864-thonon-les-bains-magnifique-appartement-t3-en-centre-au-calme-a-saisir/,,,True,"5 Chemin de Bachex, 74200 Thonon-les-Bains",69.0,890.0,3.0,68.0,,3.0,1.45,,habitavel
apartamento,Thonon-les-Bains,,,"https://www.google.com/maps/search/?api=1&query=46.368128,6.469847",Christelle Vannier Immobilier,https://cvannier-immobilier.com/fr/propriete/vente+appartement+thonon-les-bains+exclusivite-appartement-t3-avec-garage-+86909438,,,True,"5 Chemin de Bachex, 74200 Thonon-les-Bains",69.0,890.0,3.0,68.98,,3.0,0.03,,habitavel
apartamento,Thonon-les-Bains,,,"https://www.google.com/maps/search/?api=1&query=46.368128,6.469847",Laforêt Thonon-Évian,https://www.laforet.com/agence-immobiliere/thonon-evian/acheter/thonon-les-bains/appartement-3-pieces-52232515,,,True,"5 Chemin de Bachex, 74200 Thonon-les-Bains",69.0,890.0,3.0,68.0,,3.0,1.45,,habitavel
apartamento,Thonon-les-Bains,,,"https://www.google.com/maps/search/?api=1&query=46.374778,6.479077",Agence Barnoud Thonon,https://www.barnoud-immobilier.fr/vente/74-haute-savoie/1-thonon-les-bains/2-appartement/t1/10775-studio-avec-terrasse-et-place-de-parking-a-acheter-a-thonon-les-bains/,,,,"21 Rue des Pêcheurs, 74200 Thonon-les-Bains",27.0,56.0,1.0,27.39,,,1.42,,habitavel
apartamento,Thonon-les-Bains,,,"https://www.google.com/maps/search/?api=1&query=46.363224,6.447222",Poirier Immobilier Thonon,https://www.poirier-immobilier.com/vente/6-thonon-les-bains/appartement/2411-thonon-ouest-un-cadre-de-vie-recherche,,,True,"40 Rue du Lac, 74200 Thonon-les-Bains",31.0,1699.0,1.0,31.02,,1.0,0.06,,habitavel
apartamento,Thonon-les-Bains,,,"https://www.google.com/maps/search/?api=1&query=46.363224,6.447222",Cabinet Greneche,https://grenecheimmo.fr/fr/propriete/vente+appartement+thonon-les-bains+studio-avec-jardin-thonon-les-bains+86448556,,,,"40 Rue du Lac, 74200 Thonon-les-Bains",31.0,1699.0,1.0,30.91,,,0.29,,habitavel
apartamento,Évian-les-Bains,,,"https://www.google.com/maps/search/?api=1&query=46.402423,6.609197",Cabinet Greneche,https://grenecheimmo.fr/fr/propriete/vente+appartement+evian-les-bains+t3-evian-face-embarcadere+86708984,,,,"41 Avenue De Grande - Rive - Rd 1005, 74500 Évian-les-Bains",76.0,683.0,4.0,76.28,,,0.37,,habitavel
apartamento,Thonon-les-Bains,,,"https://www.google.com/maps/search/?api=1&query=46.363688,6.449154",Laforêt Thonon-Évian,https://www.laforet.com/agence-immobiliere/thonon-evian/acheter/thonon-les-bains/appartement-4-pieces-21989784,,,True,"90 Avenue de Corzent, 74200 Thonon-les-Bains",85.0,220.0,4.0,87.0,241.0,4.0,2.3,,habitavel
apartamento,Thonon-les-Bains,,,"https://www.google.com/maps/search/?api=1&query=46.363688,6.449154",Christelle Vannier Immobilier,https://cvannier-immobilier.com/fr/propriete/vente+appartement+thonon-les-bains+exclusivite-nouveaute-t4-avec-jardin-garage-et-cave+87049047,,,True,"90 Avenue de Corzent, 74200 Thonon-les-Bains",85.0,220.0,4.0,83.8,,4.0,1.41,,habitavel
apartamento,Thonon-les-Bains,,,"https://www.google.com/maps/search/?api=1&query=46.363688,6.449154",Laforêt Thonon-Évian,https://www.laforet.com/agence-immobiliere/thonon-evian/acheter/thonon-les-bains/appartement-4-pieces-52648362,,,True,"90 Avenue de Corzent, 74200 Thonon-les-Bains",85.0,220.0,4.0,84.0,,4.0,1.18,,habitavel
apartamento,Thonon-les-Bains,,,"https://www.google.com/maps/search/?api=1&query=46.363688,6.449154",Christelle Vannier Immobilier,https://cvannier-immobilier.com/fr/propriete/vente+appartement+thonon-les-bains+appartement-t4-thonon-les-bains-concise+87257451,,,True,"90 Avenue de Corzent, 74200 Thonon-les-Bains",85.0,220.0,4.0,85.92,,4.0,1.07,,habitavel
apartamento,Thonon-les-Bains,,,"https://www.google.com/maps/search/?api=1&query=46.363688,6.449154",Christelle Vannier Immobilier,https://cvannier-immobilier.com/fr/propriete/vente+appartement+thonon-les-bains+appartement-de-type-4-avec-2-places-de-parking-en-sous-sol+86648754,,,True,"90 Avenue de Corzent, 74200 Thonon-les-Bains",85.0,220.0,4.0,83.55,,4.0,1.71,,habitavel
apartamento,Évian-les-Bains,,,"https://www.google.com/maps/search/?api=1&query=46.400786,6.591635",Leman Property Évian,https://www.leman-property.com/vente/appartement/evian-les-bains/appartement-4-pieces-avec-jardin-a-neuvecelle/,,,,"10 Ruelle Du Nant D Enfer, 74500 Évian-les-Bains",85.0,30.0,4.0,84.0,,,1.18,,habitavel
apartamento,Thonon-les-Bains,,,"https://www.google.com/maps/search/?api=1&query=46.374745,6.479115",Agence Barnoud Thonon,https://www.barnoud-immobilier.fr/vente/74-haute-savoie/1-thonon-les-bains/2-appartement/t1/10775-studio-avec-terrasse-et-place-de-parking-a-acheter-a-thonon-les-bains/,,,,"23 Rue des Pêcheurs, 74200 Thonon-les-Bains",27.0,28.0,1.0,27.39,,,1.42,,habitavel
apartamento,Thonon-les-Bains,,,"https://www.google.com/maps/search/?api=1&query=46.374863,6.498988",Agence Lehmann,https://lehmann-immo.com/fr/propriete/vente+appartement+thonon-les-bains+bel-appartement-4-pieces-avec-jardin-a-thonon-les-bains+87306178,,,True,"78 Route de Tully, 74200 Thonon-les-Bains",83.0,905.0,4.0,82.0,,4.0,1.2,,habitavel
apartamento,Thonon-les-Bains,,,"https://www.google.com/maps/search/?api=1&query=46.374863,6.498988",Christelle Vannier Immobilier,https://cvannier-immobilier.com/fr/propriete/vente+appartement+thonon-les-bains+exclusivite-nouveaute-t4-avec-jardin-garage-et-cave+87049047,,,True,"78 Route de Tully, 74200 Thonon-les-Bains",83.0,905.0,4.0,83.8,,4.0,0.95,,habitavel
apartamento,Thonon-les-Bains,,,"https://www.google.com/maps/search/?api=1&query=46.374863,6.498988",Laforêt Thonon-Évian,https://www.laforet.com/agence-immobiliere/thonon-evian/acheter/thonon-les-bains/appartement-4-pieces-52648362,,,True,"78 Route de Tully, 74200 Thonon-les-Bains",83.0,905.0,4.0,84.0,,4.0,1.19,,habitavel
apartamento,Thonon-les-Bains,,,"https://www.google.com/maps/search/?api=1&query=46.374863,6.498988",Poirier Immobilier Thonon,https://www.poirier-immobilier.com/vente/6-thonon-les-bains/appartement/2240-thonon-les-bains-votre-ecrin-de-verdure-au-coeur-du-pillon,,,True,"78 Route de Tully, 74200 Thonon-les-Bains",83.0,905.0,4.0,80.99,,4.0,2.42,,habitavel
apartamento,Thonon-les-Bains,,,"https://www.google.com/maps/search/?api=1&query=46.374863,6.498988",Christelle Vannier Immobilier,https://cvannier-immobilier.com/fr/propriete/vente+appartement+thonon-les-bains+appartement-de-type-4-avec-2-places-de-parking-en-sous-sol+86648754,,,True,"78 Route de Tully, 74200 Thonon-les-Bains",83.0,905.0,4.0,83.55,,4.0,0.66,,habitavel
apartamento,Évian-les-Bains,,,"https://www.google.com/maps/search/?api=1&query=46.400329,6.605756",Leman Property Évian,https://www.leman-property.com/vente/appartement/evian-les-bains/appartement-4-pieces-a-evian-les-bains-charme-et-confort-au-coeur-de-la-ville/,,,,"40 Avenue Des Grottes, 74500 Évian-les-Bains",80.0,3777.0,4.0,82.0,,,2.44,,habitavel
apartamento,Évian-les-Bains,,,"https://www.google.com/maps/search/?api=1&query=46.400329,6.605756",Leman Property Évian,https://www.leman-property.com/vente/appartement/evian-les-bains/maison-mitoyenne-80-m2/,,,,"40 Avenue Des Grottes, 74500 Évian-les-Bains",80.0,3777.0,4.0,81.0,,,1.23,,habitavel
apartamento,Thonon-les-Bains,,,"https://www.google.com/maps/search/?api=1&query=46.371639,6.477938",Leman Property Thonon,https://www.leman-property.com/vente/appartement/thonon-les-bains/appartement-t2-avec-bon-rendement-locatif-plein-centre-ville/,,,,"20 Rue Vallon, 74200 Thonon-les-Bains",28.0,575.0,1.0,28.0,,,0.0,,habitavel
apartamento,Thonon-les-Bains,,,"https://www.google.com/maps/search/?api=1&query=46.371639,6.477938",Agence Barnoud Thonon,https://www.barnoud-immobilier.fr/vente/74-haute-savoie/1-thonon-les-bains/2-appartement/t1/10775-studio-avec-terrasse-et-place-de-parking-a-acheter-a-thonon-les-bains/,,,,"20 Rue Vallon, 74200 Thonon-les-Bains",28.0,575.0,1.0,27.39,,,2.18,,habitavel
apartamento,Thonon-les-Bains,,,"https://www.google.com/maps/search/?api=1&query=46.37529,6.498758",Agence Lehmann,https://lehmann-immo.com/fr/propriete/vente+appartement+thonon-les-bains+bel-appartement-4-pieces-avec-jardin-a-thonon-les-bains+87306178,,,True,"86 Route de Tully, 74200 Thonon-les-Bains",83.0,472.0,4.0,82.0,,4.0,1.2,,habitavel
apartamento,Thonon-les-Bains,,,"https://www.google.com/maps/search/?api=1&query=46.37529,6.498758",Christelle Vannier Immobilier,https://cvannier-immobilier.com/fr/propriete/vente+appartement+thonon-les-bains+exclusivite-nouveaute-t4-avec-jardin-garage-et-cave+87049047,,,True,"86 Route de Tully, 74200 Thonon-les-Bains",83.0,472.0,4.0,83.8,,4.0,0.95,,habitavel
apartamento,Thonon-les-Bains,,,"https://www.google.com/maps/search/?api=1&query=46.37529,6.498758",Laforêt Thonon-Évian,https://www.laforet.com/agence-immobiliere/thonon-evian/acheter/thonon-les-bains/appartement-4-pieces-52648362,,,True,"86 Route de Tully, 74200 Thonon-les-Bains",83.0,472.0,4.0,84.0,,4.0,1.19,,habitavel
apartamento,Thonon-les-Bains,,,"https://www.google.com/maps/search/?api=1&query=46.37529,6.498758",Poirier Immobilier Thonon,https://www.poirier-immobilier.com/vente/6-thonon-les-bains/appartement/2240-thonon-les-bains-votre-ecrin-de-verdure-au-coeur-du-pillon,,,True,"86 Route de Tully, 74200 Thonon-les-Bains",83.0,472.0,4.0,80.99,,4.0,2.42,,habitavel
apartamento,Thonon-les-Bains,,,"https://www.google.com/maps/search/?api=1&query=46.37529,6.498758",Christelle Vannier Immobilier,https://cvannier-immobilier.com/fr/propriete/vente+appartement+thonon-les-bains+appartement-de-type-4-avec-2-places-de-parking-en-sous-sol+86648754,,,True,"86 Route de Tully, 74200 Thonon-les-Bains",83.0,472.0,4.0,83.55,,4.0,0.66,,habitavel
apartamento,Évian-les-Bains,,,"https://www.google.com/maps/search/?api=1&query=46.400618,6.591573",Leman Property Évian,https://www.leman-property.com/vente/appartement/evian-les-bains/appartement-4-pieces-avec-jardin-a-neuvecelle/,,,,"1 Ruelle Du Nant D Enfer, 74500 Évian-les-Bains",85.0,98.0,4.0,84.0,,,1.18,,habitavel
apartamento,Thonon-les-Bains,,,"https://www.google.com/maps/search/?api=1&query=46.365291,6.473805",CENTURY 21 Chablais-Léman Thonon,https://www.century21-chablais-leman-thonon.com/trouver_logement/detail/16436700333/,,,True,"35 Boulevard du Pré Cergues, 74200 Thonon-les-Bains",70.0,1101.0,3.0,70.6,,3.0,0.85,,habitavel
apartamento,Thonon-les-Bains,,,"https://www.google.com/maps/search/?api=1&query=46.365291,6.473805",Agence Barnoud Thonon,https://www.barnoud-immobilier.fr/vente/74-haute-savoie/1-thonon-les-bains/2-appartement/t3/9917-a-thonon-les-bains-appartement-a-acheter-avec-2-chambres/,,,,"35 Boulevard du Pré Cergues, 74200 Thonon-les-Bains",70.0,1101.0,3.0,69.52,,,0.69,,habitavel
apartamento,Thonon-les-Bains,,,"https://www.google.com/maps/search/?api=1&query=46.365291,6.473805",Christelle Vannier Immobilier,https://cvannier-immobilier.com/fr/propriete/vente+appartement+thonon-les-bains+exclusivite-appartement-t3-avec-garage-+86909438,,,True,"35 Boulevard du Pré Cergues, 74200 Thonon-les-Bains",70.0,1101.0,3.0,68.98,,3.0,1.46,,habitavel
apartamento,Thonon-les-Bains,,,"https://www.google.com/maps/search/?api=1&query=46.374717,6.479162",Agence Barnoud Thonon,https://www.barnoud-immobilier.fr/vente/74-haute-savoie/1-thonon-les-bains/2-appartement/t1/10775-studio-avec-terrasse-et-place-de-parking-a-acheter-a-thonon-les-bains/,,,,"25 Rue des Pêcheurs, 74200 Thonon-les-Bains",27.0,50.0,1.0,27.39,,,1.42,,habitavel
apartamento,Thonon-les-Bains,,,"https://www.google.com/maps/search/?api=1&query=46.364686,6.478813",Dupraz Immobilier Thonon,https://www.dupraz-immobilier.com/ville_bien/fiches/3-33-29_60896304/t3-de-76-m2-avec-terrasse-de-25-m2-garage-cave-et-stationnement.html,,,,"16 Avenue des Allinges, 74200 Thonon-les-Bains",77.0,4470.0,4.0,76.0,,,1.3,,habitavel
apartamento,Thonon-les-Bains,,,"https://www.google.com/maps/search/?api=1&query=46.371182,6.479687",Laforêt Thonon-Évian,https://www.laforet.com/agence-immobiliere/thonon-evian/acheter/thonon-les-bains/appartement-4-pieces-21989784,,,True,"8 Rue des Arts, 74200 Thonon-les-Bains",86.0,233.0,4.0,87.0,241.0,4.0,1.15,,habitavel
apartamento,Thonon-les-Bains,,,"https://www.google.com/maps/search/?api=1&query=46.371182,6.479687",Christelle Vannier Immobilier,https://cvannier-immobilier.com/fr/propriete/vente+appartement+thonon-les-bains+appartement-t4-en-attique-residence-neuve+86566650,,,True,"8 Rue des Arts, 74200 Thonon-les-Bains",86.0,233.0,4.0,87.33,,4.0,1.52,,habitavel
apartamento,Thonon-les-Bains,,,"https://www.google.com/maps/search/?api=1&query=46.371182,6.479687",Laforêt Thonon-Évian,https://www.laforet.com/agence-immobiliere/thonon-evian/acheter/thonon-les-bains/appartement-4-pieces-52648362,,,True,"8 Rue des Arts, 74200 Thonon-les-Bains",86.0,233.0,4.0,84.0,,4.0,2.33,,habitavel
apartamento,Thonon-les-Bains,,,"https://www.google.com/maps/search/?api=1&query=46.371182,6.479687",Christelle Vannier Immobilier,https://cvannier-immobilier.com/fr/propriete/vente+appartement+thonon-les-bains+appartement-t4-thonon-les-bains-concise+87257451,,,True,"8 Rue des Arts, 74200 Thonon-les-Bains",86.0,233.0,4.0,85.92,,4.0,0.09,,habitavel
apartamento,Thonon-les-Bains,,,"https://www.google.com/maps/search/?api=1&query=46.370212,6.478971",Dupraz Immobilier Thonon,https://www.dupraz-immobilier.com/ville_bien/fiches/3-33-29_60896304/t3-de-76-m2-avec-terrasse-de-25-m2-garage-cave-et-stationnement.html,,,,"2 Place Jules Mercier, 74200 Thonon-les-Bains",77.0,143.0,4.0,76.0,,,1.3,,habitavel
apartamento,Thonon-les-Bains,,,"https://www.google.com/maps/search/?api=1&query=46.371555,6.479335",Dupraz Immobilier Thonon,https://www.dupraz-immobilier.com/ville_bien/fiches/3-33-29_60896304/t3-de-76-m2-avec-terrasse-de-25-m2-garage-cave-et-stationnement.html,,,,"39 Grande Rue, 74200 Thonon-les-Bains",75.0,346.0,2.0,76.0,,,1.32,,habitavel
apartamento,Thonon-les-Bains,,,"https://www.google.com/maps/search/?api=1&query=46.365425,6.474",CENTURY 21 Chablais-Léman Thonon,https://www.century21-chablais-leman-thonon.com/trouver_logement/detail/16350251916/,,,True,"33 Boulevard du Pré Cergues, 74200 Thonon-les-Bains",60.0,1101.0,3.0,60.0,,3.0,0.0,,habitavel
apartamento,Thonon-les-Bains,,,"https://www.google.com/maps/search/?api=1&query=46.365425,6.474",Agence Lehmann,https://lehmann-immo.com/fr/propriete/vente+appartement+thonon-les-bains+87286557,,,,"33 Boulevard du Pré Cergues, 74200 Thonon-les-Bains",60.0,1101.0,3.0,61.22,,,1.99,,habitavel
apartamento,Évian-les-Bains,,,"https://www.google.com/maps/search/?api=1&query=46.399262,6.585082",Agence Barnoud Évian,https://www.barnoud-immobilier.fr/vente/74-haute-savoie/2-evian-les-bains/2-appartement/t3/11190-proche-lac-et-centre-ville-pour-ce-t3/,,,,"19 Boulevard Jean Jaures, 74500 Évian-les-Bains",67.0,522.0,4.0,67.5,,,0.74,,habitavel
apartamento,Évian-les-Bains,,,"https://www.google.com/maps/search/?api=1&query=46.399262,6.585082",Cabinet Greneche,https://grenecheimmo.fr/fr/propriete/vente+appartement+evian-les-bains+appartement-t3-evian-les-bains-proche-embarcadere+87280471,,,,"19 Boulevard Jean Jaures, 74500 Évian-les-Bains",67.0,522.0,4.0,67.0,,,0.0,,habitavel
apartamento,Thonon-les-Bains,,,"https://www.google.com/maps/search/?api=1&query=46.369134,6.475172",Laforêt Thonon-Évian,https://www.laforet.com/agence-immobiliere/thonon-evian/acheter/thonon-les-bains/appartement-3-pieces-52439660,,,True,"1 Avenue de la Versoie, 74200 Thonon-les-Bains",47.0,991.0,3.0,46.0,,3.0,2.13,,habitavel
apartamento,Thonon-les-Bains,,,"https://www.google.com/maps/search/?api=1&query=46.369134,6.475172",Agence Barnoud Thonon,https://www.barnoud-immobilier.fr/vente/74-haute-savoie/1-thonon-les-bains/2-appartement/t2/10517-a-thonon-les-bains-grand-appartement-a-acheter-avec-balcon/,,,,"1 Avenue de la Versoie, 74200 Thonon-les-Bains",47.0,991.0,3.0,47.8,,,1.67,,habitavel
apartamento,Thonon-les-Bains,,,"https://www.google.com/maps/search/?api=1&query=46.369134,6.475172",Leman Property Thonon,https://www.leman-property.com/vente/appartement/thonon-les-bains/appartement-t2-thonon-les-bains/,,,,"1 Avenue de la Versoie, 74200 Thonon-les-Bains",47.0,991.0,3.0,48.0,,,2.08,,habitavel
apartamento,Thonon-les-Bains,,,"https://www.google.com/maps/search/?api=1&query=46.369134,6.475172",Agence Barnoud Thonon,https://www.barnoud-immobilier.fr/vente/74-haute-savoie/1-thonon-les-bains/2-appartement/t2/11354-appartement-de-type-2-a-vendre-a-thonon-les-bains/,,,,"1 Avenue de la Versoie, 74200 Thonon-les-Bains",47.0,991.0,3.0,46.0,,,2.13,,habitavel
apartamento,Thonon-les-Bains,,,"https://www.google.com/maps/search/?api=1&query=46.36715,6.469971",Agence Barnoud Thonon,https://www.barnoud-immobilier.fr/vente/74-haute-savoie/1-thonon-les-bains/2-appartement/t2/10682-rez-jardin-17-54m-au-calme-t2-52m/,,,,"43 Avenue du Général de Gaulle, 74200 Thonon-les-Bains",53.0,729.0,3.0,52.04,,,1.81,,habitavel
apartamento,Évian-les-Bains,,,"https://www.google.com/maps/search/?api=1&query=46.399834,6.598063",Leman Property Évian,https://www.leman-property.com/vente/appartement/evian-les-bains/appartement-4-pieces-avec-jardin-a-neuvecelle/,,,,"11 Avenue D Abondance - Rd 24, 74500 Évian-les-Bains",85.0,456.0,3.0,84.0,,,1.18,,habitavel
apartamento,Thonon-les-Bains,,,"https://www.google.com/maps/search/?api=1&query=46.371005,6.476027",CENTURY 21 Chablais-Léman Thonon,https://www.century21-chablais-leman-thonon.com/trouver_logement/detail/16350251916/,,,True,"11 Avenue des Tilleuls, 74200 Thonon-les-Bains",59.0,539.0,3.0,60.0,,3.0,1.67,,habitavel
apartamento,Thonon-les-Bains,,,"https://www.google.com/maps/search/?api=1&query=46.371005,6.476027",CENTURY 21 Chablais-Léman Thonon,https://www.century21-chablais-leman-thonon.com/trouver_logement/detail/15698583939/,,,True,"11 Avenue des Tilleuls, 74200 Thonon-les-Bains",59.0,539.0,3.0,58.39,,3.0,1.03,,habitavel
apartamento,Évian-les-Bains,,,"https://www.google.com/maps/search/?api=1&query=46.400604,6.594994",Nestenn Évian,https://immobilier-evian-les-bains.nestenn.com/a-vendre-a-evian-les-bains-t3-recent-2023-avec-grand-jardin-garage-ref-39584236,,,True,"1 Place De La Liberation, 74500 Évian-les-Bains",78.0,10207.0,3.0,77.0,,3.0,1.28,,habitavel
apartamento,Évian-les-Bains,,,"https://www.google.com/maps/search/?api=1&query=46.400604,6.594994",Cabinet Greneche,https://grenecheimmo.fr/fr/propriete/vente+appartement+evian-les-bains+t3-evian-face-embarcadere+86708984,,,,"1 Place De La Liberation, 74500 Évian-les-Bains",78.0,10207.0,3.0,76.28,,,2.21,,habitavel
apartamento,Évian-les-Bains,,,"https://www.google.com/maps/search/?api=1&query=46.400604,6.594994",Poirier Immobilier Évian,https://www.poirier-immobilier.com/vente/5-evian-les-bains/appartement/1933-appartement-3-pieces-a-evian-les-bains-avec-balcons-et-garage,,,True,"1 Place De La Liberation, 74500 Évian-les-Bains",78.0,10207.0,3.0,78.09,,3.0,0.12,,habitavel
apartamento,Évian-les-Bains,,,"https://www.google.com/maps/search/?api=1&query=46.39909,6.58536",Agence Barnoud Évian,https://www.barnoud-immobilier.fr/vente/74-haute-savoie/2-evian-les-bains/2-appartement/t3/11190-proche-lac-et-centre-ville-pour-ce-t3/,,,,"1 Avenue De Larringes, 74500 Évian-les-Bains",67.0,1061.0,4.0,67.5,,,0.74,,habitavel
apartamento,Évian-les-Bains,,,"https://www.google.com/maps/search/?api=1&query=46.39909,6.58536",Cabinet Greneche,https://grenecheimmo.fr/fr/propriete/vente+appartement+evian-les-bains+appartement-t3-evian-les-bains-proche-embarcadere+87280471,,,,"1 Avenue De Larringes, 74500 Évian-les-Bains",67.0,1061.0,4.0,67.0,,,0.0,,habitavel
apartamento,Thonon-les-Bains,,,"https://www.google.com/maps/search/?api=1&query=46.371621,6.479353",Dupraz Immobilier Thonon,https://www.dupraz-immobilier.com/ville_bien/fiches/3-33-29_60896304/t3-de-76-m2-avec-terrasse-de-25-m2-garage-cave-et-stationnement.html,,,,"41 Grande Rue, 74200 Thonon-les-Bains",75.0,84.0,2.0,76.0,,,1.32,,habitavel
apartamento,Évian-les-Bains,,,"https://www.google.com/maps/search/?api=1&query=46.398352,6.584336",Leman Property Évian,https://www.leman-property.com/vente/appartement/evian-les-bains/appartement-4-pieces-avec-jardin-a-neuvecelle/,,,,"6 Avenue De Larringes, 74500 Évian-les-Bains",85.0,580.0,3.0,84.0,,,1.18,,habitavel
apartamento,Évian-les-Bains,,,"https://www.google.com/maps/search/?api=1&query=46.40012,6.597782",Leman Property Évian,https://www.leman-property.com/vente/appartement/evian-les-bains/appartement-4-pieces-avec-jardin-a-neuvecelle/,,,,"5 Avenue Des Grottes, 74500 Évian-les-Bains",85.0,378.0,3.0,84.0,,,1.18,,habitavel
apartamento,Évian-les-Bains,,,"https://www.google.com/maps/search/?api=1&query=46.399092,6.585183",Agence Barnoud Évian,https://www.barnoud-immobilier.fr/vente/74-haute-savoie/2-evian-les-bains/2-appartement/t3/11190-proche-lac-et-centre-ville-pour-ce-t3/,,,,"2 Avenue De Larringes, 74500 Évian-les-Bains",67.0,522.0,4.0,67.5,,,0.74,,habitavel
apartamento,Évian-les-Bains,,,"https://www.google.com/maps/search/?api=1&query=46.399092,6.585183",Cabinet Greneche,https://grenecheimmo.fr/fr/propriete/vente+appartement+evian-les-bains+appartement-t3-evian-les-bains-proche-embarcadere+87280471,,,,"2 Avenue De Larringes, 74500 Évian-les-Bains",67.0,522.0,4.0,67.0,,,0.0,,habitavel
apartamento,Thonon-les-Bains,,,"https://www.google.com/maps/search/?api=1&query=46.375258,6.489271",Agence Barnoud Thonon,https://www.barnoud-immobilier.fr/vente/74-haute-savoie/1-thonon-les-bains/2-appartement/t3/9917-a-thonon-les-bains-appartement-a-acheter-avec-2-chambres/,,,,"39 Avenue du Clos Banderet, 74200 Thonon-les-Bains",70.0,605.0,4.0,69.52,,,0.69,,habitavel
apartamento,Thonon-les-Bains,,,"https://www.google.com/maps/search/?api=1&query=46.365043,6.459083",Christelle Vannier Immobilier,https://cvannier-immobilier.com/fr/propriete/vente+appartement+thonon-les-bains+exclusivite-appartement-t3-thonon-les-bains+87186571,,,True,"12 Rue des 4 Vents, 74200 Thonon-les-Bains",56.0,733.0,3.0,55.35,,3.0,1.16,,habitavel
apartamento,Thonon-les-Bains,,,"https://www.google.com/maps/search/?api=1&query=46.372009,6.490997",CENTURY 21 Chablais-Léman Thonon,https://www.century21-chablais-leman-thonon.com/trouver_logement/detail/16350251916/,,,True,"7 Chemin de la Mouche, 74200 Thonon-les-Bains",60.0,108.0,3.0,60.0,,3.0,0.0,,habitavel
apartamento,Thonon-les-Bains,,,"https://www.google.com/maps/search/?api=1&query=46.372009,6.490997",Agence Lehmann,https://lehmann-immo.com/fr/propriete/vente+appartement+thonon-les-bains+87286557,,,,"7 Chemin de la Mouche, 74200 Thonon-les-Bains",60.0,108.0,3.0,61.22,,,1.99,,habitavel
apartamento,Thonon-les-Bains,,,"https://www.google.com/maps/search/?api=1&query=46.366015,6.469195",Laforêt Thonon-Évian,https://www.laforet.com/agence-immobiliere/thonon-evian/acheter/thonon-les-bains/appartement-1-piece-52558857,,,True,"4 Avenue du Forchat, 74200 Thonon-les-Bains",19.0,833.0,1.0,19.0,,1.0,0.0,,habitavel
apartamento,Thonon-les-Bains,,,"https://www.google.com/maps/search/?api=1&query=46.366015,6.469195",Laforêt Thonon-Évian,https://www.laforet.com/agence-immobiliere/thonon-evian/acheter/thonon-les-bains/appartement-1-piece-52558600,,,True,"4 Avenue du Forchat, 74200 Thonon-les-Bains",19.0,833.0,1.0,19.0,,1.0,0.0,,habitavel
apartamento,Évian-les-Bains,,,"https://www.google.com/maps/search/?api=1&query=46.400208,6.597163",Cabinet Greneche,https://grenecheimmo.fr/fr/propriete/vente+appartement+evian-les-bains+t3-evian-face-embarcadere+86708984,,,,"1 Avenue Des Grottes, 74500 Évian-les-Bains",77.0,402.0,2.0,76.28,,,0.94,,habitavel
apartamento,Thonon-les-Bains,,,"https://www.google.com/maps/search/?api=1&query=46.370311,6.499353",Laforêt Thonon-Évian,https://www.laforet.com/agence-immobiliere/thonon-evian/acheter/thonon-les-bains/appartement-3-pieces-52703873,,,True,"29 Chemin des Tissottes, 74200 Thonon-les-Bains",76.0,350.0,3.0,75.0,,3.0,1.32,,habitavel
apartamento,Thonon-les-Bains,,,"https://www.google.com/maps/search/?api=1&query=46.370311,6.499353",Laforêt Thonon-Évian,https://www.laforet.com/agence-immobiliere/thonon-evian/acheter/thonon-les-bains/appartement-3-pieces-52584814,,,True,"29 Chemin des Tissottes, 74200 Thonon-les-Bains",76.0,350.0,3.0,76.0,,3.0,0.0,,habitavel
apartamento,Thonon-les-Bains,,,"https://www.google.com/maps/search/?api=1&query=46.370311,6.499353",Dupraz Immobilier Thonon,https://www.dupraz-immobilier.com/ville_bien/fiches/3-33-29_60896304/t3-de-76-m2-avec-terrasse-de-25-m2-garage-cave-et-stationnement.html,,,,"29 Chemin des Tissottes, 74200 Thonon-les-Bains",76.0,350.0,3.0,76.0,,,0.0,,habitavel
apartamento,Thonon-les-Bains,,,"https://www.google.com/maps/search/?api=1&query=46.370311,6.499353",Laforêt Thonon-Évian,https://www.laforet.com/agence-immobiliere/thonon-evian/acheter/thonon-les-bains/appartement-3-pieces-52402655,,,True,"29 Chemin des Tissottes, 74200 Thonon-les-Bains",76.0,350.0,3.0,75.0,,3.0,1.32,,habitavel
apartamento,Thonon-les-Bains,,,"https://www.google.com/maps/search/?api=1&query=46.370311,6.499353",Poirier Immobilier Thonon,https://www.poirier-immobilier.com/vente/6-thonon-les-bains/appartement/2456-spacieux-appartement-de-type-3-avec-garage-proche-centre-ville,,,True,"29 Chemin des Tissottes, 74200 Thonon-les-Bains",76.0,350.0,3.0,76.12,,3.0,0.16,,habitavel
apartamento,Évian-les-Bains,,,"https://www.google.com/maps/search/?api=1&query=46.400197,6.597261",Cabinet Greneche,https://grenecheimmo.fr/fr/propriete/vente+appartement+evian-les-bains+t3-evian-face-embarcadere+86708984,,,,"3 Avenue Des Grottes, 74500 Évian-les-Bains",77.0,402.0,2.0,76.28,,,0.94,,habitavel
apartamento,Thonon-les-Bains,,,"https://www.google.com/maps/search/?api=1&query=46.375204,6.489245",Agence Barnoud Thonon,https://www.barnoud-immobilier.fr/vente/74-haute-savoie/1-thonon-les-bains/2-appartement/t3/9917-a-thonon-les-bains-appartement-a-acheter-avec-2-chambres/,,,,"37 Avenue du Clos Banderet, 74200 Thonon-les-Bains",70.0,146.0,4.0,69.52,,,0.69,,habitavel
apartamento,Évian-les-Bains,,,"https://www.google.com/maps/search/?api=1&query=46.400806,6.594951",Nestenn Évian,https://immobilier-evian-les-bains.nestenn.com/a-vendre-a-evian-les-bains-t3-recent-2023-avec-grand-jardin-garage-ref-39584236,,,True,"3 Avenue Jean Leger, 74500 Évian-les-Bains",78.0,10207.0,3.0,77.0,,3.0,1.28,,habitavel
apartamento,Évian-les-Bains,,,"https://www.google.com/maps/search/?api=1&query=46.400806,6.594951",Cabinet Greneche,https://grenecheimmo.fr/fr/propriete/vente+appartement+evian-les-bains+t3-evian-face-embarcadere+86708984,,,,"3 Avenue Jean Leger, 74500 Évian-les-Bains",78.0,10207.0,3.0,76.28,,,2.21,,habitavel
apartamento,Évian-les-Bains,,,"https://www.google.com/maps/search/?api=1&query=46.400806,6.594951",Poirier Immobilier Évian,https://www.poirier-immobilier.com/vente/5-evian-les-bains/appartement/1933-appartement-3-pieces-a-evian-les-bains-avec-balcons-et-garage,,,True,"3 Avenue Jean Leger, 74500 Évian-les-Bains",78.0,10207.0,3.0,78.09,,3.0,0.12,,habitavel
apartamento,Thonon-les-Bains,,,"https://www.google.com/maps/search/?api=1&query=46.366413,6.468932",Laforêt Thonon-Évian,https://www.laforet.com/agence-immobiliere/thonon-evian/acheter/thonon-les-bains/appartement-1-piece-52558857,,,True,"48 Avenue du Général de Gaulle, 74200 Thonon-les-Bains",19.0,1112.0,1.0,19.0,,1.0,0.0,,habitavel
apartamento,Thonon-les-Bains,,,"https://www.google.com/maps/search/?api=1&query=46.366413,6.468932",Laforêt Thonon-Évian,https://www.laforet.com/agence-immobiliere/thonon-evian/acheter/thonon-les-bains/appartement-1-piece-52558600,,,True,"48 Avenue du Général de Gaulle, 74200 Thonon-les-Bains",19.0,1112.0,1.0,19.0,,1.0,0.0,,habitavel
apartamento,Thonon-les-Bains,,,"https://www.google.com/maps/search/?api=1&query=46.362411,6.445725",Agence Barnoud Thonon,https://www.barnoud-immobilier.fr/vente/74-haute-savoie/1-thonon-les-bains/2-appartement/t3/9917-a-thonon-les-bains-appartement-a-acheter-avec-2-chambres/,,,,"12 Chemin des Moulins de Corzent, 74200 Thonon-les-Bains",70.0,715.0,4.0,69.52,,,0.69,,habitavel
apartamento,Thonon-les-Bains,,,"https://www.google.com/maps/search/?api=1&query=46.370722,6.475728",CENTURY 21 Chablais-Léman Thonon,https://www.century21-chablais-leman-thonon.com/trouver_logement/detail/16350251916/,,,True,"8 Avenue des Tilleuls, 74200 Thonon-les-Bains",59.0,1135.0,3.0,60.0,,3.0,1.67,,habitavel
apartamento,Thonon-les-Bains,,,"https://www.google.com/maps/search/?api=1&query=46.370722,6.475728",CENTURY 21 Chablais-Léman Thonon,https://www.century21-chablais-leman-thonon.com/trouver_logement/detail/15698583939/,,,True,"8 Avenue des Tilleuls, 74200 Thonon-les-Bains",59.0,1135.0,3.0,58.39,,3.0,1.03,,habitavel
apartamento,Évian-les-Bains,,,"https://www.google.com/maps/search/?api=1&query=46.400795,6.587738",Cabinet Greneche,https://grenecheimmo.fr/fr/propriete/vente+appartement+evian-les-bains+t3-evian-face-embarcadere+86708984,,,,"7 Rue De La Monnaie, 74500 Évian-les-Bains",75.0,290.0,2.0,76.28,,,1.68,,habitavel
apartamento,Évian-les-Bains,,,"https://www.google.com/maps/search/?api=1&query=46.400795,6.587738",Cabinet Greneche,https://grenecheimmo.fr/fr/propriete/vente+appartement+evian-les-bains+evian-les-bains-t2-en-souplex+87293704,,,,"7 Rue De La Monnaie, 74500 Évian-les-Bains",75.0,290.0,2.0,74.0,,,1.33,,habitavel
apartamento,Thonon-les-Bains,,,"https://www.google.com/maps/search/?api=1&query=46.374357,6.494359",CENTURY 21 Chablais-Léman Thonon,https://www.century21-chablais-leman-thonon.com/trouver_logement/detail/16436700333/,,,True,"2 Impasse du Clos du Châtelard, 74200 Thonon-les-Bains",71.0,892.0,3.0,70.6,,3.0,0.56,,habitavel
apartamento,Thonon-les-Bains,,,"https://www.google.com/maps/search/?api=1&query=46.374357,6.494359",Agence Barnoud Thonon,https://www.barnoud-immobilier.fr/vente/74-haute-savoie/1-thonon-les-bains/2-appartement/t3/9917-a-thonon-les-bains-appartement-a-acheter-avec-2-chambres/,,,,"2 Impasse du Clos du Châtelard, 74200 Thonon-les-Bains",71.0,892.0,3.0,69.52,,,2.08,,habitavel
apartamento,Thonon-les-Bains,,,"https://www.google.com/maps/search/?api=1&query=46.374357,6.494359",Agence Barnoud Thonon,https://www.barnoud-immobilier.fr/vente/74-haute-savoie/1-thonon-les-bains/2-appartement/t4/9874-thonon-appartement-t4/,,,,"2 Impasse du Clos du Châtelard, 74200 Thonon-les-Bains",71.0,892.0,3.0,71.85,,,1.18,,habitavel
apartamento,Thonon-les-Bains,,,"https://www.google.com/maps/search/?api=1&query=46.370689,6.486427",Agence Barnoud Thonon,https://www.barnoud-immobilier.fr/vente/74-haute-savoie/1-thonon-les-bains/2-appartement/t3/9917-a-thonon-les-bains-appartement-a-acheter-avec-2-chambres/,,,,"12 Avenue des Vallées, 74200 Thonon-les-Bains",69.0,624.0,4.0,69.52,,,0.75,,habitavel
apartamento,Thonon-les-Bains,,,"https://www.google.com/maps/search/?api=1&query=46.369871,6.494336",Agence Lehmann,https://lehmann-immo.com/fr/propriete/vente+appartement+thonon-les-bains+appartement-moderne-t3-a-thonon-les-bains+87100377,,,,"13 Avenue de la Dranse, 74200 Thonon-les-Bains",68.0,1095.0,2.0,66.44,,,2.29,,habitavel
apartamento,Thonon-les-Bains,,,"https://www.google.com/maps/search/?api=1&query=46.369871,6.494336",Agence Barnoud Thonon,https://www.barnoud-immobilier.fr/vente/74-haute-savoie/1-thonon-les-bains/2-appartement/t3/9917-a-thonon-les-bains-appartement-a-acheter-avec-2-chambres/,,,,"13 Avenue de la Dranse, 74200 Thonon-les-Bains",68.0,1095.0,2.0,69.52,,,2.19,,habitavel
apartamento,Thonon-les-Bains,,,"https://www.google.com/maps/search/?api=1&query=46.369969,6.49",Laforêt Thonon-Évian,https://www.laforet.com/agence-immobiliere/thonon-evian/acheter/thonon-les-bains/appartement-3-pieces-52196898,,,True,"12 Avenue de la Dent d’Oche, 74200 Thonon-les-Bains",67.0,1000.0,3.0,68.0,,3.0,1.47,,habitavel
apartamento,Thonon-les-Bains,,,"https://www.google.com/maps/search/?api=1&query=46.369969,6.49",Laforêt Thonon-Évian,https://www.laforet.com/agence-immobiliere/thonon-evian/acheter/thonon-les-bains/appartement-3-pieces-52232506,,,True,"12 Avenue de la Dent d’Oche, 74200 Thonon-les-Bains",67.0,1000.0,3.0,68.0,,3.0,1.47,,habitavel
apartamento,Thonon-les-Bains,,,"https://www.google.com/maps/search/?api=1&query=46.369969,6.49",CENTURY 21 Chablais-Léman Thonon,https://www.century21-chablais-leman-thonon.com/trouver_logement/detail/15273893649/,,,True,"12 Avenue de la Dent d’Oche, 74200 Thonon-les-Bains",67.0,1000.0,3.0,68.0,,3.0,1.47,,habitavel
apartamento,Thonon-les-Bains,,,"https://www.google.com/maps/search/?api=1&query=46.369969,6.49",CENTURY 21 Chablais-Léman Thonon,https://www.century21-chablais-leman-thonon.com/trouver_logement/detail/15273884285/,,,True,"12 Avenue de la Dent d’Oche, 74200 Thonon-les-Bains",67.0,1000.0,3.0,68.0,,3.0,1.47,,habitavel
apartamento,Thonon-les-Bains,,,"https://www.google.com/maps/search/?api=1&query=46.369969,6.49",Agence Lehmann,https://lehmann-immo.com/fr/propriete/vente+appartement+thonon-les-bains+appartement-moderne-t3-a-thonon-les-bains+87100377,,,,"12 Avenue de la Dent d’Oche, 74200 Thonon-les-Bains",67.0,1000.0,3.0,66.44,,,0.84,,habitavel
apartamento,Thonon-les-Bains,,,"https://www.google.com/maps/search/?api=1&query=46.369969,6.49",CENTURY 21 Chablais-Léman Thonon,https://www.century21-chablais-leman-thonon.com/trouver_logement/detail/15273980963/,,,True,"12 Avenue de la Dent d’Oche, 74200 Thonon-les-Bains",67.0,1000.0,3.0,68.0,,3.0,1.47,,habitavel
apartamento,Thonon-les-Bains,,,"https://www.google.com/maps/search/?api=1&query=46.369969,6.49",Agence Lehmann,https://lehmann-immo.com/fr/propriete/vente+appartement+thonon-les-bains+bel-appartement-3-pieces-moderne-a-thonon-les-bains+87095945,,,True,"12 Avenue de la Dent d’Oche, 74200 Thonon-les-Bains",67.0,1000.0,3.0,66.53,,3.0,0.7,,habitavel
apartamento,Thonon-les-Bains,,,"https://www.google.com/maps/search/?api=1&query=46.369969,6.49",Christelle Vannier Immobilier,https://cvannier-immobilier.com/fr/propriete/vente+appartement+thonon-les-bains+exclusivite-t3-en-rez-de-jardin-avec-garage+87300076,,,True,"12 Avenue de la Dent d’Oche, 74200 Thonon-les-Bains",67.0,1000.0,3.0,65.42,,3.0,2.36,,habitavel
apartamento,Thonon-les-Bains,,,"https://www.google.com/maps/search/?api=1&query=46.369969,6.49",A&P Immobilier,https://www.immobilierapi.com/vente/1-thonon-les-bains/appartement/t3/864-thonon-les-bains-magnifique-appartement-t3-en-centre-au-calme-a-saisir/,,,True,"12 Avenue de la Dent d’Oche, 74200 Thonon-les-Bains",67.0,1000.0,3.0,68.0,,3.0,1.47,,habitavel
apartamento,Thonon-les-Bains,,,"https://www.google.com/maps/search/?api=1&query=46.369969,6.49",Christelle Vannier Immobilier,https://cvannier-immobilier.com/fr/propriete/vente+appartement+thonon-les-bains+appartement-de-type-3-a-thonon-les-bains+85757383,,,True,"12 Avenue de la Dent d’Oche, 74200 Thonon-les-Bains",67.0,1000.0,3.0,66.0,,3.0,1.49,,habitavel
apartamento,Thonon-les-Bains,,,"https://www.google.com/maps/search/?api=1&query=46.369969,6.49",Laforêt Thonon-Évian,https://www.laforet.com/agence-immobiliere/thonon-evian/acheter/thonon-les-bains/appartement-3-pieces-52232515,,,True,"12 Avenue de la Dent d’Oche, 74200 Thonon-les-Bains",67.0,1000.0,3.0,68.0,,3.0,1.47,,habitavel
apartamento,Thonon-les-Bains,,,"https://www.google.com/maps/search/?api=1&query=46.369969,6.49",Poirier Immobilier Thonon,https://www.poirier-immobilier.com/vente/6-thonon-les-bains/appartement/2467-bel-appartement-de-type-3-a-proximite-immediate-du-centre-ville,,,True,"12 Avenue de la Dent d’Oche, 74200 Thonon-les-Bains",67.0,1000.0,3.0,67.05,,3.0,0.07,,habitavel
apartamento,Thonon-les-Bains,,,"https://www.google.com/maps/search/?api=1&query=46.375738,6.485079",Laforêt Thonon-Évian,https://www.laforet.com/agence-immobiliere/thonon-evian/acheter/thonon-les-bains/appartement-2-pieces-52196779,,,True,"19 Avenue d’Evian, 74200 Thonon-les-Bains",45.0,198.0,2.0,45.0,,2.0,0.0,,habitavel
apartamento,Thonon-les-Bains,,,"https://www.google.com/maps/search/?api=1&query=46.375738,6.485079",Leman Property Thonon,https://www.leman-property.com/vente/appartement/thonon-les-bains/en-exclusivite-t2-rez-de-jardin-thonon-st-disdille/,,,,"19 Avenue d’Evian, 74200 Thonon-les-Bains",45.0,198.0,2.0,44.0,,,2.22,,habitavel
apartamento,Thonon-les-Bains,,,"https://www.google.com/maps/search/?api=1&query=46.375738,6.485079",A&P Immobilier,https://www.immobilierapi.com/vente/1-thonon-les-bains/appartement/t2/853-thonon-les-bains-a-vendre-appartement-en-plateau-brut-a-amenager-parking-et-cave-thonon-ouest/,,,True,"19 Avenue d’Evian, 74200 Thonon-les-Bains",45.0,198.0,2.0,44.3,,2.0,1.56,,habitavel
apartamento,Thonon-les-Bains,,,"https://www.google.com/maps/search/?api=1&query=46.375738,6.485079",Poirier Immobilier Thonon,https://www.poirier-immobilier.com/vente/6-thonon-les-bains/appartement/2317-a-decouvrir-appartement-t2-avec-fort-potentiel-a-rafraichir-selon-vos-envies,,,True,"19 Avenue d’Evian, 74200 Thonon-les-Bains",45.0,198.0,2.0,44.78,,2.0,0.49,,habitavel
apartamento,Thonon-les-Bains,,,"https://www.google.com/maps/search/?api=1&query=46.375738,6.485079",Agence Barnoud Thonon,https://www.barnoud-immobilier.fr/vente/74-haute-savoie/1-thonon-les-bains/2-appartement/t2/11354-appartement-de-type-2-a-vendre-a-thonon-les-bains/,,,,"19 Avenue d’Evian, 74200 Thonon-les-Bains",45.0,198.0,2.0,46.0,,,2.17,,habitavel
apartamento,Thonon-les-Bains,,,"https://www.google.com/maps/search/?api=1&query=46.36491,6.45513",CENTURY 21 Chablais-Léman Thonon,https://www.century21-chablais-leman-thonon.com/trouver_logement/detail/16436700333/,,,True,"112 Boulevard de la Corniche, 74200 Thonon-les-Bains",69.0,422.0,3.0,70.6,,3.0,2.27,,habitavel
apartamento,Thonon-les-Bains,,,"https://www.google.com/maps/search/?api=1&query=46.36491,6.45513",Laforêt Thonon-Évian,https://www.laforet.com/agence-immobiliere/thonon-evian/acheter/thonon-les-bains/appartement-3-pieces-52196898,,,True,"112 Boulevard de la Corniche, 74200 Thonon-les-Bains",69.0,422.0,3.0,68.0,,3.0,1.45,,habitavel
apartamento,Thonon-les-Bains,,,"https://www.google.com/maps/search/?api=1&query=46.36491,6.45513",Laforêt Thonon-Évian,https://www.laforet.com/agence-immobiliere/thonon-evian/acheter/thonon-les-bains/appartement-3-pieces-52232506,,,True,"112 Boulevard de la Corniche, 74200 Thonon-les-Bains",69.0,422.0,3.0,68.0,,3.0,1.45,,habitavel
apartamento,Thonon-les-Bains,,,"https://www.google.com/maps/search/?api=1&query=46.36491,6.45513",CENTURY 21 Chablais-Léman Thonon,https://www.century21-chablais-leman-thonon.com/trouver_logement/detail/15273893649/,,,True,"112 Boulevard de la Corniche, 74200 Thonon-les-Bains",69.0,422.0,3.0,68.0,,3.0,1.45,,habitavel
apartamento,Thonon-les-Bains,,,"https://www.google.com/maps/search/?api=1&query=46.36491,6.45513",CENTURY 21 Chablais-Léman Thonon,https://www.century21-chablais-leman-thonon.com/trouver_logement/detail/15273884285/,,,True,"112 Boulevard de la Corniche, 74200 Thonon-les-Bains",69.0,422.0,3.0,68.0,,3.0,1.45,,habitavel
apartamento,Thonon-les-Bains,,,"https://www.google.com/maps/search/?api=1&query=46.36491,6.45513",Agence Barnoud Thonon,https://www.barnoud-immobilier.fr/vente/74-haute-savoie/1-thonon-les-bains/2-appartement/t3/9917-a-thonon-les-bains-appartement-a-acheter-avec-2-chambres/,,,,"112 Boulevard de la Corniche, 74200 Thonon-les-Bains",69.0,422.0,3.0,69.52,,,0.75,,habitavel
apartamento,Thonon-les-Bains,,,"https://www.google.com/maps/search/?api=1&query=46.36491,6.45513",CENTURY 21 Chablais-Léman Thonon,https://www.century21-chablais-leman-thonon.com/trouver_logement/detail/15273980963/,,,True,"112 Boulevard de la Corniche, 74200 Thonon-les-Bains",69.0,422.0,3.0,68.0,,3.0,1.45,,habitavel
apartamento,Thonon-les-Bains,,,"https://www.google.com/maps/search/?api=1&query=46.36491,6.45513",A&P Immobilier,https://www.immobilierapi.com/vente/1-thonon-les-bains/appartement/t3/864-thonon-les-bains-magnifique-appartement-t3-en-centre-au-calme-a-saisir/,,,True,"112 Boulevard de la Corniche, 74200 Thonon-les-Bains",69.0,422.0,3.0,68.0,,3.0,1.45,,habitavel
apartamento,Thonon-les-Bains,,,"https://www.google.com/maps/search/?api=1&query=46.36491,6.45513",Christelle Vannier Immobilier,https://cvannier-immobilier.com/fr/propriete/vente+appartement+thonon-les-bains+exclusivite-appartement-t3-avec-garage-+86909438,,,True,"112 Boulevard de la Corniche, 74200 Thonon-les-Bains",69.0,422.0,3.0,68.98,,3.0,0.03,,habitavel
apartamento,Thonon-les-Bains,,,"https://www.google.com/maps/search/?api=1&query=46.36491,6.45513",Laforêt Thonon-Évian,https://www.laforet.com/agence-immobiliere/thonon-evian/acheter/thonon-les-bains/appartement-3-pieces-52232515,,,True,"112 Boulevard de la Corniche, 74200 Thonon-les-Bains",69.0,422.0,3.0,68.0,,3.0,1.45,,habitavel
apartamento,Thonon-les-Bains,,,"https://www.google.com/maps/search/?api=1&query=46.371518,6.490944",Laforêt Thonon-Évian,https://www.laforet.com/agence-immobiliere/thonon-evian/acheter/thonon-les-bains/appartement-3-pieces-52196857,,,True,"1 Chemin de la Mouche, 74200 Thonon-les-Bains",65.0,1676.0,3.0,65.0,,3.0,0.0,,habitavel
apartamento,Thonon-les-Bains,,,"https://www.google.com/maps/search/?api=1&query=46.371518,6.490944",Agence Lehmann,https://lehmann-immo.com/fr/propriete/vente+appartement+thonon-les-bains+appartement-moderne-t3-a-thonon-les-bains+87100377,,,,"1 Chemin de la Mouche, 74200 Thonon-les-Bains",65.0,1676.0,3.0,66.44,,,2.17,,habitavel
apartamento,Thonon-les-Bains,,,"https://www.google.com/maps/search/?api=1&query=46.371518,6.490944",Agence Lehmann,https://lehmann-immo.com/fr/propriete/vente+appartement+thonon-les-bains+bel-appartement-3-pieces-moderne-a-thonon-les-bains+87095945,,,True,"1 Chemin de la Mouche, 74200 Thonon-les-Bains",65.0,1676.0,3.0,66.53,,3.0,2.3,,habitavel
apartamento,Thonon-les-Bains,,,"https://www.google.com/maps/search/?api=1&query=46.371518,6.490944",A&P Immobilier,https://www.immobilierapi.com/vente/1-thonon-les-bains/appartement/t3/806-t3-a-fort-potentiel-thonon-les-bains-parking-et-cave-thonon-ouest/,,,True,"1 Chemin de la Mouche, 74200 Thonon-les-Bains",65.0,1676.0,3.0,63.6,,3.0,2.15,,habitavel
apartamento,Thonon-les-Bains,,,"https://www.google.com/maps/search/?api=1&query=46.371518,6.490944",Christelle Vannier Immobilier,https://cvannier-immobilier.com/fr/propriete/vente+appartement+thonon-les-bains+exclusivite-t3-en-rez-de-jardin-avec-garage+87300076,,,True,"1 Chemin de la Mouche, 74200 Thonon-les-Bains",65.0,1676.0,3.0,65.42,,3.0,0.64,,habitavel
apartamento,Thonon-les-Bains,,,"https://www.google.com/maps/search/?api=1&query=46.371518,6.490944",Christelle Vannier Immobilier,https://cvannier-immobilier.com/fr/propriete/vente+appartement+thonon-les-bains+exclusivite-t3-en-duplex+87254132,,,True,"1 Chemin de la Mouche, 74200 Thonon-les-Bains",65.0,1676.0,3.0,65.0,,3.0,0.0,,habitavel
apartamento,Thonon-les-Bains,,,"https://www.google.com/maps/search/?api=1&query=46.371518,6.490944",Christelle Vannier Immobilier,https://cvannier-immobilier.com/fr/propriete/vente+appartement+thonon-les-bains+appartement-de-type-3-a-thonon-les-bains+85757383,,,True,"1 Chemin de la Mouche, 74200 Thonon-les-Bains",65.0,1676.0,3.0,66.0,,3.0,1.52,,habitavel
apartamento,Thonon-les-Bains,,,"https://www.google.com/maps/search/?api=1&query=46.371518,6.490944",Christelle Vannier Immobilier,https://cvannier-immobilier.com/fr/propriete/vente+appartement+thonon-les-bains+exclusivite-appartement-type-3-avec-garage+84395461,,,True,"1 Chemin de la Mouche, 74200 Thonon-les-Bains",65.0,1676.0,3.0,65.0,,3.0,0.0,,habitavel
apartamento,Thonon-les-Bains,,,"https://www.google.com/maps/search/?api=1&query=46.369734,6.477322",CENTURY 21 Chablais-Léman Thonon,https://www.century21-chablais-leman-thonon.com/trouver_logement/detail/16436700333/,,,True,"6 Avenue du Général de Gaulle, 74200 Thonon-les-Bains",72.0,404.0,3.0,70.6,,3.0,1.94,,habitavel
apartamento,Thonon-les-Bains,,,"https://www.google.com/maps/search/?api=1&query=46.369734,6.477322",Agence Barnoud Thonon,https://www.barnoud-immobilier.fr/vente/74-haute-savoie/1-thonon-les-bains/2-appartement/t4/9874-thonon-appartement-t4/,,,,"6 Avenue du Général de Gaulle, 74200 Thonon-les-Bains",72.0,404.0,3.0,71.85,,,0.21,,habitavel
apartamento,Thonon-les-Bains,,,"https://www.google.com/maps/search/?api=1&query=46.361914,6.475116",Laforêt Thonon-Évian,https://www.laforet.com/agence-immobiliere/thonon-evian/acheter/thonon-les-bains/appartement-3-pieces-52196857,,,True,"34 Chemin du Martinet, 74200 Thonon-les-Bains",65.0,348.0,3.0,65.0,,3.0,0.0,,habitavel
apartamento,Thonon-les-Bains,,,"https://www.google.com/maps/search/?api=1&query=46.361914,6.475116",Agence Lehmann,https://lehmann-immo.com/fr/propriete/vente+appartement+thonon-les-bains+appartement-moderne-t3-a-thonon-les-bains+87100377,,,,"34 Chemin du Martinet, 74200 Thonon-les-Bains",65.0,348.0,3.0,66.44,,,2.17,,habitavel
apartamento,Thonon-les-Bains,,,"https://www.google.com/maps/search/?api=1&query=46.361914,6.475116",Agence Lehmann,https://lehmann-immo.com/fr/propriete/vente+appartement+thonon-les-bains+bel-appartement-3-pieces-moderne-a-thonon-les-bains+87095945,,,True,"34 Chemin du Martinet, 74200 Thonon-les-Bains",65.0,348.0,3.0,66.53,,3.0,2.3,,habitavel
apartamento,Thonon-les-Bains,,,"https://www.google.com/maps/search/?api=1&query=46.361914,6.475116",A&P Immobilier,https://www.immobilierapi.com/vente/1-thonon-les-bains/appartement/t3/806-t3-a-fort-potentiel-thonon-les-bains-parking-et-cave-thonon-ouest/,,,True,"34 Chemin du Martinet, 74200 Thonon-les-Bains",65.0,348.0,3.0,63.6,,3.0,2.15,,habitavel
apartamento,Thonon-les-Bains,,,"https://www.google.com/maps/search/?api=1&query=46.361914,6.475116",Christelle Vannier Immobilier,https://cvannier-immobilier.com/fr/propriete/vente+appartement+thonon-les-bains+exclusivite-t3-en-rez-de-jardin-avec-garage+87300076,,,True,"34 Chemin du Martinet, 74200 Thonon-les-Bains",65.0,348.0,3.0,65.42,,3.0,0.64,,habitavel
apartamento,Thonon-les-Bains,,,"https://www.google.com/maps/search/?api=1&query=46.361914,6.475116",Christelle Vannier Immobilier,https://cvannier-immobilier.com/fr/propriete/vente+appartement+thonon-les-bains+exclusivite-t3-en-duplex+87254132,,,True,"34 Chemin du Martinet, 74200 Thonon-les-Bains",65.0,348.0,3.0,65.0,,3.0,0.0,,habitavel
apartamento,Thonon-les-Bains,,,"https://www.google.com/maps/search/?api=1&query=46.361914,6.475116",Christelle Vannier Immobilier,https://cvannier-immobilier.com/fr/propriete/vente+appartement+thonon-les-bains+appartement-de-type-3-a-thonon-les-bains+85757383,,,True,"34 Chemin du Martinet, 74200 Thonon-les-Bains",65.0,348.0,3.0,66.0,,3.0,1.52,,habitavel
apartamento,Thonon-les-Bains,,,"https://www.google.com/maps/search/?api=1&query=46.361914,6.475116",Christelle Vannier Immobilier,https://cvannier-immobilier.com/fr/propriete/vente+appartement+thonon-les-bains+exclusivite-appartement-type-3-avec-garage+84395461,,,True,"34 Chemin du Martinet, 74200 Thonon-les-Bains",65.0,348.0,3.0,65.0,,3.0,0.0,,habitavel
apartamento,Thonon-les-Bains,,,"https://www.google.com/maps/search/?api=1&query=46.387794,6.495735",CENTURY 21 Chablais-Léman Thonon,https://www.century21-chablais-leman-thonon.com/trouver_logement/detail/16436700333/,,,True,"22 Impasse des Tattes, 74200 Thonon-les-Bains",72.0,1570.0,3.0,70.6,,3.0,1.94,,habitavel
apartamento,Thonon-les-Bains,,,"https://www.google.com/maps/search/?api=1&query=46.387794,6.495735",Agence Barnoud Thonon,https://www.barnoud-immobilier.fr/vente/74-haute-savoie/1-thonon-les-bains/2-appartement/t4/9874-thonon-appartement-t4/,,,,"22 Impasse des Tattes, 74200 Thonon-les-Bains",72.0,1570.0,3.0,71.85,,,0.21,,habitavel
apartamento,Thonon-les-Bains,,,"https://www.google.com/maps/search/?api=1&query=46.364996,6.455586",CENTURY 21 Chablais-Léman Thonon,https://www.century21-chablais-leman-thonon.com/trouver_logement/detail/16436700333/,,,True,"33 Chemin du Pillon, 74200 Thonon-les-Bains",69.0,1576.0,3.0,70.6,,3.0,2.27,,habitavel
apartamento,Thonon-les-Bains,,,"https://www.google.com/maps/search/?api=1&query=46.364996,6.455586",Laforêt Thonon-Évian,https://www.laforet.com/agence-immobiliere/thonon-evian/acheter/thonon-les-bains/appartement-3-pieces-52196898,,,True,"33 Chemin du Pillon, 74200 Thonon-les-Bains",69.0,1576.0,3.0,68.0,,3.0,1.45,,habitavel
apartamento,Thonon-les-Bains,,,"https://www.google.com/maps/search/?api=1&query=46.364996,6.455586",Laforêt Thonon-Évian,https://www.laforet.com/agence-immobiliere/thonon-evian/acheter/thonon-les-bains/appartement-3-pieces-52232506,,,True,"33 Chemin du Pillon, 74200 Thonon-les-Bains",69.0,1576.0,3.0,68.0,,3.0,1.45,,habitavel
apartamento,Thonon-les-Bains,,,"https://www.google.com/maps/search/?api=1&query=46.364996,6.455586",CENTURY 21 Chablais-Léman Thonon,https://www.century21-chablais-leman-thonon.com/trouver_logement/detail/15273893649/,,,True,"33 Chemin du Pillon, 74200 Thonon-les-Bains",69.0,1576.0,3.0,68.0,,3.0,1.45,,habitavel
apartamento,Thonon-les-Bains,,,"https://www.google.com/maps/search/?api=1&query=46.364996,6.455586",CENTURY 21 Chablais-Léman Thonon,https://www.century21-chablais-leman-thonon.com/trouver_logement/detail/15273884285/,,,True,"33 Chemin du Pillon, 74200 Thonon-les-Bains",69.0,1576.0,3.0,68.0,,3.0,1.45,,habitavel
apartamento,Thonon-les-Bains,,,"https://www.google.com/maps/search/?api=1&query=46.364996,6.455586",Agence Barnoud Thonon,https://www.barnoud-immobilier.fr/vente/74-haute-savoie/1-thonon-les-bains/2-appartement/t3/9917-a-thonon-les-bains-appartement-a-acheter-avec-2-chambres/,,,,"33 Chemin du Pillon, 74200 Thonon-les-Bains",69.0,1576.0,3.0,69.52,,,0.75,,habitavel
apartamento,Thonon-les-Bains,,,"https://www.google.com/maps/search/?api=1&query=46.364996,6.455586",CENTURY 21 Chablais-Léman Thonon,https://www.century21-chablais-leman-thonon.com/trouver_logement/detail/15273980963/,,,True,"33 Chemin du Pillon, 74200 Thonon-les-Bains",69.0,1576.0,3.0,68.0,,3.0,1.45,,habitavel
apartamento,Thonon-les-Bains,,,"https://www.google.com/maps/search/?api=1&query=46.364996,6.455586",A&P Immobilier,https://www.immobilierapi.com/vente/1-thonon-les-bains/appartement/t3/864-thonon-les-bains-magnifique-appartement-t3-en-centre-au-calme-a-saisir/,,,True,"33 Chemin du Pillon, 74200 Thonon-les-Bains",69.0,1576.0,3.0,68.0,,3.0,1.45,,habitavel
apartamento,Thonon-les-Bains,,,"https://www.google.com/maps/search/?api=1&query=46.364996,6.455586",Christelle Vannier Immobilier,https://cvannier-immobilier.com/fr/propriete/vente+appartement+thonon-les-bains+exclusivite-appartement-t3-avec-garage-+86909438,,,True,"33 Chemin du Pillon, 74200 Thonon-les-Bains",69.0,1576.0,3.0,68.98,,3.0,0.03,,habitavel
apartamento,Thonon-les-Bains,,,"https://www.google.com/maps/search/?api=1&query=46.364996,6.455586",Laforêt Thonon-Évian,https://www.laforet.com/agence-immobiliere/thonon-evian/acheter/thonon-les-bains/appartement-3-pieces-52232515,,,True,"33 Chemin du Pillon, 74200 Thonon-les-Bains",69.0,1576.0,3.0,68.0,,3.0,1.45,,habitavel
apartamento,Évian-les-Bains,,,"https://www.google.com/maps/search/?api=1&query=46.399904,6.584714",Poirier Immobilier Évian,https://www.poirier-immobilier.com/vente/5-evian-les-bains/appartement/2452-studio-de-35m-avec-vue-lac-a-evian-les-bains,,,True,"12 Avenue Marc Francina, 74500 Évian-les-Bains",35.0,1146.0,1.0,35.0,,1.0,0.0,,habitavel
apartamento,Thonon-les-Bains,,,"https://www.google.com/maps/search/?api=1&query=46.374121,6.499379",Laforêt Thonon-Évian,https://www.laforet.com/agence-immobiliere/thonon-evian/acheter/thonon-les-bains/appartement-3-pieces-52196857,,,True,"87 Route de Tully, 74200 Thonon-les-Bains",65.0,708.0,3.0,65.0,,3.0,0.0,,habitavel
apartamento,Thonon-les-Bains,,,"https://www.google.com/maps/search/?api=1&query=46.374121,6.499379",Agence Lehmann,https://lehmann-immo.com/fr/propriete/vente+appartement+thonon-les-bains+appartement-moderne-t3-a-thonon-les-bains+87100377,,,,"87 Route de Tully, 74200 Thonon-les-Bains",65.0,708.0,3.0,66.44,,,2.17,,habitavel
apartamento,Thonon-les-Bains,,,"https://www.google.com/maps/search/?api=1&query=46.374121,6.499379",Agence Lehmann,https://lehmann-immo.com/fr/propriete/vente+appartement+thonon-les-bains+bel-appartement-3-pieces-moderne-a-thonon-les-bains+87095945,,,True,"87 Route de Tully, 74200 Thonon-les-Bains",65.0,708.0,3.0,66.53,,3.0,2.3,,habitavel
apartamento,Thonon-les-Bains,,,"https://www.google.com/maps/search/?api=1&query=46.374121,6.499379",A&P Immobilier,https://www.immobilierapi.com/vente/1-thonon-les-bains/appartement/t3/806-t3-a-fort-potentiel-thonon-les-bains-parking-et-cave-thonon-ouest/,,,True,"87 Route de Tully, 74200 Thonon-les-Bains",65.0,708.0,3.0,63.6,,3.0,2.15,,habitavel
apartamento,Thonon-les-Bains,,,"https://www.google.com/maps/search/?api=1&query=46.374121,6.499379",Christelle Vannier Immobilier,https://cvannier-immobilier.com/fr/propriete/vente+appartement+thonon-les-bains+exclusivite-t3-en-rez-de-jardin-avec-garage+87300076,,,True,"87 Route de Tully, 74200 Thonon-les-Bains",65.0,708.0,3.0,65.42,,3.0,0.64,,habitavel
apartamento,Thonon-les-Bains,,,"https://www.google.com/maps/search/?api=1&query=46.374121,6.499379",Christelle Vannier Immobilier,https://cvannier-immobilier.com/fr/propriete/vente+appartement+thonon-les-bains+exclusivite-t3-en-duplex+87254132,,,True,"87 Route de Tully, 74200 Thonon-les-Bains",65.0,708.0,3.0,65.0,,3.0,0.0,,habitavel
apartamento,Thonon-les-Bains,,,"https://www.google.com/maps/search/?api=1&query=46.374121,6.499379",Christelle Vannier Immobilier,https://cvannier-immobilier.com/fr/propriete/vente+appartement+thonon-les-bains+appartement-de-type-3-a-thonon-les-bains+85757383,,,True,"87 Route de Tully, 74200 Thonon-les-Bains",65.0,708.0,3.0,66.0,,3.0,1.52,,habitavel
apartamento,Thonon-les-Bains,,,"https://www.google.com/maps/search/?api=1&query=46.374121,6.499379",Christelle Vannier Immobilier,https://cvannier-immobilier.com/fr/propriete/vente+appartement+thonon-les-bains+exclusivite-appartement-type-3-avec-garage+84395461,,,True,"87 Route de Tully, 74200 Thonon-les-Bains",65.0,708.0,3.0,65.0,,3.0,0.0,,habitavel
apartamento,Thonon-les-Bains,,,"https://www.google.com/maps/search/?api=1&query=46.36898,6.480718",Agence Lehmann,https://lehmann-immo.com/fr/propriete/vente+appartement+thonon-les-bains+appartement-moderne-t3-a-thonon-les-bains+87100377,,,,"7 Place de la Gare, 74200 Thonon-les-Bains",67.0,165.0,2.0,66.44,,,0.84,,habitavel
apartamento,Thonon-les-Bains,,,"https://www.google.com/maps/search/?api=1&query=46.365275,6.455613",CENTURY 21 Chablais-Léman Thonon,https://www.century21-chablais-leman-thonon.com/trouver_logement/detail/16436700333/,,,True,"35 Chemin du Pillon, 74200 Thonon-les-Bains",69.0,504.0,3.0,70.6,,3.0,2.27,,habitavel
apartamento,Thonon-les-Bains,,,"https://www.google.com/maps/search/?api=1&query=46.365275,6.455613",Laforêt Thonon-Évian,https://www.laforet.com/agence-immobiliere/thonon-evian/acheter/thonon-les-bains/appartement-3-pieces-52196898,,,True,"35 Chemin du Pillon, 74200 Thonon-les-Bains",69.0,504.0,3.0,68.0,,3.0,1.45,,habitavel
apartamento,Thonon-les-Bains,,,"https://www.google.com/maps/search/?api=1&query=46.365275,6.455613",Laforêt Thonon-Évian,https://www.laforet.com/agence-immobiliere/thonon-evian/acheter/thonon-les-bains/appartement-3-pieces-52232506,,,True,"35 Chemin du Pillon, 74200 Thonon-les-Bains",69.0,504.0,3.0,68.0,,3.0,1.45,,habitavel
apartamento,Thonon-les-Bains,,,"https://www.google.com/maps/search/?api=1&query=46.365275,6.455613",CENTURY 21 Chablais-Léman Thonon,https://www.century21-chablais-leman-thonon.com/trouver_logement/detail/15273893649/,,,True,"35 Chemin du Pillon, 74200 Thonon-les-Bains",69.0,504.0,3.0,68.0,,3.0,1.45,,habitavel
apartamento,Thonon-les-Bains,,,"https://www.google.com/maps/search/?api=1&query=46.365275,6.455613",CENTURY 21 Chablais-Léman Thonon,https://www.century21-chablais-leman-thonon.com/trouver_logement/detail/15273884285/,,,True,"35 Chemin du Pillon, 74200 Thonon-les-Bains",69.0,504.0,3.0,68.0,,3.0,1.45,,habitavel
apartamento,Thonon-les-Bains,,,"https://www.google.com/maps/search/?api=1&query=46.365275,6.455613",Agence Barnoud Thonon,https://www.barnoud-immobilier.fr/vente/74-haute-savoie/1-thonon-les-bains/2-appartement/t3/9917-a-thonon-les-bains-appartement-a-acheter-avec-2-chambres/,,,,"35 Chemin du Pillon, 74200 Thonon-les-Bains",69.0,504.0,3.0,69.52,,,0.75,,habitavel
apartamento,Thonon-les-Bains,,,"https://www.google.com/maps/search/?api=1&query=46.365275,6.455613",CENTURY 21 Chablais-Léman Thonon,https://www.century21-chablais-leman-thonon.com/trouver_logement/detail/15273980963/,,,True,"35 Chemin du Pillon, 74200 Thonon-les-Bains",69.0,504.0,3.0,68.0,,3.0,1.45,,habitavel
apartamento,Thonon-les-Bains,,,"https://www.google.com/maps/search/?api=1&query=46.365275,6.455613",A&P Immobilier,https://www.immobilierapi.com/vente/1-thonon-les-bains/appartement/t3/864-thonon-les-bains-magnifique-appartement-t3-en-centre-au-calme-a-saisir/,,,True,"35 Chemin du Pillon, 74200 Thonon-les-Bains",69.0,504.0,3.0,68.0,,3.0,1.45,,habitavel
apartamento,Thonon-les-Bains,,,"https://www.google.com/maps/search/?api=1&query=46.365275,6.455613",Christelle Vannier Immobilier,https://cvannier-immobilier.com/fr/propriete/vente+appartement+thonon-les-bains+exclusivite-appartement-t3-avec-garage-+86909438,,,True,"35 Chemin du Pillon, 74200 Thonon-les-Bains",69.0,504.0,3.0,68.98,,3.0,0.03,,habitavel
apartamento,Thonon-les-Bains,,,"https://www.google.com/maps/search/?api=1&query=46.365275,6.455613",Laforêt Thonon-Évian,https://www.laforet.com/agence-immobiliere/thonon-evian/acheter/thonon-les-bains/appartement-3-pieces-52232515,,,True,"35 Chemin du Pillon, 74200 Thonon-les-Bains",69.0,504.0,3.0,68.0,,3.0,1.45,,habitavel
apartamento,Thonon-les-Bains,,,"https://www.google.com/maps/search/?api=1&query=46.364382,6.475746",A&P Immobilier,https://www.immobilierapi.com/vente/1-thonon-les-bains/appartement/t3/894-thonon-les-bains-nouvelle-exclusivite-t3-en-rez-de-jardin-a-decouvrir/,,,True,"25 Chemin du Martinet, 74200 Thonon-les-Bains",63.0,976.0,3.0,63.0,,3.0,0.0,,habitavel
apartamento,Thonon-les-Bains,,,"https://www.google.com/maps/search/?api=1&query=46.364382,6.475746",A&P Immobilier,https://www.immobilierapi.com/vente/1-thonon-les-bains/appartement/t3/806-t3-a-fort-potentiel-thonon-les-bains-parking-et-cave-thonon-ouest/,,,True,"25 Chemin du Martinet, 74200 Thonon-les-Bains",63.0,976.0,3.0,63.6,,3.0,0.94,,habitavel
apartamento,Thonon-les-Bains,,,"https://www.google.com/maps/search/?api=1&query=46.364382,6.475746",Christelle Vannier Immobilier,https://cvannier-immobilier.com/fr/propriete/vente+appartement+thonon-les-bains+appartement-t3-thonon-centre-ville+85078596,,,True,"25 Chemin du Martinet, 74200 Thonon-les-Bains",63.0,976.0,3.0,62.0,,3.0,1.59,,habitavel
apartamento,Thonon-les-Bains,,,"https://www.google.com/maps/search/?api=1&query=46.385479,6.495672",CENTURY 21 Chablais-Léman Thonon,https://www.century21-chablais-leman-thonon.com/trouver_logement/detail/16350251916/,,,True,"50 Avenue de Ripaille, 74200 Thonon-les-Bains",61.0,406.0,3.0,60.0,,3.0,1.64,,habitavel
apartamento,Thonon-les-Bains,,,"https://www.google.com/maps/search/?api=1&query=46.385479,6.495672",Agence Lehmann,https://lehmann-immo.com/fr/propriete/vente+appartement+thonon-les-bains+87286557,,,,"50 Avenue de Ripaille, 74200 Thonon-les-Bains",61.0,406.0,3.0,61.22,,,0.36,,habitavel
apartamento,Thonon-les-Bains,,,"https://www.google.com/maps/search/?api=1&query=46.385479,6.495672",Christelle Vannier Immobilier,https://cvannier-immobilier.com/fr/propriete/vente+appartement+thonon-les-bains+appartement-t3-thonon-centre-ville+85078596,,,True,"50 Avenue de Ripaille, 74200 Thonon-les-Bains",61.0,406.0,3.0,62.0,,3.0,1.61,,habitavel
apartamento,Évian-les-Bains,,,"https://www.google.com/maps/search/?api=1&query=46.39714,6.588961",Poirier Immobilier Évian,https://www.poirier-immobilier.com/vente/5-evian-les-bains/appartement/2010-appartement-de-standing-centre-ville-d-evian-les-bains,,,True,"7 Avenue De Flery, 74500 Évian-les-Bains",64.0,2583.0,3.0,63.0,,3.0,1.56,,habitavel
apartamento,Thonon-les-Bains,,,"https://www.google.com/maps/search/?api=1&query=46.370575,6.49732",Laforêt Thonon-Évian,https://www.laforet.com/agence-immobiliere/thonon-evian/acheter/thonon-les-bains/appartement-3-pieces-52196898,,,True,"9 Impasse des Tissottes, 74200 Thonon-les-Bains",67.0,1009.0,3.0,68.0,,3.0,1.47,,habitavel
apartamento,Thonon-les-Bains,,,"https://www.google.com/maps/search/?api=1&query=46.370575,6.49732",Laforêt Thonon-Évian,https://www.laforet.com/agence-immobiliere/thonon-evian/acheter/thonon-les-bains/appartement-3-pieces-52232506,,,True,"9 Impasse des Tissottes, 74200 Thonon-les-Bains",67.0,1009.0,3.0,68.0,,3.0,1.47,,habitavel
apartamento,Thonon-les-Bains,,,"https://www.google.com/maps/search/?api=1&query=46.370575,6.49732",CENTURY 21 Chablais-Léman Thonon,https://www.century21-chablais-leman-thonon.com/trouver_logement/detail/15273893649/,,,True,"9 Impasse des Tissottes, 74200 Thonon-les-Bains",67.0,1009.0,3.0,68.0,,3.0,1.47,,habitavel
apartamento,Thonon-les-Bains,,,"https://www.google.com/maps/search/?api=1&query=46.370575,6.49732",CENTURY 21 Chablais-Léman Thonon,https://www.century21-chablais-leman-thonon.com/trouver_logement/detail/15273884285/,,,True,"9 Impasse des Tissottes, 74200 Thonon-les-Bains",67.0,1009.0,3.0,68.0,,3.0,1.47,,habitavel
apartamento,Thonon-les-Bains,,,"https://www.google.com/maps/search/?api=1&query=46.370575,6.49732",Agence Lehmann,https://lehmann-immo.com/fr/propriete/vente+appartement+thonon-les-bains+appartement-moderne-t3-a-thonon-les-bains+87100377,,,,"9 Impasse des Tissottes, 74200 Thonon-les-Bains",67.0,1009.0,3.0,66.44,,,0.84,,habitavel
apartamento,Thonon-les-Bains,,,"https://www.google.com/maps/search/?api=1&query=46.370575,6.49732",CENTURY 21 Chablais-Léman Thonon,https://www.century21-chablais-leman-thonon.com/trouver_logement/detail/15273980963/,,,True,"9 Impasse des Tissottes, 74200 Thonon-les-Bains",67.0,1009.0,3.0,68.0,,3.0,1.47,,habitavel
apartamento,Thonon-les-Bains,,,"https://www.google.com/maps/search/?api=1&query=46.370575,6.49732",Agence Lehmann,https://lehmann-immo.com/fr/propriete/vente+appartement+thonon-les-bains+bel-appartement-3-pieces-moderne-a-thonon-les-bains+87095945,,,True,"9 Impasse des Tissottes, 74200 Thonon-les-Bains",67.0,1009.0,3.0,66.53,,3.0,0.7,,habitavel
apartamento,Thonon-les-Bains,,,"https://www.google.com/maps/search/?api=1&query=46.370575,6.49732",Christelle Vannier Immobilier,https://cvannier-immobilier.com/fr/propriete/vente+appartement+thonon-les-bains+exclusivite-t3-en-rez-de-jardin-avec-garage+87300076,,,True,"9 Impasse des Tissottes, 74200 Thonon-les-Bains",67.0,1009.0,3.0,65.42,,3.0,2.36,,habitavel
apartamento,Thonon-les-Bains,,,"https://www.google.com/maps/search/?api=1&query=46.370575,6.49732",A&P Immobilier,https://www.immobilierapi.com/vente/1-thonon-les-bains/appartement/t3/864-thonon-les-bains-magnifique-appartement-t3-en-centre-au-calme-a-saisir/,,,True,"9 Impasse des Tissottes, 74200 Thonon-les-Bains",67.0,1009.0,3.0,68.0,,3.0,1.47,,habitavel
apartamento,Thonon-les-Bains,,,"https://www.google.com/maps/search/?api=1&query=46.370575,6.49732",Christelle Vannier Immobilier,https://cvannier-immobilier.com/fr/propriete/vente+appartement+thonon-les-bains+appartement-de-type-3-a-thonon-les-bains+85757383,,,True,"9 Impasse des Tissottes, 74200 Thonon-les-Bains",67.0,1009.0,3.0,66.0,,3.0,1.49,,habitavel
apartamento,Thonon-les-Bains,,,"https://www.google.com/maps/search/?api=1&query=46.370575,6.49732",Laforêt Thonon-Évian,https://www.laforet.com/agence-immobiliere/thonon-evian/acheter/thonon-les-bains/appartement-3-pieces-52232515,,,True,"9 Impasse des Tissottes, 74200 Thonon-les-Bains",67.0,1009.0,3.0,68.0,,3.0,1.47,,habitavel
apartamento,Thonon-les-Bains,,,"https://www.google.com/maps/search/?api=1&query=46.370575,6.49732",Poirier Immobilier Thonon,https://www.poirier-immobilier.com/vente/6-thonon-les-bains/appartement/2467-bel-appartement-de-type-3-a-proximite-immediate-du-centre-ville,,,True,"9 Impasse des Tissottes, 74200 Thonon-les-Bains",67.0,1009.0,3.0,67.05,,3.0,0.07,,habitavel
apartamento,Thonon-les-Bains,,,"https://www.google.com/maps/search/?api=1&query=46.385521,6.498157",CENTURY 21 Chablais-Léman Thonon,https://www.century21-chablais-leman-thonon.com/trouver_logement/detail/16350251916/,,,True,"2 Avenue du Champ Bochard, 74200 Thonon-les-Bains",61.0,777.0,3.0,60.0,,3.0,1.64,,habitavel
apartamento,Thonon-les-Bains,,,"https://www.google.com/maps/search/?api=1&query=46.385521,6.498157",Agence Lehmann,https://lehmann-immo.com/fr/propriete/vente+appartement+thonon-les-bains+87286557,,,,"2 Avenue du Champ Bochard, 74200 Thonon-les-Bains",61.0,777.0,3.0,61.22,,,0.36,,habitavel
apartamento,Thonon-les-Bains,,,"https://www.google.com/maps/search/?api=1&query=46.385521,6.498157",Christelle Vannier Immobilier,https://cvannier-immobilier.com/fr/propriete/vente+appartement+thonon-les-bains+appartement-t3-thonon-centre-ville+85078596,,,True,"2 Avenue du Champ Bochard, 74200 Thonon-les-Bains",61.0,777.0,3.0,62.0,,3.0,1.61,,habitavel
apartamento,Thonon-les-Bains,,,"https://www.google.com/maps/search/?api=1&query=46.383014,6.503205",A&P Immobilier,https://www.immobilierapi.com/vente/1-thonon-les-bains/appartement/t3/894-thonon-les-bains-nouvelle-exclusivite-t3-en-rez-de-jardin-a-decouvrir/,,,True,"8 Rue du Vieux Pont, 74200 Thonon-les-Bains",63.0,690.0,3.0,63.0,,3.0,0.0,,habitavel
apartamento,Thonon-les-Bains,,,"https://www.google.com/maps/search/?api=1&query=46.383014,6.503205",A&P Immobilier,https://www.immobilierapi.com/vente/1-thonon-les-bains/appartement/t3/806-t3-a-fort-potentiel-thonon-les-bains-parking-et-cave-thonon-ouest/,,,True,"8 Rue du Vieux Pont, 74200 Thonon-les-Bains",63.0,690.0,3.0,63.6,,3.0,0.94,,habitavel
apartamento,Thonon-les-Bains,,,"https://www.google.com/maps/search/?api=1&query=46.383014,6.503205",Christelle Vannier Immobilier,https://cvannier-immobilier.com/fr/propriete/vente+appartement+thonon-les-bains+appartement-t3-thonon-centre-ville+85078596,,,True,"8 Rue du Vieux Pont, 74200 Thonon-les-Bains",63.0,690.0,3.0,62.0,,3.0,1.59,,habitavel
apartamento,Thonon-les-Bains,,,"https://www.google.com/maps/search/?api=1&query=46.38756,6.495801",CENTURY 21 Chablais-Léman Thonon,https://www.century21-chablais-leman-thonon.com/trouver_logement/detail/16436700333/,,,True,"19 Impasse des Tattes, 74200 Thonon-les-Bains",72.0,1570.0,3.0,70.6,,3.0,1.94,,habitavel
apartamento,Thonon-les-Bains,,,"https://www.google.com/maps/search/?api=1&query=46.38756,6.495801",Agence Barnoud Thonon,https://www.barnoud-immobilier.fr/vente/74-haute-savoie/1-thonon-les-bains/2-appartement/t4/9874-thonon-appartement-t4/,,,,"19 Impasse des Tattes, 74200 Thonon-les-Bains",72.0,1570.0,3.0,71.85,,,0.21,,habitavel
apartamento,Évian-les-Bains,,,"https://www.google.com/maps/search/?api=1&query=46.3968,6.582998",Agence Barnoud Évian,https://www.barnoud-immobilier.fr/vente/74-haute-savoie/2-evian-les-bains/2-appartement/t3/11190-proche-lac-et-centre-ville-pour-ce-t3/,,,,"30 Avenue De Larringes, 74500 Évian-les-Bains",66.0,759.0,3.0,67.5,,,2.22,,habitavel
apartamento,Évian-les-Bains,,,"https://www.google.com/maps/search/?api=1&query=46.3968,6.582998",Cabinet Greneche,https://grenecheimmo.fr/fr/propriete/vente+appartement+evian-les-bains+appartement-t3-evian-les-bains-proche-embarcadere+87280471,,,,"30 Avenue De Larringes, 74500 Évian-les-Bains",66.0,759.0,3.0,67.0,,,1.49,,habitavel
apartamento,Évian-les-Bains,,,"https://www.google.com/maps/search/?api=1&query=46.39275,6.581462",Agence Barnoud Évian,https://www.barnoud-immobilier.fr/vente/74-haute-savoie/2-evian-les-bains/4-studio/9473-dernier-etage-vue-lac-studio-avec-beaucoup-de-charme/,,,,"1 Route Du Monastere, 74500 Évian-les-Bains",44.0,3110.0,2.0,43.88,,,0.27,,habitavel
apartamento,Thonon-les-Bains,,,"https://www.google.com/maps/search/?api=1&query=46.365419,6.474401",CENTURY 21 Chablais-Léman Thonon,https://www.century21-chablais-leman-thonon.com/trouver_logement/detail/16436700333/,,,True,"32 Boulevard du Pré Cergues, 74200 Thonon-les-Bains",70.0,810.0,3.0,70.6,,3.0,0.85,,habitavel
apartamento,Thonon-les-Bains,,,"https://www.google.com/maps/search/?api=1&query=46.365419,6.474401",Agence Barnoud Thonon,https://www.barnoud-immobilier.fr/vente/74-haute-savoie/1-thonon-les-bains/2-appartement/t3/9917-a-thonon-les-bains-appartement-a-acheter-avec-2-chambres/,,,,"32 Boulevard du Pré Cergues, 74200 Thonon-les-Bains",70.0,810.0,3.0,69.52,,,0.69,,habitavel
apartamento,Thonon-les-Bains,,,"https://www.google.com/maps/search/?api=1&query=46.365419,6.474401",Christelle Vannier Immobilier,https://cvannier-immobilier.com/fr/propriete/vente+appartement+thonon-les-bains+exclusivite-appartement-t3-avec-garage-+86909438,,,True,"32 Boulevard du Pré Cergues, 74200 Thonon-les-Bains",70.0,810.0,3.0,68.98,,3.0,1.46,,habitavel
apartamento,Thonon-les-Bains,,,"https://www.google.com/maps/search/?api=1&query=46.365816,6.47101",Laforêt Thonon-Évian,https://www.laforet.com/agence-immobiliere/thonon-evian/acheter/thonon-les-bains/appartement-3-pieces-52196857,,,True,"7 Rue Alexandre Gander, 74200 Thonon-les-Bains",64.0,1520.0,3.0,65.0,,3.0,1.54,,habitavel
apartamento,Thonon-les-Bains,,,"https://www.google.com/maps/search/?api=1&query=46.365816,6.47101",A&P Immobilier,https://www.immobilierapi.com/vente/1-thonon-les-bains/appartement/t3/894-thonon-les-bains-nouvelle-exclusivite-t3-en-rez-de-jardin-a-decouvrir/,,,True,"7 Rue Alexandre Gander, 74200 Thonon-les-Bains",64.0,1520.0,3.0,63.0,,3.0,1.56,,habitavel
apartamento,Thonon-les-Bains,,,"https://www.google.com/maps/search/?api=1&query=46.365816,6.47101",A&P Immobilier,https://www.immobilierapi.com/vente/1-thonon-les-bains/appartement/t3/806-t3-a-fort-potentiel-thonon-les-bains-parking-et-cave-thonon-ouest/,,,True,"7 Rue Alexandre Gander, 74200 Thonon-les-Bains",64.0,1520.0,3.0,63.6,,3.0,0.62,,habitavel
apartamento,Thonon-les-Bains,,,"https://www.google.com/maps/search/?api=1&query=46.365816,6.47101",Christelle Vannier Immobilier,https://cvannier-immobilier.com/fr/propriete/vente+appartement+thonon-les-bains+exclusivite-t3-en-rez-de-jardin-avec-garage+87300076,,,True,"7 Rue Alexandre Gander, 74200 Thonon-les-Bains",64.0,1520.0,3.0,65.42,,3.0,2.17,,habitavel
apartamento,Thonon-les-Bains,,,"https://www.google.com/maps/search/?api=1&query=46.365816,6.47101",Christelle Vannier Immobilier,https://cvannier-immobilier.com/fr/propriete/vente+appartement+thonon-les-bains+exclusivite-t3-en-duplex+87254132,,,True,"7 Rue Alexandre Gander, 74200 Thonon-les-Bains",64.0,1520.0,3.0,65.0,,3.0,1.54,,habitavel
apartamento,Thonon-les-Bains,,,"https://www.google.com/maps/search/?api=1&query=46.365816,6.47101",Christelle Vannier Immobilier,https://cvannier-immobilier.com/fr/propriete/vente+appartement+thonon-les-bains+exclusivite-appartement-type-3-avec-garage+84395461,,,True,"7 Rue Alexandre Gander, 74200 Thonon-les-Bains",64.0,1520.0,3.0,65.0,,3.0,1.54,,habitavel
apartamento,Thonon-les-Bains,,,"https://www.google.com/maps/search/?api=1&query=46.36888,6.477587",Agence Lehmann,https://lehmann-immo.com/fr/propriete/vente+appartement+thonon-les-bains+appartement-moderne-t3-a-thonon-les-bains+87100377,,,,"8 Boulevard du Général Dessaix, 74200 Thonon-les-Bains",67.0,11481.0,2.0,66.44,,,0.84,,habitavel
apartamento,Évian-les-Bains,,,"https://www.google.com/maps/search/?api=1&query=46.39885,6.577952",Poirier Immobilier Évian,https://www.poirier-immobilier.com/vente/5-evian-les-bains/appartement/2010-appartement-de-standing-centre-ville-d-evian-les-bains,,,True,"17 Avenue Anna De Noailles - Rd 1005, 74500 Évian-les-Bains",62.0,944.0,3.0,63.0,,3.0,1.59,,habitavel
apartamento,Thonon-les-Bains,,,"https://www.google.com/maps/search/?api=1&query=46.387753,6.49565",CENTURY 21 Chablais-Léman Thonon,https://www.century21-chablais-leman-thonon.com/trouver_logement/detail/16436700333/,,,True,"20 Impasse des Tattes, 74200 Thonon-les-Bains",72.0,1570.0,3.0,70.6,,3.0,1.94,,habitavel
apartamento,Thonon-les-Bains,,,"https://www.google.com/maps/search/?api=1&query=46.387753,6.49565",Agence Barnoud Thonon,https://www.barnoud-immobilier.fr/vente/74-haute-savoie/1-thonon-les-bains/2-appartement/t4/9874-thonon-appartement-t4/,,,,"20 Impasse des Tattes, 74200 Thonon-les-Bains",72.0,1570.0,3.0,71.85,,,0.21,,habitavel
apartamento,Thonon-les-Bains,,,"https://www.google.com/maps/search/?api=1&query=46.370859,6.487865",CENTURY 21 Chablais-Léman Thonon,https://www.century21-chablais-leman-thonon.com/trouver_logement/detail/16436700333/,,,True,"5 Chemin Vieux, 74200 Thonon-les-Bains",72.0,272.0,3.0,70.6,,3.0,1.94,,habitavel
apartamento,Thonon-les-Bains,,,"https://www.google.com/maps/search/?api=1&query=46.370859,6.487865",Agence Barnoud Thonon,https://www.barnoud-immobilier.fr/vente/74-haute-savoie/1-thonon-les-bains/2-appartement/t4/9874-thonon-appartement-t4/,,,,"5 Chemin Vieux, 74200 Thonon-les-Bains",72.0,272.0,3.0,71.85,,,0.21,,habitavel
apartamento,Thonon-les-Bains,,,"https://www.google.com/maps/search/?api=1&query=46.364713,6.465342",Laforêt Thonon-Évian,https://www.laforet.com/agence-immobiliere/thonon-evian/acheter/thonon-les-bains/appartement-3-pieces-52196857,,,True,"70 Avenue du Général de Gaulle, 74200 Thonon-les-Bains",65.0,610.0,3.0,65.0,,3.0,0.0,,habitavel
apartamento,Thonon-les-Bains,,,"https://www.google.com/maps/search/?api=1&query=46.364713,6.465342",Agence Lehmann,https://lehmann-immo.com/fr/propriete/vente+appartement+thonon-les-bains+appartement-moderne-t3-a-thonon-les-bains+87100377,,,,"70 Avenue du Général de Gaulle, 74200 Thonon-les-Bains",65.0,610.0,3.0,66.44,,,2.17,,habitavel
apartamento,Thonon-les-Bains,,,"https://www.google.com/maps/search/?api=1&query=46.364713,6.465342",Agence Lehmann,https://lehmann-immo.com/fr/propriete/vente+appartement+thonon-les-bains+bel-appartement-3-pieces-moderne-a-thonon-les-bains+87095945,,,True,"70 Avenue du Général de Gaulle, 74200 Thonon-les-Bains",65.0,610.0,3.0,66.53,,3.0,2.3,,habitavel
apartamento,Thonon-les-Bains,,,"https://www.google.com/maps/search/?api=1&query=46.364713,6.465342",A&P Immobilier,https://www.immobilierapi.com/vente/1-thonon-les-bains/appartement/t3/806-t3-a-fort-potentiel-thonon-les-bains-parking-et-cave-thonon-ouest/,,,True,"70 Avenue du Général de Gaulle, 74200 Thonon-les-Bains",65.0,610.0,3.0,63.6,,3.0,2.15,,habitavel
apartamento,Thonon-les-Bains,,,"https://www.google.com/maps/search/?api=1&query=46.364713,6.465342",Christelle Vannier Immobilier,https://cvannier-immobilier.com/fr/propriete/vente+appartement+thonon-les-bains+exclusivite-t3-en-rez-de-jardin-avec-garage+87300076,,,True,"70 Avenue du Général de Gaulle, 74200 Thonon-les-Bains",65.0,610.0,3.0,65.42,,3.0,0.64,,habitavel
apartamento,Thonon-les-Bains,,,"https://www.google.com/maps/search/?api=1&query=46.364713,6.465342",Christelle Vannier Immobilier,https://cvannier-immobilier.com/fr/propriete/vente+appartement+thonon-les-bains+exclusivite-t3-en-duplex+87254132,,,True,"70 Avenue du Général de Gaulle, 74200 Thonon-les-Bains",65.0,610.0,3.0,65.0,,3.0,0.0,,habitavel
apartamento,Thonon-les-Bains,,,"https://www.google.com/maps/search/?api=1&query=46.364713,6.465342",Christelle Vannier Immobilier,https://cvannier-immobilier.com/fr/propriete/vente+appartement+thonon-les-bains+appartement-de-type-3-a-thonon-les-bains+85757383,,,True,"70 Avenue du Général de Gaulle, 74200 Thonon-les-Bains",65.0,610.0,3.0,66.0,,3.0,1.52,,habitavel
apartamento,Thonon-les-Bains,,,"https://www.google.com/maps/search/?api=1&query=46.364713,6.465342",Christelle Vannier Immobilier,https://cvannier-immobilier.com/fr/propriete/vente+appartement+thonon-les-bains+exclusivite-appartement-type-3-avec-garage+84395461,,,True,"70 Avenue du Général de Gaulle, 74200 Thonon-les-Bains",65.0,610.0,3.0,65.0,,3.0,0.0,,habitavel
apartamento,Thonon-les-Bains,,,"https://www.google.com/maps/search/?api=1&query=46.387696,6.495872",CENTURY 21 Chablais-Léman Thonon,https://www.century21-chablais-leman-thonon.com/trouver_logement/detail/16436700333/,,,True,"21 Impasse des Tattes, 74200 Thonon-les-Bains",72.0,1570.0,3.0,70.6,,3.0,1.94,,habitavel
apartamento,Thonon-les-Bains,,,"https://www.google.com/maps/search/?api=1&query=46.387696,6.495872",Agence Barnoud Thonon,https://www.barnoud-immobilier.fr/vente/74-haute-savoie/1-thonon-les-bains/2-appartement/t4/9874-thonon-appartement-t4/,,,,"21 Impasse des Tattes, 74200 Thonon-les-Bains",72.0,1570.0,3.0,71.85,,,0.21,,habitavel
apartamento,Thonon-les-Bains,,,"https://www.google.com/maps/search/?api=1&query=46.364345,6.477834",Laforêt Thonon-Évian,https://www.laforet.com/agence-immobiliere/thonon-evian/acheter/thonon-les-bains/appartement-2-pieces-52534317,,,True,"2 Rue des Charmilles, 74200 Thonon-les-Bains",40.0,460.0,2.0,40.0,,2.0,0.0,,habitavel
apartamento,Thonon-les-Bains,,,"https://www.google.com/maps/search/?api=1&query=46.364345,6.477834",Leman Property Thonon,https://www.leman-property.com/vente/appartement/thonon-les-bains/thonon-les-bains-t2-duplex-renove-vue-lac/,,,,"2 Rue des Charmilles, 74200 Thonon-les-Bains",40.0,460.0,2.0,40.0,,,0.0,,habitavel
apartamento,Thonon-les-Bains,,,"https://www.google.com/maps/search/?api=1&query=46.364345,6.477834",Christelle Vannier Immobilier,https://cvannier-immobilier.com/fr/propriete/vente+appartement+thonon-les-bains+exclusivite-appartement-de-type-2-avec-cave+86737083,,,True,"2 Rue des Charmilles, 74200 Thonon-les-Bains",40.0,460.0,2.0,40.0,,2.0,0.0,,habitavel
apartamento,Thonon-les-Bains,,,"https://www.google.com/maps/search/?api=1&query=46.364345,6.477834",Christelle Vannier Immobilier,https://cvannier-immobilier.com/fr/propriete/vente+appartement+thonon-les-bains+appartement-t2-thonon-les-bains+86380593,,,True,"2 Rue des Charmilles, 74200 Thonon-les-Bains",40.0,460.0,2.0,40.25,,2.0,0.62,,habitavel
apartamento,Thonon-les-Bains,,,"https://www.google.com/maps/search/?api=1&query=46.363243,6.445346",CENTURY 21 Chablais-Léman Thonon,https://www.century21-chablais-leman-thonon.com/trouver_logement/detail/16436700333/,,,True,"6 Chemin des Moulins de Corzent, 74200 Thonon-les-Bains",70.0,480.0,3.0,70.6,,3.0,0.85,,habitavel
apartamento,Thonon-les-Bains,,,"https://www.google.com/maps/search/?api=1&query=46.363243,6.445346",Agence Barnoud Thonon,https://www.barnoud-immobilier.fr/vente/74-haute-savoie/1-thonon-les-bains/2-appartement/t3/9917-a-thonon-les-bains-appartement-a-acheter-avec-2-chambres/,,,,"6 Chemin des Moulins de Corzent, 74200 Thonon-les-Bains",70.0,480.0,3.0,69.52,,,0.69,,habitavel
apartamento,Thonon-les-Bains,,,"https://www.google.com/maps/search/?api=1&query=46.363243,6.445346",Christelle Vannier Immobilier,https://cvannier-immobilier.com/fr/propriete/vente+appartement+thonon-les-bains+exclusivite-appartement-t3-avec-garage-+86909438,,,True,"6 Chemin des Moulins de Corzent, 74200 Thonon-les-Bains",70.0,480.0,3.0,68.98,,3.0,1.46,,habitavel
apartamento,Thonon-les-Bains,,,"https://www.google.com/maps/search/?api=1&query=46.375207,6.478759",Laforêt Thonon-Évian,https://www.laforet.com/agence-immobiliere/thonon-evian/acheter/thonon-les-bains/appartement-3-pieces-52703873,,,True,"5 Rue des Pêcheurs, 74200 Thonon-les-Bains",74.0,171.0,3.0,75.0,,3.0,1.33,,habitavel
apartamento,Thonon-les-Bains,,,"https://www.google.com/maps/search/?api=1&query=46.375207,6.478759",Laforêt Thonon-Évian,https://www.laforet.com/agence-immobiliere/thonon-evian/acheter/thonon-les-bains/appartement-3-pieces-52402655,,,True,"5 Rue des Pêcheurs, 74200 Thonon-les-Bains",74.0,171.0,3.0,75.0,,3.0,1.33,,habitavel
apartamento,Évian-les-Bains,,,"https://www.google.com/maps/search/?api=1&query=46.400089,6.598618",Nestenn Évian,https://immobilier-evian-les-bains.nestenn.com/centre-d-evian-grand-t3-dans-residence-recente-avec-ascenseur-parking-disponible-ref-39259091,,,True,"7 Avenue Des Grottes, 74500 Évian-les-Bains",70.0,1367.0,3.0,71.0,,3.0,1.41,,habitavel
apartamento,Thonon-les-Bains,,,"https://www.google.com/maps/search/?api=1&query=46.371105,6.479866",Agence Barnoud Thonon,https://www.barnoud-immobilier.fr/vente/74-haute-savoie/1-thonon-les-bains/2-appartement/t2/11354-appartement-de-type-2-a-vendre-a-thonon-les-bains/,,,,"5 Rue des Arts, 74200 Thonon-les-Bains",46.0,112.0,1.0,46.0,,,0.0,,habitavel
apartamento,Thonon-les-Bains,,,"https://www.google.com/maps/search/?api=1&query=46.369419,6.475806",Laforêt Thonon-Évian,https://www.laforet.com/agence-immobiliere/thonon-evian/acheter/thonon-les-bains/appartement-3-pieces-52196898,,,True,"14 Avenue du Général de Gaulle, 74200 Thonon-les-Bains",67.0,795.0,3.0,68.0,,3.0,1.47,,habitavel
apartamento,Thonon-les-Bains,,,"https://www.google.com/maps/search/?api=1&query=46.369419,6.475806",Laforêt Thonon-Évian,https://www.laforet.com/agence-immobiliere/thonon-evian/acheter/thonon-les-bains/appartement-3-pieces-52232506,,,True,"14 Avenue du Général de Gaulle, 74200 Thonon-les-Bains",67.0,795.0,3.0,68.0,,3.0,1.47,,habitavel
apartamento,Thonon-les-Bains,,,"https://www.google.com/maps/search/?api=1&query=46.369419,6.475806",CENTURY 21 Chablais-Léman Thonon,https://www.century21-chablais-leman-thonon.com/trouver_logement/detail/15273893649/,,,True,"14 Avenue du Général de Gaulle, 74200 Thonon-les-Bains",67.0,795.0,3.0,68.0,,3.0,1.47,,habitavel
apartamento,Thonon-les-Bains,,,"https://www.google.com/maps/search/?api=1&query=46.369419,6.475806",CENTURY 21 Chablais-Léman Thonon,https://www.century21-chablais-leman-thonon.com/trouver_logement/detail/15273884285/,,,True,"14 Avenue du Général de Gaulle, 74200 Thonon-les-Bains",67.0,795.0,3.0,68.0,,3.0,1.47,,habitavel
apartamento,Thonon-les-Bains,,,"https://www.google.com/maps/search/?api=1&query=46.369419,6.475806",Agence Lehmann,https://lehmann-immo.com/fr/propriete/vente+appartement+thonon-les-bains+appartement-moderne-t3-a-thonon-les-bains+87100377,,,,"14 Avenue du Général de Gaulle, 74200 Thonon-les-Bains",67.0,795.0,3.0,66.44,,,0.84,,habitavel
apartamento,Thonon-les-Bains,,,"https://www.google.com/maps/search/?api=1&query=46.369419,6.475806",CENTURY 21 Chablais-Léman Thonon,https://www.century21-chablais-leman-thonon.com/trouver_logement/detail/15273980963/,,,True,"14 Avenue du Général de Gaulle, 74200 Thonon-les-Bains",67.0,795.0,3.0,68.0,,3.0,1.47,,habitavel
apartamento,Thonon-les-Bains,,,"https://www.google.com/maps/search/?api=1&query=46.369419,6.475806",Agence Lehmann,https://lehmann-immo.com/fr/propriete/vente+appartement+thonon-les-bains+bel-appartement-3-pieces-moderne-a-thonon-les-bains+87095945,,,True,"14 Avenue du Général de Gaulle, 74200 Thonon-les-Bains",67.0,795.0,3.0,66.53,,3.0,0.7,,habitavel
apartamento,Thonon-les-Bains,,,"https://www.google.com/maps/search/?api=1&query=46.369419,6.475806",Christelle Vannier Immobilier,https://cvannier-immobilier.com/fr/propriete/vente+appartement+thonon-les-bains+exclusivite-t3-en-rez-de-jardin-avec-garage+87300076,,,True,"14 Avenue du Général de Gaulle, 74200 Thonon-les-Bains",67.0,795.0,3.0,65.42,,3.0,2.36,,habitavel
apartamento,Thonon-les-Bains,,,"https://www.google.com/maps/search/?api=1&query=46.369419,6.475806",A&P Immobilier,https://www.immobilierapi.com/vente/1-thonon-les-bains/appartement/t3/864-thonon-les-bains-magnifique-appartement-t3-en-centre-au-calme-a-saisir/,,,True,"14 Avenue du Général de Gaulle, 74200 Thonon-les-Bains",67.0,795.0,3.0,68.0,,3.0,1.47,,habitavel
apartamento,Thonon-les-Bains,,,"https://www.google.com/maps/search/?api=1&query=46.369419,6.475806",Christelle Vannier Immobilier,https://cvannier-immobilier.com/fr/propriete/vente+appartement+thonon-les-bains+appartement-de-type-3-a-thonon-les-bains+85757383,,,True,"14 Avenue du Général de Gaulle, 74200 Thonon-les-Bains",67.0,795.0,3.0,66.0,,3.0,1.49,,habitavel
apartamento,Thonon-les-Bains,,,"https://www.google.com/maps/search/?api=1&query=46.369419,6.475806",Laforêt Thonon-Évian,https://www.laforet.com/agence-immobiliere/thonon-evian/acheter/thonon-les-bains/appartement-3-pieces-52232515,,,True,"14 Avenue du Général de Gaulle, 74200 Thonon-les-Bains",67.0,795.0,3.0,68.0,,3.0,1.47,,habitavel
apartamento,Thonon-les-Bains,,,"https://www.google.com/maps/search/?api=1&query=46.369419,6.475806",Poirier Immobilier Thonon,https://www.poirier-immobilier.com/vente/6-thonon-les-bains/appartement/2467-bel-appartement-de-type-3-a-proximite-immediate-du-centre-ville,,,True,"14 Avenue du Général de Gaulle, 74200 Thonon-les-Bains",67.0,795.0,3.0,67.05,,3.0,0.07,,habitavel
apartamento,Thonon-les-Bains,,,"https://www.google.com/maps/search/?api=1&query=46.374181,6.491336",Laforêt Thonon-Évian,https://www.laforet.com/agence-immobiliere/thonon-evian/acheter/thonon-les-bains/appartement-3-pieces-52196898,,,True,"32 Avenue des Romains, 74200 Thonon-les-Bains",67.0,750.0,3.0,68.0,,3.0,1.47,,habitavel
apartamento,Thonon-les-Bains,,,"https://www.google.com/maps/search/?api=1&query=46.374181,6.491336",Laforêt Thonon-Évian,https://www.laforet.com/agence-immobiliere/thonon-evian/acheter/thonon-les-bains/appartement-3-pieces-52232506,,,True,"32 Avenue des Romains, 74200 Thonon-les-Bains",67.0,750.0,3.0,68.0,,3.0,1.47,,habitavel
apartamento,Thonon-les-Bains,,,"https://www.google.com/maps/search/?api=1&query=46.374181,6.491336",CENTURY 21 Chablais-Léman Thonon,https://www.century21-chablais-leman-thonon.com/trouver_logement/detail/15273893649/,,,True,"32 Avenue des Romains, 74200 Thonon-les-Bains",67.0,750.0,3.0,68.0,,3.0,1.47,,habitavel
apartamento,Thonon-les-Bains,,,"https://www.google.com/maps/search/?api=1&query=46.374181,6.491336",CENTURY 21 Chablais-Léman Thonon,https://www.century21-chablais-leman-thonon.com/trouver_logement/detail/15273884285/,,,True,"32 Avenue des Romains, 74200 Thonon-les-Bains",67.0,750.0,3.0,68.0,,3.0,1.47,,habitavel
apartamento,Thonon-les-Bains,,,"https://www.google.com/maps/search/?api=1&query=46.374181,6.491336",Agence Lehmann,https://lehmann-immo.com/fr/propriete/vente+appartement+thonon-les-bains+appartement-moderne-t3-a-thonon-les-bains+87100377,,,,"32 Avenue des Romains, 74200 Thonon-les-Bains",67.0,750.0,3.0,66.44,,,0.84,,habitavel
apartamento,Thonon-les-Bains,,,"https://www.google.com/maps/search/?api=1&query=46.374181,6.491336",CENTURY 21 Chablais-Léman Thonon,https://www.century21-chablais-leman-thonon.com/trouver_logement/detail/15273980963/,,,True,"32 Avenue des Romains, 74200 Thonon-les-Bains",67.0,750.0,3.0,68.0,,3.0,1.47,,habitavel
apartamento,Thonon-les-Bains,,,"https://www.google.com/maps/search/?api=1&query=46.374181,6.491336",Agence Lehmann,https://lehmann-immo.com/fr/propriete/vente+appartement+thonon-les-bains+bel-appartement-3-pieces-moderne-a-thonon-les-bains+87095945,,,True,"32 Avenue des Romains, 74200 Thonon-les-Bains",67.0,750.0,3.0,66.53,,3.0,0.7,,habitavel
apartamento,Thonon-les-Bains,,,"https://www.google.com/maps/search/?api=1&query=46.374181,6.491336",Christelle Vannier Immobilier,https://cvannier-immobilier.com/fr/propriete/vente+appartement+thonon-les-bains+exclusivite-t3-en-rez-de-jardin-avec-garage+87300076,,,True,"32 Avenue des Romains, 74200 Thonon-les-Bains",67.0,750.0,3.0,65.42,,3.0,2.36,,habitavel
apartamento,Thonon-les-Bains,,,"https://www.google.com/maps/search/?api=1&query=46.374181,6.491336",A&P Immobilier,https://www.immobilierapi.com/vente/1-thonon-les-bains/appartement/t3/864-thonon-les-bains-magnifique-appartement-t3-en-centre-au-calme-a-saisir/,,,True,"32 Avenue des Romains, 74200 Thonon-les-Bains",67.0,750.0,3.0,68.0,,3.0,1.47,,habitavel
apartamento,Thonon-les-Bains,,,"https://www.google.com/maps/search/?api=1&query=46.374181,6.491336",Christelle Vannier Immobilier,https://cvannier-immobilier.com/fr/propriete/vente+appartement+thonon-les-bains+appartement-de-type-3-a-thonon-les-bains+85757383,,,True,"32 Avenue des Romains, 74200 Thonon-les-Bains",67.0,750.0,3.0,66.0,,3.0,1.49,,habitavel
apartamento,Thonon-les-Bains,,,"https://www.google.com/maps/search/?api=1&query=46.374181,6.491336",Laforêt Thonon-Évian,https://www.laforet.com/agence-immobiliere/thonon-evian/acheter/thonon-les-bains/appartement-3-pieces-52232515,,,True,"32 Avenue des Romains, 74200 Thonon-les-Bains",67.0,750.0,3.0,68.0,,3.0,1.47,,habitavel
apartamento,Thonon-les-Bains,,,"https://www.google.com/maps/search/?api=1&query=46.374181,6.491336",Poirier Immobilier Thonon,https://www.poirier-immobilier.com/vente/6-thonon-les-bains/appartement/2467-bel-appartement-de-type-3-a-proximite-immediate-du-centre-ville,,,True,"32 Avenue des Romains, 74200 Thonon-les-Bains",67.0,750.0,3.0,67.05,,3.0,0.07,,habitavel
apartamento,Évian-les-Bains,,,"https://www.google.com/maps/search/?api=1&query=46.394455,6.582068",Poirier Immobilier Évian,https://www.poirier-immobilier.com/vente/5-evian-les-bains/appartement/2010-appartement-de-standing-centre-ville-d-evian-les-bains,,,True,"6 Route Nouvelle Du Stade, 74500 Évian-les-Bains",64.0,1292.0,3.0,63.0,,3.0,1.56,,habitavel
apartamento,Évian-les-Bains,,,"https://www.google.com/maps/search/?api=1&query=46.398818,6.577719",Poirier Immobilier Évian,https://www.poirier-immobilier.com/vente/5-evian-les-bains/appartement/2010-appartement-de-standing-centre-ville-d-evian-les-bains,,,True,"19 Avenue Anna De Noailles - Rd 1005, 74500 Évian-les-Bains",62.0,1111.0,3.0,63.0,,3.0,1.59,,habitavel
apartamento,Thonon-les-Bains,,,"https://www.google.com/maps/search/?api=1&query=46.364175,6.456164",Laforêt Thonon-Évian,https://www.laforet.com/agence-immobiliere/thonon-evian/acheter/thonon-les-bains/appartement-3-pieces-52196857,,,True,"21 Chemin du Pillon, 74200 Thonon-les-Bains",65.0,9117.0,3.0,65.0,,3.0,0.0,,habitavel
apartamento,Thonon-les-Bains,,,"https://www.google.com/maps/search/?api=1&query=46.364175,6.456164",Agence Lehmann,https://lehmann-immo.com/fr/propriete/vente+appartement+thonon-les-bains+appartement-moderne-t3-a-thonon-les-bains+87100377,,,,"21 Chemin du Pillon, 74200 Thonon-les-Bains",65.0,9117.0,3.0,66.44,,,2.17,,habitavel
apartamento,Thonon-les-Bains,,,"https://www.google.com/maps/search/?api=1&query=46.364175,6.456164",Agence Lehmann,https://lehmann-immo.com/fr/propriete/vente+appartement+thonon-les-bains+bel-appartement-3-pieces-moderne-a-thonon-les-bains+87095945,,,True,"21 Chemin du Pillon, 74200 Thonon-les-Bains",65.0,9117.0,3.0,66.53,,3.0,2.3,,habitavel
apartamento,Thonon-les-Bains,,,"https://www.google.com/maps/search/?api=1&query=46.364175,6.456164",A&P Immobilier,https://www.immobilierapi.com/vente/1-thonon-les-bains/appartement/t3/806-t3-a-fort-potentiel-thonon-les-bains-parking-et-cave-thonon-ouest/,,,True,"21 Chemin du Pillon, 74200 Thonon-les-Bains",65.0,9117.0,3.0,63.6,,3.0,2.15,,habitavel
apartamento,Thonon-les-Bains,,,"https://www.google.com/maps/search/?api=1&query=46.364175,6.456164",Christelle Vannier Immobilier,https://cvannier-immobilier.com/fr/propriete/vente+appartement+thonon-les-bains+exclusivite-t3-en-rez-de-jardin-avec-garage+87300076,,,True,"21 Chemin du Pillon, 74200 Thonon-les-Bains",65.0,9117.0,3.0,65.42,,3.0,0.64,,habitavel
apartamento,Thonon-les-Bains,,,"https://www.google.com/maps/search/?api=1&query=46.364175,6.456164",Christelle Vannier Immobilier,https://cvannier-immobilier.com/fr/propriete/vente+appartement+thonon-les-bains+exclusivite-t3-en-duplex+87254132,,,True,"21 Chemin du Pillon, 74200 Thonon-les-Bains",65.0,9117.0,3.0,65.0,,3.0,0.0,,habitavel
apartamento,Thonon-les-Bains,,,"https://www.google.com/maps/search/?api=1&query=46.364175,6.456164",Christelle Vannier Immobilier,https://cvannier-immobilier.com/fr/propriete/vente+appartement+thonon-les-bains+appartement-de-type-3-a-thonon-les-bains+85757383,,,True,"21 Chemin du Pillon, 74200 Thonon-les-Bains",65.0,9117.0,3.0,66.0,,3.0,1.52,,habitavel
apartamento,Thonon-les-Bains,,,"https://www.google.com/maps/search/?api=1&query=46.364175,6.456164",Christelle Vannier Immobilier,https://cvannier-immobilier.com/fr/propriete/vente+appartement+thonon-les-bains+exclusivite-appartement-type-3-avec-garage+84395461,,,True,"21 Chemin du Pillon, 74200 Thonon-les-Bains",65.0,9117.0,3.0,65.0,,3.0,0.0,,habitavel
apartamento,Thonon-les-Bains,,,"https://www.google.com/maps/search/?api=1&query=46.36571,6.470313",Laforêt Thonon-Évian,https://www.laforet.com/agence-immobiliere/thonon-evian/acheter/thonon-les-bains/appartement-3-pieces-52196857,,,True,"1 Impasse du Forchat, 74200 Thonon-les-Bains",64.0,1812.0,3.0,65.0,,3.0,1.54,,habitavel
apartamento,Thonon-les-Bains,,,"https://www.google.com/maps/search/?api=1&query=46.36571,6.470313",A&P Immobilier,https://www.immobilierapi.com/vente/1-thonon-les-bains/appartement/t3/894-thonon-les-bains-nouvelle-exclusivite-t3-en-rez-de-jardin-a-decouvrir/,,,True,"1 Impasse du Forchat, 74200 Thonon-les-Bains",64.0,1812.0,3.0,63.0,,3.0,1.56,,habitavel
apartamento,Thonon-les-Bains,,,"https://www.google.com/maps/search/?api=1&query=46.36571,6.470313",A&P Immobilier,https://www.immobilierapi.com/vente/1-thonon-les-bains/appartement/t3/806-t3-a-fort-potentiel-thonon-les-bains-parking-et-cave-thonon-ouest/,,,True,"1 Impasse du Forchat, 74200 Thonon-les-Bains",64.0,1812.0,3.0,63.6,,3.0,0.62,,habitavel
apartamento,Thonon-les-Bains,,,"https://www.google.com/maps/search/?api=1&query=46.36571,6.470313",Christelle Vannier Immobilier,https://cvannier-immobilier.com/fr/propriete/vente+appartement+thonon-les-bains+exclusivite-t3-en-rez-de-jardin-avec-garage+87300076,,,True,"1 Impasse du Forchat, 74200 Thonon-les-Bains",64.0,1812.0,3.0,65.42,,3.0,2.17,,habitavel
apartamento,Thonon-les-Bains,,,"https://www.google.com/maps/search/?api=1&query=46.36571,6.470313",Christelle Vannier Immobilier,https://cvannier-immobilier.com/fr/propriete/vente+appartement+thonon-les-bains+exclusivite-t3-en-duplex+87254132,,,True,"1 Impasse du Forchat, 74200 Thonon-les-Bains",64.0,1812.0,3.0,65.0,,3.0,1.54,,habitavel
apartamento,Thonon-les-Bains,,,"https://www.google.com/maps/search/?api=1&query=46.36571,6.470313",Christelle Vannier Immobilier,https://cvannier-immobilier.com/fr/propriete/vente+appartement+thonon-les-bains+exclusivite-appartement-type-3-avec-garage+84395461,,,True,"1 Impasse du Forchat, 74200 Thonon-les-Bains",64.0,1812.0,3.0,65.0,,3.0,1.54,,habitavel
apartamento,Thonon-les-Bains,,,"https://www.google.com/maps/search/?api=1&query=46.370504,6.490015",Laforêt Thonon-Évian,https://www.laforet.com/agence-immobiliere/thonon-evian/acheter/thonon-les-bains/appartement-3-pieces-52196857,,,True,"25 Avenue des Vallées, 74200 Thonon-les-Bains",64.0,1316.0,3.0,65.0,,3.0,1.54,,habitavel
apartamento,Thonon-les-Bains,,,"https://www.google.com/maps/search/?api=1&query=46.370504,6.490015",A&P Immobilier,https://www.immobilierapi.com/vente/1-thonon-les-bains/appartement/t3/894-thonon-les-bains-nouvelle-exclusivite-t3-en-rez-de-jardin-a-decouvrir/,,,True,"25 Avenue des Vallées, 74200 Thonon-les-Bains",64.0,1316.0,3.0,63.0,,3.0,1.56,,habitavel
apartamento,Thonon-les-Bains,,,"https://www.google.com/maps/search/?api=1&query=46.370504,6.490015",A&P Immobilier,https://www.immobilierapi.com/vente/1-thonon-les-bains/appartement/t3/806-t3-a-fort-potentiel-thonon-les-bains-parking-et-cave-thonon-ouest/,,,True,"25 Avenue des Vallées, 74200 Thonon-les-Bains",64.0,1316.0,3.0,63.6,,3.0,0.62,,habitavel
apartamento,Thonon-les-Bains,,,"https://www.google.com/maps/search/?api=1&query=46.370504,6.490015",Christelle Vannier Immobilier,https://cvannier-immobilier.com/fr/propriete/vente+appartement+thonon-les-bains+exclusivite-t3-en-rez-de-jardin-avec-garage+87300076,,,True,"25 Avenue des Vallées, 74200 Thonon-les-Bains",64.0,1316.0,3.0,65.42,,3.0,2.17,,habitavel
apartamento,Thonon-les-Bains,,,"https://www.google.com/maps/search/?api=1&query=46.370504,6.490015",Christelle Vannier Immobilier,https://cvannier-immobilier.com/fr/propriete/vente+appartement+thonon-les-bains+exclusivite-t3-en-duplex+87254132,,,True,"25 Avenue des Vallées, 74200 Thonon-les-Bains",64.0,1316.0,3.0,65.0,,3.0,1.54,,habitavel
apartamento,Thonon-les-Bains,,,"https://www.google.com/maps/search/?api=1&query=46.370504,6.490015",Christelle Vannier Immobilier,https://cvannier-immobilier.com/fr/propriete/vente+appartement+thonon-les-bains+exclusivite-appartement-type-3-avec-garage+84395461,,,True,"25 Avenue des Vallées, 74200 Thonon-les-Bains",64.0,1316.0,3.0,65.0,,3.0,1.54,,habitavel
apartamento,Thonon-les-Bains,,,"https://www.google.com/maps/search/?api=1&query=46.362828,6.465083",Laforêt Thonon-Évian,https://www.laforet.com/agence-immobiliere/thonon-evian/acheter/thonon-les-bains/appartement-3-pieces-52196857,,,True,"11 Avenue de la Grangette, 74200 Thonon-les-Bains",66.0,13626.0,3.0,65.0,,3.0,1.52,,habitavel
apartamento,Thonon-les-Bains,,,"https://www.google.com/maps/search/?api=1&query=46.362828,6.465083",Agence Lehmann,https://lehmann-immo.com/fr/propriete/vente+appartement+thonon-les-bains+appartement-moderne-t3-a-thonon-les-bains+87100377,,,,"11 Avenue de la Grangette, 74200 Thonon-les-Bains",66.0,13626.0,3.0,66.44,,,0.66,,habitavel
apartamento,Thonon-les-Bains,,,"https://www.google.com/maps/search/?api=1&query=46.362828,6.465083",Agence Lehmann,https://lehmann-immo.com/fr/propriete/vente+appartement+thonon-les-bains+bel-appartement-3-pieces-moderne-a-thonon-les-bains+87095945,,,True,"11 Avenue de la Grangette, 74200 Thonon-les-Bains",66.0,13626.0,3.0,66.53,,3.0,0.8,,habitavel
apartamento,Thonon-les-Bains,,,"https://www.google.com/maps/search/?api=1&query=46.362828,6.465083",Christelle Vannier Immobilier,https://cvannier-immobilier.com/fr/propriete/vente+appartement+thonon-les-bains+exclusivite-t3-en-rez-de-jardin-avec-garage+87300076,,,True,"11 Avenue de la Grangette, 74200 Thonon-les-Bains",66.0,13626.0,3.0,65.42,,3.0,0.88,,habitavel
apartamento,Thonon-les-Bains,,,"https://www.google.com/maps/search/?api=1&query=46.362828,6.465083",Christelle Vannier Immobilier,https://cvannier-immobilier.com/fr/propriete/vente+appartement+thonon-les-bains+exclusivite-t3-en-duplex+87254132,,,True,"11 Avenue de la Grangette, 74200 Thonon-les-Bains",66.0,13626.0,3.0,65.0,,3.0,1.52,,habitavel
apartamento,Thonon-les-Bains,,,"https://www.google.com/maps/search/?api=1&query=46.362828,6.465083",Christelle Vannier Immobilier,https://cvannier-immobilier.com/fr/propriete/vente+appartement+thonon-les-bains+appartement-de-type-3-a-thonon-les-bains+85757383,,,True,"11 Avenue de la Grangette, 74200 Thonon-les-Bains",66.0,13626.0,3.0,66.0,,3.0,0.0,,habitavel
apartamento,Thonon-les-Bains,,,"https://www.google.com/maps/search/?api=1&query=46.362828,6.465083",Christelle Vannier Immobilier,https://cvannier-immobilier.com/fr/propriete/vente+appartement+thonon-les-bains+exclusivite-appartement-type-3-avec-garage+84395461,,,True,"11 Avenue de la Grangette, 74200 Thonon-les-Bains",66.0,13626.0,3.0,65.0,,3.0,1.52,,habitavel
apartamento,Thonon-les-Bains,,,"https://www.google.com/maps/search/?api=1&query=46.362828,6.465083",Poirier Immobilier Thonon,https://www.poirier-immobilier.com/vente/6-thonon-les-bains/appartement/2467-bel-appartement-de-type-3-a-proximite-immediate-du-centre-ville,,,True,"11 Avenue de la Grangette, 74200 Thonon-les-Bains",66.0,13626.0,3.0,67.05,,3.0,1.57,,habitavel
apartamento,Évian-les-Bains,,,"https://www.google.com/maps/search/?api=1&query=46.400473,6.589495",Agence Barnoud Évian,https://www.barnoud-immobilier.fr/vente/74-haute-savoie/2-evian-les-bains/2-appartement/t3/11190-proche-lac-et-centre-ville-pour-ce-t3/,,,,"57 Rue Nationale, 74500 Évian-les-Bains",67.0,209.0,3.0,67.5,,,0.74,,habitavel
apartamento,Évian-les-Bains,,,"https://www.google.com/maps/search/?api=1&query=46.400473,6.589495",Cabinet Greneche,https://grenecheimmo.fr/fr/propriete/vente+appartement+evian-les-bains+appartement-t3-evian-les-bains-proche-embarcadere+87280471,,,,"57 Rue Nationale, 74500 Évian-les-Bains",67.0,209.0,3.0,67.0,,,0.0,,habitavel
apartamento,Thonon-les-Bains,,,"https://www.google.com/maps/search/?api=1&query=46.37157,6.487148",CENTURY 21 Chablais-Léman Thonon,https://www.century21-chablais-leman-thonon.com/trouver_logement/detail/16436700333/,,,True,"16 Chemin Vieux, 74200 Thonon-les-Bains",70.0,774.0,3.0,70.6,,3.0,0.85,,habitavel
apartamento,Thonon-les-Bains,,,"https://www.google.com/maps/search/?api=1&query=46.37157,6.487148",Agence Barnoud Thonon,https://www.barnoud-immobilier.fr/vente/74-haute-savoie/1-thonon-les-bains/2-appartement/t3/9917-a-thonon-les-bains-appartement-a-acheter-avec-2-chambres/,,,,"16 Chemin Vieux, 74200 Thonon-les-Bains",70.0,774.0,3.0,69.52,,,0.69,,habitavel
apartamento,Thonon-les-Bains,,,"https://www.google.com/maps/search/?api=1&query=46.37157,6.487148",Christelle Vannier Immobilier,https://cvannier-immobilier.com/fr/propriete/vente+appartement+thonon-les-bains+exclusivite-appartement-t3-avec-garage-+86909438,,,True,"16 Chemin Vieux, 74200 Thonon-les-Bains",70.0,774.0,3.0,68.98,,3.0,1.46,,habitavel
apartamento,Thonon-les-Bains,,,"https://www.google.com/maps/search/?api=1&query=46.370991,6.487888",CENTURY 21 Chablais-Léman Thonon,https://www.century21-chablais-leman-thonon.com/trouver_logement/detail/16436700333/,,,True,"7 Chemin Vieux, 74200 Thonon-les-Bains",72.0,180.0,3.0,70.6,,3.0,1.94,,habitavel
apartamento,Thonon-les-Bains,,,"https://www.google.com/maps/search/?api=1&query=46.370991,6.487888",Agence Barnoud Thonon,https://www.barnoud-immobilier.fr/vente/74-haute-savoie/1-thonon-les-bains/2-appartement/t4/9874-thonon-appartement-t4/,,,,"7 Chemin Vieux, 74200 Thonon-les-Bains",72.0,180.0,3.0,71.85,,,0.21,,habitavel
apartamento,Thonon-les-Bains,,,"https://www.google.com/maps/search/?api=1&query=46.374185,6.494319",CENTURY 21 Chablais-Léman Thonon,https://www.century21-chablais-leman-thonon.com/trouver_logement/detail/16436700333/,,,True,"1 Impasse du Clos du Châtelard, 74200 Thonon-les-Bains",71.0,579.0,3.0,70.6,,3.0,0.56,,habitavel
apartamento,Thonon-les-Bains,,,"https://www.google.com/maps/search/?api=1&query=46.374185,6.494319",Agence Barnoud Thonon,https://www.barnoud-immobilier.fr/vente/74-haute-savoie/1-thonon-les-bains/2-appartement/t3/9917-a-thonon-les-bains-appartement-a-acheter-avec-2-chambres/,,,,"1 Impasse du Clos du Châtelard, 74200 Thonon-les-Bains",71.0,579.0,3.0,69.52,,,2.08,,habitavel
apartamento,Thonon-les-Bains,,,"https://www.google.com/maps/search/?api=1&query=46.374185,6.494319",Agence Barnoud Thonon,https://www.barnoud-immobilier.fr/vente/74-haute-savoie/1-thonon-les-bains/2-appartement/t4/9874-thonon-appartement-t4/,,,,"1 Impasse du Clos du Châtelard, 74200 Thonon-les-Bains",71.0,579.0,3.0,71.85,,,1.18,,habitavel
apartamento,Thonon-les-Bains,,,"https://www.google.com/maps/search/?api=1&query=46.374243,6.494552",CENTURY 21 Chablais-Léman Thonon,https://www.century21-chablais-leman-thonon.com/trouver_logement/detail/16436700333/,,,True,"3 Impasse du Clos du Châtelard, 74200 Thonon-les-Bains",71.0,844.0,3.0,70.6,,3.0,0.56,,habitavel
apartamento,Thonon-les-Bains,,,"https://www.google.com/maps/search/?api=1&query=46.374243,6.494552",Agence Barnoud Thonon,https://www.barnoud-immobilier.fr/vente/74-haute-savoie/1-thonon-les-bains/2-appartement/t3/9917-a-thonon-les-bains-appartement-a-acheter-avec-2-chambres/,,,,"3 Impasse du Clos du Châtelard, 74200 Thonon-les-Bains",71.0,844.0,3.0,69.52,,,2.08,,habitavel
apartamento,Thonon-les-Bains,,,"https://www.google.com/maps/search/?api=1&query=46.374243,6.494552",Agence Barnoud Thonon,https://www.barnoud-immobilier.fr/vente/74-haute-savoie/1-thonon-les-bains/2-appartement/t4/9874-thonon-appartement-t4/,,,,"3 Impasse du Clos du Châtelard, 74200 Thonon-les-Bains",71.0,844.0,3.0,71.85,,,1.18,,habitavel
apartamento,Thonon-les-Bains,,,"https://www.google.com/maps/search/?api=1&query=46.36542,6.476722",Laforêt Thonon-Évian,https://www.laforet.com/agence-immobiliere/thonon-evian/acheter/thonon-les-bains/appartement-3-pieces-52196857,,,True,"18 Chemin du Martinet, 74200 Thonon-les-Bains",65.0,725.0,3.0,65.0,,3.0,0.0,,habitavel
apartamento,Thonon-les-Bains,,,"https://www.google.com/maps/search/?api=1&query=46.36542,6.476722",Agence Lehmann,https://lehmann-immo.com/fr/propriete/vente+appartement+thonon-les-bains+appartement-moderne-t3-a-thonon-les-bains+87100377,,,,"18 Chemin du Martinet, 74200 Thonon-les-Bains",65.0,725.0,3.0,66.44,,,2.17,,habitavel
apartamento,Thonon-les-Bains,,,"https://www.google.com/maps/search/?api=1&query=46.36542,6.476722",Agence Lehmann,https://lehmann-immo.com/fr/propriete/vente+appartement+thonon-les-bains+bel-appartement-3-pieces-moderne-a-thonon-les-bains+87095945,,,True,"18 Chemin du Martinet, 74200 Thonon-les-Bains",65.0,725.0,3.0,66.53,,3.0,2.3,,habitavel
apartamento,Thonon-les-Bains,,,"https://www.google.com/maps/search/?api=1&query=46.36542,6.476722",A&P Immobilier,https://www.immobilierapi.com/vente/1-thonon-les-bains/appartement/t3/806-t3-a-fort-potentiel-thonon-les-bains-parking-et-cave-thonon-ouest/,,,True,"18 Chemin du Martinet, 74200 Thonon-les-Bains",65.0,725.0,3.0,63.6,,3.0,2.15,,habitavel
apartamento,Thonon-les-Bains,,,"https://www.google.com/maps/search/?api=1&query=46.36542,6.476722",Christelle Vannier Immobilier,https://cvannier-immobilier.com/fr/propriete/vente+appartement+thonon-les-bains+exclusivite-t3-en-rez-de-jardin-avec-garage+87300076,,,True,"18 Chemin du Martinet, 74200 Thonon-les-Bains",65.0,725.0,3.0,65.42,,3.0,0.64,,habitavel
apartamento,Thonon-les-Bains,,,"https://www.google.com/maps/search/?api=1&query=46.36542,6.476722",Christelle Vannier Immobilier,https://cvannier-immobilier.com/fr/propriete/vente+appartement+thonon-les-bains+exclusivite-t3-en-duplex+87254132,,,True,"18 Chemin du Martinet, 74200 Thonon-les-Bains",65.0,725.0,3.0,65.0,,3.0,0.0,,habitavel
apartamento,Thonon-les-Bains,,,"https://www.google.com/maps/search/?api=1&query=46.36542,6.476722",Christelle Vannier Immobilier,https://cvannier-immobilier.com/fr/propriete/vente+appartement+thonon-les-bains+appartement-de-type-3-a-thonon-les-bains+85757383,,,True,"18 Chemin du Martinet, 74200 Thonon-les-Bains",65.0,725.0,3.0,66.0,,3.0,1.52,,habitavel
apartamento,Thonon-les-Bains,,,"https://www.google.com/maps/search/?api=1&query=46.36542,6.476722",Christelle Vannier Immobilier,https://cvannier-immobilier.com/fr/propriete/vente+appartement+thonon-les-bains+exclusivite-appartement-type-3-avec-garage+84395461,,,True,"18 Chemin du Martinet, 74200 Thonon-les-Bains",65.0,725.0,3.0,65.0,,3.0,0.0,,habitavel
apartamento,Évian-les-Bains,,,"https://www.google.com/maps/search/?api=1&query=46.398935,6.577588",Poirier Immobilier Évian,https://www.poirier-immobilier.com/vente/5-evian-les-bains/appartement/2010-appartement-de-standing-centre-ville-d-evian-les-bains,,,True,"4 Avenue Anna De Noailles - Rd 1005, 74500 Évian-les-Bains",62.0,618.0,3.0,63.0,,3.0,1.59,,habitavel
apartamento,Évian-les-Bains,,,"https://www.google.com/maps/search/?api=1&query=46.399746,6.583651",Poirier Immobilier Évian,https://www.poirier-immobilier.com/vente/5-evian-les-bains/appartement/2010-appartement-de-standing-centre-ville-d-evian-les-bains,,,True,"20 Avenue Marc Francina, 74500 Évian-les-Bains",63.0,738.0,3.0,63.0,,3.0,0.0,,habitavel
apartamento,Évian-les-Bains,,,"https://www.google.com/maps/search/?api=1&query=46.400536,6.589497",Agence Barnoud Évian,https://www.barnoud-immobilier.fr/vente/74-haute-savoie/2-evian-les-bains/2-appartement/t3/11190-proche-lac-et-centre-ville-pour-ce-t3/,,,,"2 Rue Du 8 Mai 1945, 74500 Évian-les-Bains",67.0,66.0,3.0,67.5,,,0.74,,habitavel
apartamento,Évian-les-Bains,,,"https://www.google.com/maps/search/?api=1&query=46.400536,6.589497",Cabinet Greneche,https://grenecheimmo.fr/fr/propriete/vente+appartement+evian-les-bains+appartement-t3-evian-les-bains-proche-embarcadere+87280471,,,,"2 Rue Du 8 Mai 1945, 74500 Évian-les-Bains",67.0,66.0,3.0,67.0,,,0.0,,habitavel
apartamento,Thonon-les-Bains,,,"https://www.google.com/maps/search/?api=1&query=46.374294,6.493952",CENTURY 21 Chablais-Léman Thonon,https://www.century21-chablais-leman-thonon.com/trouver_logement/detail/16436700333/,,,True,"13 Avenue du Châtelard, 74200 Thonon-les-Bains",71.0,134.0,3.0,70.6,,3.0,0.56,,habitavel
apartamento,Thonon-les-Bains,,,"https://www.google.com/maps/search/?api=1&query=46.374294,6.493952",Agence Barnoud Thonon,https://www.barnoud-immobilier.fr/vente/74-haute-savoie/1-thonon-les-bains/2-appartement/t3/9917-a-thonon-les-bains-appartement-a-acheter-avec-2-chambres/,,,,"13 Avenue du Châtelard, 74200 Thonon-les-Bains",71.0,134.0,3.0,69.52,,,2.08,,habitavel
apartamento,Thonon-les-Bains,,,"https://www.google.com/maps/search/?api=1&query=46.374294,6.493952",Agence Barnoud Thonon,https://www.barnoud-immobilier.fr/vente/74-haute-savoie/1-thonon-les-bains/2-appartement/t4/9874-thonon-appartement-t4/,,,,"13 Avenue du Châtelard, 74200 Thonon-les-Bains",71.0,134.0,3.0,71.85,,,1.18,,habitavel
apartamento,Évian-les-Bains,,,"https://www.google.com/maps/search/?api=1&query=46.399772,6.598359",Nestenn Évian,https://immobilier-evian-les-bains.nestenn.com/centre-d-evian-grand-t3-dans-residence-recente-avec-ascenseur-parking-disponible-ref-39259091,,,True,"13 Avenue D Abondance - Rd 24, 74500 Évian-les-Bains",70.0,1367.0,3.0,71.0,,3.0,1.41,,habitavel
apartamento,Évian-les-Bains,,,"https://www.google.com/maps/search/?api=1&query=46.399844,6.584843",Poirier Immobilier Évian,https://www.poirier-immobilier.com/vente/5-evian-les-bains/appartement/2452-studio-de-35m-avec-vue-lac-a-evian-les-bains,,,True,"11 Avenue Marc Francina, 74500 Évian-les-Bains",35.0,399.0,1.0,35.0,,1.0,0.0,,habitavel
apartamento,Thonon-les-Bains,,,"https://www.google.com/maps/search/?api=1&query=46.375245,6.478738",Laforêt Thonon-Évian,https://www.laforet.com/agence-immobiliere/thonon-evian/acheter/thonon-les-bains/appartement-3-pieces-52703873,,,True,"3 Rue des Pêcheurs, 74200 Thonon-les-Bains",74.0,171.0,3.0,75.0,,3.0,1.33,,habitavel
apartamento,Thonon-les-Bains,,,"https://www.google.com/maps/search/?api=1&query=46.375245,6.478738",Laforêt Thonon-Évian,https://www.laforet.com/agence-immobiliere/thonon-evian/acheter/thonon-les-bains/appartement-3-pieces-52402655,,,True,"3 Rue des Pêcheurs, 74200 Thonon-les-Bains",74.0,171.0,3.0,75.0,,3.0,1.33,,habitavel
apartamento,Thonon-les-Bains,,,"https://www.google.com/maps/search/?api=1&query=46.375167,6.478789",Laforêt Thonon-Évian,https://www.laforet.com/agence-immobiliere/thonon-evian/acheter/thonon-les-bains/appartement-3-pieces-52703873,,,True,"7 Rue des Pêcheurs, 74200 Thonon-les-Bains",74.0,63.0,3.0,75.0,,3.0,1.33,,habitavel
apartamento,Thonon-les-Bains,,,"https://www.google.com/maps/search/?api=1&query=46.375167,6.478789",Laforêt Thonon-Évian,https://www.laforet.com/agence-immobiliere/thonon-evian/acheter/thonon-les-bains/appartement-3-pieces-52402655,,,True,"7 Rue des Pêcheurs, 74200 Thonon-les-Bains",74.0,63.0,3.0,75.0,,3.0,1.33,,habitavel
apartamento,Thonon-les-Bains,,,"https://www.google.com/maps/search/?api=1&query=46.368073,6.470041",CENTURY 21 Chablais-Léman Thonon,https://www.century21-chablais-leman-thonon.com/trouver_logement/detail/16436700333/,,,True,"4 Chemin de Bachex, 74200 Thonon-les-Bains",69.0,535.0,3.0,70.6,,3.0,2.27,,habitavel
apartamento,Thonon-les-Bains,,,"https://www.google.com/maps/search/?api=1&query=46.368073,6.470041",Laforêt Thonon-Évian,https://www.laforet.com/agence-immobiliere/thonon-evian/acheter/thonon-les-bains/appartement-3-pieces-52196898,,,True,"4 Chemin de Bachex, 74200 Thonon-les-Bains",69.0,535.0,3.0,68.0,,3.0,1.45,,habitavel
apartamento,Thonon-les-Bains,,,"https://www.google.com/maps/search/?api=1&query=46.368073,6.470041",Laforêt Thonon-Évian,https://www.laforet.com/agence-immobiliere/thonon-evian/acheter/thonon-les-bains/appartement-3-pieces-52232506,,,True,"4 Chemin de Bachex, 74200 Thonon-les-Bains",69.0,535.0,3.0,68.0,,3.0,1.45,,habitavel
apartamento,Thonon-les-Bains,,,"https://www.google.com/maps/search/?api=1&query=46.368073,6.470041",CENTURY 21 Chablais-Léman Thonon,https://www.century21-chablais-leman-thonon.com/trouver_logement/detail/15273893649/,,,True,"4 Chemin de Bachex, 74200 Thonon-les-Bains",69.0,535.0,3.0,68.0,,3.0,1.45,,habitavel
apartamento,Thonon-les-Bains,,,"https://www.google.com/maps/search/?api=1&query=46.368073,6.470041",CENTURY 21 Chablais-Léman Thonon,https://www.century21-chablais-leman-thonon.com/trouver_logement/detail/15273884285/,,,True,"4 Chemin de Bachex, 74200 Thonon-les-Bains",69.0,535.0,3.0,68.0,,3.0,1.45,,habitavel
apartamento,Thonon-les-Bains,,,"https://www.google.com/maps/search/?api=1&query=46.368073,6.470041",Agence Barnoud Thonon,https://www.barnoud-immobilier.fr/vente/74-haute-savoie/1-thonon-les-bains/2-appartement/t3/9917-a-thonon-les-bains-appartement-a-acheter-avec-2-chambres/,,,,"4 Chemin de Bachex, 74200 Thonon-les-Bains",69.0,535.0,3.0,69.52,,,0.75,,habitavel
apartamento,Thonon-les-Bains,,,"https://www.google.com/maps/search/?api=1&query=46.368073,6.470041",CENTURY 21 Chablais-Léman Thonon,https://www.century21-chablais-leman-thonon.com/trouver_logement/detail/15273980963/,,,True,"4 Chemin de Bachex, 74200 Thonon-les-Bains",69.0,535.0,3.0,68.0,,3.0,1.45,,habitavel
apartamento,Thonon-les-Bains,,,"https://www.google.com/maps/search/?api=1&query=46.368073,6.470041",A&P Immobilier,https://www.immobilierapi.com/vente/1-thonon-les-bains/appartement/t3/864-thonon-les-bains-magnifique-appartement-t3-en-centre-au-calme-a-saisir/,,,True,"4 Chemin de Bachex, 74200 Thonon-les-Bains",69.0,535.0,3.0,68.0,,3.0,1.45,,habitavel
apartamento,Thonon-les-Bains,,,"https://www.google.com/maps/search/?api=1&query=46.368073,6.470041",Christelle Vannier Immobilier,https://cvannier-immobilier.com/fr/propriete/vente+appartement+thonon-les-bains+exclusivite-appartement-t3-avec-garage-+86909438,,,True,"4 Chemin de Bachex, 74200 Thonon-les-Bains",69.0,535.0,3.0,68.98,,3.0,0.03,,habitavel
apartamento,Thonon-les-Bains,,,"https://www.google.com/maps/search/?api=1&query=46.368073,6.470041",Laforêt Thonon-Évian,https://www.laforet.com/agence-immobiliere/thonon-evian/acheter/thonon-les-bains/appartement-3-pieces-52232515,,,True,"4 Chemin de Bachex, 74200 Thonon-les-Bains",69.0,535.0,3.0,68.0,,3.0,1.45,,habitavel
apartamento,Évian-les-Bains,,,"https://www.google.com/maps/search/?api=1&query=46.396909,6.58892",Poirier Immobilier Évian,https://www.poirier-immobilier.com/vente/5-evian-les-bains/appartement/2010-appartement-de-standing-centre-ville-d-evian-les-bains,,,True,"9 Avenue De Flery, 74500 Évian-les-Bains",64.0,2583.0,3.0,63.0,,3.0,1.56,,habitavel
apartamento,Thonon-les-Bains,,,"https://www.google.com/maps/search/?api=1&query=46.375801,6.485265",Laforêt Thonon-Évian,https://www.laforet.com/agence-immobiliere/thonon-evian/acheter/thonon-les-bains/appartement-2-pieces-52196779,,,True,"23 Avenue d’Evian, 74200 Thonon-les-Bains",45.0,975.0,2.0,45.0,,2.0,0.0,,habitavel
apartamento,Thonon-les-Bains,,,"https://www.google.com/maps/search/?api=1&query=46.375801,6.485265",Leman Property Thonon,https://www.leman-property.com/vente/appartement/thonon-les-bains/en-exclusivite-t2-rez-de-jardin-thonon-st-disdille/,,,,"23 Avenue d’Evian, 74200 Thonon-les-Bains",45.0,975.0,2.0,44.0,,,2.22,,habitavel
apartamento,Thonon-les-Bains,,,"https://www.google.com/maps/search/?api=1&query=46.375801,6.485265",A&P Immobilier,https://www.immobilierapi.com/vente/1-thonon-les-bains/appartement/t2/853-thonon-les-bains-a-vendre-appartement-en-plateau-brut-a-amenager-parking-et-cave-thonon-ouest/,,,True,"23 Avenue d’Evian, 74200 Thonon-les-Bains",45.0,975.0,2.0,44.3,,2.0,1.56,,habitavel
apartamento,Thonon-les-Bains,,,"https://www.google.com/maps/search/?api=1&query=46.375801,6.485265",Poirier Immobilier Thonon,https://www.poirier-immobilier.com/vente/6-thonon-les-bains/appartement/2317-a-decouvrir-appartement-t2-avec-fort-potentiel-a-rafraichir-selon-vos-envies,,,True,"23 Avenue d’Evian, 74200 Thonon-les-Bains",45.0,975.0,2.0,44.78,,2.0,0.49,,habitavel
apartamento,Thonon-les-Bains,,,"https://www.google.com/maps/search/?api=1&query=46.375801,6.485265",Agence Barnoud Thonon,https://www.barnoud-immobilier.fr/vente/74-haute-savoie/1-thonon-les-bains/2-appartement/t2/11354-appartement-de-type-2-a-vendre-a-thonon-les-bains/,,,,"23 Avenue d’Evian, 74200 Thonon-les-Bains",45.0,975.0,2.0,46.0,,,2.17,,habitavel
apartamento,Évian-les-Bains,,,"https://www.google.com/maps/search/?api=1&query=46.400149,6.585556",Cabinet Greneche,https://grenecheimmo.fr/fr/propriete/vente+appartement+evian-les-bains+evian-les-bains-t2-en-souplex+87293704,,,,"8 Avenue Marc Francina, 74500 Évian-les-Bains",73.0,709.0,2.0,74.0,,,1.35,,habitavel
apartamento,Thonon-les-Bains,,,"https://www.google.com/maps/search/?api=1&query=46.371198,6.491977",Agence Lehmann,https://lehmann-immo.com/fr/propriete/vente+appartement+thonon-les-bains+appartement-moderne-t3-a-thonon-les-bains+87100377,,,,"4 Route de Tully, 74200 Thonon-les-Bains",65.0,760.0,2.0,66.44,,,2.17,,habitavel
apartamento,Thonon-les-Bains,,,"https://www.google.com/maps/search/?api=1&query=46.362375,6.449094",CENTURY 21 Chablais-Léman Thonon,https://www.century21-chablais-leman-thonon.com/trouver_logement/detail/16350251916/,,,True,"10 Rue du Lac, 74200 Thonon-les-Bains",60.0,385.0,3.0,60.0,,3.0,0.0,,habitavel
apartamento,Thonon-les-Bains,,,"https://www.google.com/maps/search/?api=1&query=46.362375,6.449094",Agence Lehmann,https://lehmann-immo.com/fr/propriete/vente+appartement+thonon-les-bains+87286557,,,,"10 Rue du Lac, 74200 Thonon-les-Bains",60.0,385.0,3.0,61.22,,,1.99,,habitavel
apartamento,Évian-les-Bains,,,"https://www.google.com/maps/search/?api=1&query=46.393252,6.580568",Nestenn Évian,https://immobilier-evian-les-bains.nestenn.com/superbe-t2-lumineux-avec-vue-lac-proche-centre-et-embarcadere-ref-39502529,,,True,"2 Chemin De Thony, 74500 Évian-les-Bains",51.0,2955.0,2.0,51.0,,2.0,0.0,,habitavel
apartamento,Évian-les-Bains,,,"https://www.google.com/maps/search/?api=1&query=46.393252,6.580568",Nestenn Évian,https://immobilier-evian-les-bains.nestenn.com/programme-neuf-evian-les-bains-du-t2-au-t4-ref-39323960,,,True,"2 Chemin De Thony, 74500 Évian-les-Bains",51.0,2955.0,2.0,50.0,,2.0,1.96,,habitavel
apartamento,Thonon-les-Bains,,,"https://www.google.com/maps/search/?api=1&query=46.372977,6.477713",Laforêt Thonon-Évian,https://www.laforet.com/agence-immobiliere/thonon-evian/acheter/thonon-les-bains/appartement-2-pieces-22694427,,,True,"4 Place de l’Hôtel de Ville, 74200 Thonon-les-Bains",58.0,397.0,2.0,59.0,,2.0,1.69,,habitavel
apartamento,Thonon-les-Bains,,,"https://www.google.com/maps/search/?api=1&query=46.361872,6.448687",CENTURY 21 Chablais-Léman Thonon,https://www.century21-chablais-leman-thonon.com/trouver_logement/detail/16350251916/,,,True,"6 Rue du Lac, 74200 Thonon-les-Bains",60.0,1025.0,3.0,60.0,,3.0,0.0,,habitavel
apartamento,Thonon-les-Bains,,,"https://www.google.com/maps/search/?api=1&query=46.361872,6.448687",Agence Lehmann,https://lehmann-immo.com/fr/propriete/vente+appartement+thonon-les-bains+87286557,,,,"6 Rue du Lac, 74200 Thonon-les-Bains",60.0,1025.0,3.0,61.22,,,1.99,,habitavel
apartamento,Thonon-les-Bains,,,"https://www.google.com/maps/search/?api=1&query=46.362471,6.449124",CENTURY 21 Chablais-Léman Thonon,https://www.century21-chablais-leman-thonon.com/trouver_logement/detail/16350251916/,,,True,"12 Rue du Lac, 74200 Thonon-les-Bains",60.0,636.0,3.0,60.0,,3.0,0.0,,habitavel
apartamento,Thonon-les-Bains,,,"https://www.google.com/maps/search/?api=1&query=46.362471,6.449124",Agence Lehmann,https://lehmann-immo.com/fr/propriete/vente+appartement+thonon-les-bains+87286557,,,,"12 Rue du Lac, 74200 Thonon-les-Bains",60.0,636.0,3.0,61.22,,,1.99,,habitavel
apartamento,Thonon-les-Bains,,,"https://www.google.com/maps/search/?api=1&query=46.36957,6.496872",CENTURY 21 Chablais-Léman Thonon,https://www.century21-chablais-leman-thonon.com/trouver_logement/detail/16350251916/,,,True,"22 Avenue de la Dranse, 74200 Thonon-les-Bains",60.0,545.0,3.0,60.0,,3.0,0.0,,habitavel
apartamento,Thonon-les-Bains,,,"https://www.google.com/maps/search/?api=1&query=46.36957,6.496872",Agence Lehmann,https://lehmann-immo.com/fr/propriete/vente+appartement+thonon-les-bains+87286557,,,,"22 Avenue de la Dranse, 74200 Thonon-les-Bains",60.0,545.0,3.0,61.22,,,1.99,,habitavel
apartamento,Thonon-les-Bains,,,"https://www.google.com/maps/search/?api=1&query=46.370482,6.488827",Leman Property Thonon,https://www.leman-property.com/vente/appartement/thonon-les-bains/appartement-t3-coup-de-coeur/,,,,"19 Avenue des Vallées, 74200 Thonon-les-Bains",49.0,415.0,3.0,50.0,,,2.0,,habitavel
apartamento,Thonon-les-Bains,,,"https://www.google.com/maps/search/?api=1&query=46.370482,6.488827",Agence Barnoud Thonon,https://www.barnoud-immobilier.fr/vente/74-haute-savoie/1-thonon-les-bains/2-appartement/t2/10517-a-thonon-les-bains-grand-appartement-a-acheter-avec-balcon/,,,,"19 Avenue des Vallées, 74200 Thonon-les-Bains",49.0,415.0,3.0,47.8,,,2.45,,habitavel
apartamento,Thonon-les-Bains,,,"https://www.google.com/maps/search/?api=1&query=46.370482,6.488827",Agence Barnoud Thonon,https://www.barnoud-immobilier.fr/vente/74-haute-savoie/1-thonon-les-bains/2-appartement/t2/9852-appartement-a-vendre-dernier-etage-a-thonon-les-bains/,,,,"19 Avenue des Vallées, 74200 Thonon-les-Bains",49.0,415.0,3.0,48.91,,,0.18,,habitavel
apartamento,Thonon-les-Bains,,,"https://www.google.com/maps/search/?api=1&query=46.370482,6.488827",Leman Property Thonon,https://www.leman-property.com/vente/appartement/thonon-les-bains/appartement-t2-thonon-les-bains/,,,,"19 Avenue des Vallées, 74200 Thonon-les-Bains",49.0,415.0,3.0,48.0,,,2.04,,habitavel
apartamento,Évian-les-Bains,,,"https://www.google.com/maps/search/?api=1&query=46.398765,6.580941",Nestenn Évian,https://immobilier-evian-les-bains.nestenn.com/programme-neuf-evian-les-bains-du-t2-au-t4-ref-39323966,,,True,"26 Avenue De La Gare, 74500 Évian-les-Bains",58.0,53.0,3.0,58.0,,3.0,0.0,,habitavel
apartamento,Thonon-les-Bains,,,"https://www.google.com/maps/search/?api=1&query=46.366601,6.470056",Agence Barnoud Thonon,https://www.barnoud-immobilier.fr/vente/74-haute-savoie/1-thonon-les-bains/2-appartement/t2/10682-rez-jardin-17-54m-au-calme-t2-52m/,,,,"42 Avenue du Général de Gaulle, 74200 Thonon-les-Bains",53.0,3160.0,2.0,52.04,,,1.81,,habitavel
apartamento,Thonon-les-Bains,,,"https://www.google.com/maps/search/?api=1&query=46.381898,6.491531",Agence Barnoud Thonon,https://www.barnoud-immobilier.fr/vente/74-haute-savoie/1-thonon-les-bains/2-appartement/t2/10682-rez-jardin-17-54m-au-calme-t2-52m/,,,,"15 Impasse de la Combe, 74200 Thonon-les-Bains",52.0,878.0,2.0,52.04,,,0.08,,habitavel
apartamento,Thonon-les-Bains,,,"https://www.google.com/maps/search/?api=1&query=46.381898,6.491531",Agence Barnoud Thonon,https://www.barnoud-immobilier.fr/vente/74-haute-savoie/1-thonon-les-bains/2-appartement/t2/11274-appartement-t2-51-15m/,,,,"15 Impasse de la Combe, 74200 Thonon-les-Bains",52.0,878.0,2.0,51.15,,,1.63,,habitavel
apartamento,Thonon-les-Bains,,,"https://www.google.com/maps/search/?api=1&query=46.353813,6.476136",Leman Property Thonon,https://www.leman-property.com/vente/appartement/thonon-les-bains/appartement-t3-coup-de-coeur/,,,,"39 Avenue de la Dame, 74200 Thonon-les-Bains",50.0,360.0,3.0,50.0,,,0.0,,habitavel
apartamento,Thonon-les-Bains,,,"https://www.google.com/maps/search/?api=1&query=46.353813,6.476136",Agence Barnoud Thonon,https://www.barnoud-immobilier.fr/vente/74-haute-savoie/1-thonon-les-bains/2-appartement/t2/9852-appartement-a-vendre-dernier-etage-a-thonon-les-bains/,,,,"39 Avenue de la Dame, 74200 Thonon-les-Bains",50.0,360.0,3.0,48.91,,,2.18,,habitavel
apartamento,Thonon-les-Bains,,,"https://www.google.com/maps/search/?api=1&query=46.353813,6.476136",Agence Barnoud Thonon,https://www.barnoud-immobilier.fr/vente/74-haute-savoie/1-thonon-les-bains/2-appartement/t2/11274-appartement-t2-51-15m/,,,,"39 Avenue de la Dame, 74200 Thonon-les-Bains",50.0,360.0,3.0,51.15,,,2.25,,habitavel
apartamento,Thonon-les-Bains,,,"https://www.google.com/maps/search/?api=1&query=46.372108,6.478251",Poirier Immobilier Thonon,https://www.poirier-immobilier.com/vente/6-thonon-les-bains/appartement/2365-appartement-de-type-2-renove-avec-gout,,,True,"2 Rue Pasteur, 74200 Thonon-les-Bains",56.0,530.0,2.0,55.88,,2.0,0.21,,habitavel
apartamento,Thonon-les-Bains,,,"https://www.google.com/maps/search/?api=1&query=46.364942,6.45768",Christelle Vannier Immobilier,https://cvannier-immobilier.com/fr/propriete/vente+appartement+thonon-les-bains+exclusivite-appartement-t3-thonon-les-bains+87186571,,,True,"18 Rue des Gentianes, 74200 Thonon-les-Bains",56.0,5104.0,3.0,55.35,,3.0,1.16,,habitavel
apartamento,Évian-les-Bains,,,"https://www.google.com/maps/search/?api=1&query=46.400547,6.589383",Agence Barnoud Évian,https://www.barnoud-immobilier.fr/vente/74-haute-savoie/2-evian-les-bains/2-appartement/t2/10698-t2-60-m-vue-lac-parking-hyper-centre-evian-les-bains/,,,,"4 Rue Du 8 Mai 1945, 74500 Évian-les-Bains",60.0,443.0,2.0,60.0,,,0.0,,habitavel
apartamento,Évian-les-Bains,,,"https://www.google.com/maps/search/?api=1&query=46.400547,6.589383",Leman Property Évian,https://www.leman-property.com/vente/appartement/evian-les-bains/evian-les-bains-appartement-a-renover/,,,,"4 Rue Du 8 Mai 1945, 74500 Évian-les-Bains",60.0,443.0,2.0,60.0,,,0.0,,habitavel
apartamento,Thonon-les-Bains,,,"https://www.google.com/maps/search/?api=1&query=46.361084,6.478674",CENTURY 21 Chablais-Léman Thonon,https://www.century21-chablais-leman-thonon.com/trouver_logement/detail/15698583939/,,,True,"1 Rue des Peupliers, 74200 Thonon-les-Bains",57.0,498.0,3.0,58.39,,3.0,2.38,,habitavel
apartamento,Thonon-les-Bains,,,"https://www.google.com/maps/search/?api=1&query=46.382346,6.504802",Nestenn Évian,https://immobilier-evian-les-bains.nestenn.com/a-vendre-a-thonon-les-bains-t2-renove-avec-deux-balcons-ref-39439459,,,True,"6 Route de Vongy, 74200 Thonon-les-Bains",50.0,720.0,2.0,50.0,,2.0,0.0,,habitavel
apartamento,Thonon-les-Bains,,,"https://www.google.com/maps/search/?api=1&query=46.382346,6.504802",Leman Property Thonon,https://www.leman-property.com/vente/appartement/thonon-les-bains/appartement-t3-coup-de-coeur/,,,,"6 Route de Vongy, 74200 Thonon-les-Bains",50.0,720.0,2.0,50.0,,,0.0,,habitavel
apartamento,Thonon-les-Bains,,,"https://www.google.com/maps/search/?api=1&query=46.382346,6.504802",Agence Barnoud Thonon,https://www.barnoud-immobilier.fr/vente/74-haute-savoie/1-thonon-les-bains/2-appartement/t2/9852-appartement-a-vendre-dernier-etage-a-thonon-les-bains/,,,,"6 Route de Vongy, 74200 Thonon-les-Bains",50.0,720.0,2.0,48.91,,,2.18,,habitavel
apartamento,Thonon-les-Bains,,,"https://www.google.com/maps/search/?api=1&query=46.382346,6.504802",Agence Barnoud Thonon,https://www.barnoud-immobilier.fr/vente/74-haute-savoie/1-thonon-les-bains/2-appartement/t2/11274-appartement-t2-51-15m/,,,,"6 Route de Vongy, 74200 Thonon-les-Bains",50.0,720.0,2.0,51.15,,,2.25,,habitavel
apartamento,Thonon-les-Bains,,,"https://www.google.com/maps/search/?api=1&query=46.367343,6.485447",CENTURY 21 Chablais-Léman Thonon,https://www.century21-chablais-leman-thonon.com/trouver_logement/detail/16350251916/,,,True,"4 Chemin des Vignes, 74200 Thonon-les-Bains",60.0,363.0,3.0,60.0,,3.0,0.0,,habitavel
apartamento,Thonon-les-Bains,,,"https://www.google.com/maps/search/?api=1&query=46.367343,6.485447",Agence Lehmann,https://lehmann-immo.com/fr/propriete/vente+appartement+thonon-les-bains+87286557,,,,"4 Chemin des Vignes, 74200 Thonon-les-Bains",60.0,363.0,3.0,61.22,,,1.99,,habitavel
apartamento,Évian-les-Bains,,,"https://www.google.com/maps/search/?api=1&query=46.395684,6.58226",CENTURY 21 Chablais Léman Évian,https://www.century21-chablais-leman-evian.com/trouver_logement/detail/11245834972/,,,True,"4 Boulevard Du Royal, 74500 Évian-les-Bains",59.0,560.0,3.0,60.0,,3.0,1.67,,habitavel
apartamento,Évian-les-Bains,,,"https://www.google.com/maps/search/?api=1&query=46.395684,6.58226",Nestenn Évian,https://immobilier-evian-les-bains.nestenn.com/programme-neuf-evian-les-bains-du-t2-au-t4-ref-39323966,,,True,"4 Boulevard Du Royal, 74500 Évian-les-Bains",59.0,560.0,3.0,58.0,,3.0,1.69,,habitavel
apartamento,Évian-les-Bains,,,"https://www.google.com/maps/search/?api=1&query=46.395684,6.58226",Agence Barnoud Évian,https://www.barnoud-immobilier.fr/vente/74-haute-savoie/2-evian-les-bains/2-appartement/t2/10698-t2-60-m-vue-lac-parking-hyper-centre-evian-les-bains/,,,,"4 Boulevard Du Royal, 74500 Évian-les-Bains",59.0,560.0,3.0,60.0,,,1.67,,habitavel
apartamento,Évian-les-Bains,,,"https://www.google.com/maps/search/?api=1&query=46.395684,6.58226",Leman Property Évian,https://www.leman-property.com/vente/appartement/evian-les-bains/evian-les-bains-appartement-a-renover/,,,,"4 Boulevard Du Royal, 74500 Évian-les-Bains",59.0,560.0,3.0,60.0,,,1.67,,habitavel
apartamento,Évian-les-Bains,,,"https://www.google.com/maps/search/?api=1&query=46.395684,6.58226",CENTURY 21 Chablais Léman Évian,https://www.century21-chablais-leman-evian.com/trouver_logement/detail/11245814138/,,,True,"4 Boulevard Du Royal, 74500 Évian-les-Bains",59.0,560.0,3.0,60.0,,3.0,1.67,,habitavel
apartamento,Évian-les-Bains,,,"https://www.google.com/maps/search/?api=1&query=46.395684,6.58226",CENTURY 21 Chablais Léman Évian,https://www.century21-chablais-leman-evian.com/trouver_logement/detail/11245758109/,,,True,"4 Boulevard Du Royal, 74500 Évian-les-Bains",59.0,560.0,3.0,60.0,,3.0,1.67,,habitavel
apartamento,Évian-les-Bains,,,"https://www.google.com/maps/search/?api=1&query=46.395684,6.58226",Poirier Immobilier Évian,https://www.poirier-immobilier.com/vente/5-evian-les-bains/appartement/68-appartement-t3-centre-ville-d-evian-les-bains,,,True,"4 Boulevard Du Royal, 74500 Évian-les-Bains",59.0,560.0,3.0,59.64,,3.0,1.07,,habitavel
apartamento,Thonon-les-Bains,,,"https://www.google.com/maps/search/?api=1&query=46.365861,6.474939",CENTURY 21 Chablais-Léman Thonon,https://www.century21-chablais-leman-thonon.com/trouver_logement/detail/16350251916/,,,True,"30 Boulevard du Pré Cergues, 74200 Thonon-les-Bains",59.0,61.0,3.0,60.0,,3.0,1.67,,habitavel
apartamento,Thonon-les-Bains,,,"https://www.google.com/maps/search/?api=1&query=46.365861,6.474939",CENTURY 21 Chablais-Léman Thonon,https://www.century21-chablais-leman-thonon.com/trouver_logement/detail/15698583939/,,,True,"30 Boulevard du Pré Cergues, 74200 Thonon-les-Bains",59.0,61.0,3.0,58.39,,3.0,1.03,,habitavel
apartamento,Thonon-les-Bains,,,"https://www.google.com/maps/search/?api=1&query=46.366077,6.474163",CENTURY 21 Chablais-Léman Thonon,https://www.century21-chablais-leman-thonon.com/trouver_logement/detail/16350251916/,,,True,"17 Boulevard des Trolliettes, 74200 Thonon-les-Bains",59.0,526.0,3.0,60.0,,3.0,1.67,,habitavel
apartamento,Thonon-les-Bains,,,"https://www.google.com/maps/search/?api=1&query=46.366077,6.474163",CENTURY 21 Chablais-Léman Thonon,https://www.century21-chablais-leman-thonon.com/trouver_logement/detail/15698583939/,,,True,"17 Boulevard des Trolliettes, 74200 Thonon-les-Bains",59.0,526.0,3.0,58.39,,3.0,1.03,,habitavel
apartamento,Thonon-les-Bains,,,"https://www.google.com/maps/search/?api=1&query=46.373868,6.488011",Christelle Vannier Immobilier,https://cvannier-immobilier.com/fr/propriete/vente+appartement+thonon-les-bains+exclusivite-appartement-t3-thonon-les-bains+87186571,,,True,"23 Avenue du Clos Banderet, 74200 Thonon-les-Bains",56.0,182.0,3.0,55.35,,3.0,1.16,,habitavel
apartamento,Évian-les-Bains,,,"https://www.google.com/maps/search/?api=1&query=46.402863,6.61413",Nestenn Évian,https://immobilier-evian-les-bains.nestenn.com/superbe-t2-lumineux-avec-vue-lac-proche-centre-et-embarcadere-ref-39502529,,,True,"21 Avenue De Maraiche, 74500 Évian-les-Bains",50.0,115.0,2.0,51.0,,2.0,1.96,,habitavel
apartamento,Évian-les-Bains,,,"https://www.google.com/maps/search/?api=1&query=46.402863,6.61413",Nestenn Évian,https://immobilier-evian-les-bains.nestenn.com/programme-neuf-evian-les-bains-du-t2-au-t4-ref-39323960,,,True,"21 Avenue De Maraiche, 74500 Évian-les-Bains",50.0,115.0,2.0,50.0,,2.0,0.0,,habitavel
apartamento,Thonon-les-Bains,,,"https://www.google.com/maps/search/?api=1&query=46.364023,6.475226",Laforêt Thonon-Évian,https://www.laforet.com/agence-immobiliere/thonon-evian/acheter/thonon-les-bains/appartement-2-pieces-52232479,,,True,"10 Impasse de la Dôle, 74200 Thonon-les-Bains",49.0,592.0,2.0,48.0,,2.0,2.04,,habitavel
apartamento,Thonon-les-Bains,,,"https://www.google.com/maps/search/?api=1&query=46.364023,6.475226",Laforêt Thonon-Évian,https://www.laforet.com/agence-immobiliere/thonon-evian/acheter/thonon-les-bains/appartement-2-pieces-52196464,,,True,"10 Impasse de la Dôle, 74200 Thonon-les-Bains",49.0,592.0,2.0,48.0,,2.0,2.04,,habitavel
apartamento,Thonon-les-Bains,,,"https://www.google.com/maps/search/?api=1&query=46.364023,6.475226",Nestenn Évian,https://immobilier-evian-les-bains.nestenn.com/a-vendre-a-thonon-les-bains-t2-renove-avec-deux-balcons-ref-39439459,,,True,"10 Impasse de la Dôle, 74200 Thonon-les-Bains",49.0,592.0,2.0,50.0,,2.0,2.0,,habitavel
apartamento,Thonon-les-Bains,,,"https://www.google.com/maps/search/?api=1&query=46.364023,6.475226",Leman Property Thonon,https://www.leman-property.com/vente/appartement/thonon-les-bains/appartement-t3-coup-de-coeur/,,,,"10 Impasse de la Dôle, 74200 Thonon-les-Bains",49.0,592.0,2.0,50.0,,,2.0,,habitavel
apartamento,Thonon-les-Bains,,,"https://www.google.com/maps/search/?api=1&query=46.364023,6.475226",Agence Barnoud Thonon,https://www.barnoud-immobilier.fr/vente/74-haute-savoie/1-thonon-les-bains/2-appartement/t2/10517-a-thonon-les-bains-grand-appartement-a-acheter-avec-balcon/,,,,"10 Impasse de la Dôle, 74200 Thonon-les-Bains",49.0,592.0,2.0,47.8,,,2.45,,habitavel
apartamento,Thonon-les-Bains,,,"https://www.google.com/maps/search/?api=1&query=46.364023,6.475226",Agence Barnoud Thonon,https://www.barnoud-immobilier.fr/vente/74-haute-savoie/1-thonon-les-bains/2-appartement/t2/9852-appartement-a-vendre-dernier-etage-a-thonon-les-bains/,,,,"10 Impasse de la Dôle, 74200 Thonon-les-Bains",49.0,592.0,2.0,48.91,,,0.18,,habitavel
apartamento,Thonon-les-Bains,,,"https://www.google.com/maps/search/?api=1&query=46.364023,6.475226",Leman Property Thonon,https://www.leman-property.com/vente/appartement/thonon-les-bains/appartement-t2-thonon-les-bains/,,,,"10 Impasse de la Dôle, 74200 Thonon-les-Bains",49.0,592.0,2.0,48.0,,,2.04,,habitavel
apartamento,Thonon-les-Bains,,,"https://www.google.com/maps/search/?api=1&query=46.386407,6.493511",CENTURY 21 Chablais-Léman Thonon,https://www.century21-chablais-leman-thonon.com/trouver_logement/detail/15698583939/,,,True,"2 Impasse des Tattes, 74200 Thonon-les-Bains",58.0,1000.0,3.0,58.39,,3.0,0.67,,habitavel
apartamento,Thonon-les-Bains,,,"https://www.google.com/maps/search/?api=1&query=46.365981,6.468009",Agence Barnoud Thonon,https://www.barnoud-immobilier.fr/vente/74-haute-savoie/1-thonon-les-bains/2-appartement/t2/10682-rez-jardin-17-54m-au-calme-t2-52m/,,,,"54 Avenue du Général de Gaulle, 74200 Thonon-les-Bains",52.0,927.0,3.0,52.04,,,0.08,,habitavel
apartamento,Thonon-les-Bains,,,"https://www.google.com/maps/search/?api=1&query=46.365981,6.468009",Agence Barnoud Thonon,https://www.barnoud-immobilier.fr/vente/74-haute-savoie/1-thonon-les-bains/2-appartement/t2/11274-appartement-t2-51-15m/,,,,"54 Avenue du Général de Gaulle, 74200 Thonon-les-Bains",52.0,927.0,3.0,51.15,,,1.63,,habitavel
apartamento,Thonon-les-Bains,,,"https://www.google.com/maps/search/?api=1&query=46.36385,6.475843",CENTURY 21 Chablais-Léman Thonon,https://www.century21-chablais-leman-thonon.com/trouver_logement/detail/15698583939/,,,True,"2 Impasse de la Dôle, 74200 Thonon-les-Bains",58.0,670.0,3.0,58.39,,3.0,0.67,,habitavel
apartamento,Thonon-les-Bains,,,"https://www.google.com/maps/search/?api=1&query=46.369401,6.496843",CENTURY 21 Chablais-Léman Thonon,https://www.century21-chablais-leman-thonon.com/trouver_logement/detail/16350251916/,,,True,"23 Avenue de la Dranse, 74200 Thonon-les-Bains",60.0,238.0,3.0,60.0,,3.0,0.0,,habitavel
apartamento,Thonon-les-Bains,,,"https://www.google.com/maps/search/?api=1&query=46.369401,6.496843",Agence Lehmann,https://lehmann-immo.com/fr/propriete/vente+appartement+thonon-les-bains+87286557,,,,"23 Avenue de la Dranse, 74200 Thonon-les-Bains",60.0,238.0,3.0,61.22,,,1.99,,habitavel
apartamento,Thonon-les-Bains,,,"https://www.google.com/maps/search/?api=1&query=46.371259,6.475757",CENTURY 21 Chablais-Léman Thonon,https://www.century21-chablais-leman-thonon.com/trouver_logement/detail/16350251916/,,,True,"10 Allée de la Roseraie, 74200 Thonon-les-Bains",59.0,370.0,3.0,60.0,,3.0,1.67,,habitavel
apartamento,Thonon-les-Bains,,,"https://www.google.com/maps/search/?api=1&query=46.371259,6.475757",CENTURY 21 Chablais-Léman Thonon,https://www.century21-chablais-leman-thonon.com/trouver_logement/detail/15698583939/,,,True,"10 Allée de la Roseraie, 74200 Thonon-les-Bains",59.0,370.0,3.0,58.39,,3.0,1.03,,habitavel
apartamento,Évian-les-Bains,,,"https://www.google.com/maps/search/?api=1&query=46.395652,6.582074",CENTURY 21 Chablais Léman Évian,https://www.century21-chablais-leman-evian.com/trouver_logement/detail/11245834972/,,,True,"6 Boulevard Du Royal, 74500 Évian-les-Bains",59.0,1308.0,3.0,60.0,,3.0,1.67,,habitavel
apartamento,Évian-les-Bains,,,"https://www.google.com/maps/search/?api=1&query=46.395652,6.582074",Nestenn Évian,https://immobilier-evian-les-bains.nestenn.com/programme-neuf-evian-les-bains-du-t2-au-t4-ref-39323966,,,True,"6 Boulevard Du Royal, 74500 Évian-les-Bains",59.0,1308.0,3.0,58.0,,3.0,1.69,,habitavel
apartamento,Évian-les-Bains,,,"https://www.google.com/maps/search/?api=1&query=46.395652,6.582074",Agence Barnoud Évian,https://www.barnoud-immobilier.fr/vente/74-haute-savoie/2-evian-les-bains/2-appartement/t2/10698-t2-60-m-vue-lac-parking-hyper-centre-evian-les-bains/,,,,"6 Boulevard Du Royal, 74500 Évian-les-Bains",59.0,1308.0,3.0,60.0,,,1.67,,habitavel
apartamento,Évian-les-Bains,,,"https://www.google.com/maps/search/?api=1&query=46.395652,6.582074",Leman Property Évian,https://www.leman-property.com/vente/appartement/evian-les-bains/evian-les-bains-appartement-a-renover/,,,,"6 Boulevard Du Royal, 74500 Évian-les-Bains",59.0,1308.0,3.0,60.0,,,1.67,,habitavel
apartamento,Évian-les-Bains,,,"https://www.google.com/maps/search/?api=1&query=46.395652,6.582074",CENTURY 21 Chablais Léman Évian,https://www.century21-chablais-leman-evian.com/trouver_logement/detail/11245814138/,,,True,"6 Boulevard Du Royal, 74500 Évian-les-Bains",59.0,1308.0,3.0,60.0,,3.0,1.67,,habitavel
apartamento,Évian-les-Bains,,,"https://www.google.com/maps/search/?api=1&query=46.395652,6.582074",CENTURY 21 Chablais Léman Évian,https://www.century21-chablais-leman-evian.com/trouver_logement/detail/11245758109/,,,True,"6 Boulevard Du Royal, 74500 Évian-les-Bains",59.0,1308.0,3.0,60.0,,3.0,1.67,,habitavel
apartamento,Évian-les-Bains,,,"https://www.google.com/maps/search/?api=1&query=46.395652,6.582074",Poirier Immobilier Évian,https://www.poirier-immobilier.com/vente/5-evian-les-bains/appartement/68-appartement-t3-centre-ville-d-evian-les-bains,,,True,"6 Boulevard Du Royal, 74500 Évian-les-Bains",59.0,1308.0,3.0,59.64,,3.0,1.07,,habitavel
apartamento,Thonon-les-Bains,,,"https://www.google.com/maps/search/?api=1&query=46.36604,6.474178",CENTURY 21 Chablais-Léman Thonon,https://www.century21-chablais-leman-thonon.com/trouver_logement/detail/16350251916/,,,True,"19 Boulevard des Trolliettes, 74200 Thonon-les-Bains",59.0,53.0,3.0,60.0,,3.0,1.67,,habitavel
apartamento,Thonon-les-Bains,,,"https://www.google.com/maps/search/?api=1&query=46.36604,6.474178",CENTURY 21 Chablais-Léman Thonon,https://www.century21-chablais-leman-thonon.com/trouver_logement/detail/15698583939/,,,True,"19 Boulevard des Trolliettes, 74200 Thonon-les-Bains",59.0,53.0,3.0,58.39,,3.0,1.03,,habitavel
apartamento,Thonon-les-Bains,,,"https://www.google.com/maps/search/?api=1&query=46.358712,6.453286",CENTURY 21 Chablais-Léman Thonon,https://www.century21-chablais-leman-thonon.com/trouver_logement/detail/16350251916/,,,True,"68 Avenue de Geneve, 74200 Thonon-les-Bains",59.0,614.0,3.0,60.0,,3.0,1.67,,habitavel
apartamento,Thonon-les-Bains,,,"https://www.google.com/maps/search/?api=1&query=46.358712,6.453286",CENTURY 21 Chablais-Léman Thonon,https://www.century21-chablais-leman-thonon.com/trouver_logement/detail/15698583939/,,,True,"68 Avenue de Geneve, 74200 Thonon-les-Bains",59.0,614.0,3.0,58.39,,3.0,1.03,,habitavel
apartamento,Thonon-les-Bains,,,"https://www.google.com/maps/search/?api=1&query=46.372718,6.477585",Laforêt Thonon-Évian,https://www.laforet.com/agence-immobiliere/thonon-evian/acheter/thonon-les-bains/appartement-2-pieces-22694427,,,True,"4 Rue de la Paix, 74200 Thonon-les-Bains",58.0,225.0,2.0,59.0,,2.0,1.69,,habitavel
apartamento,Thonon-les-Bains,,,"https://www.google.com/maps/search/?api=1&query=46.366119,6.467826",Agence Barnoud Thonon,https://www.barnoud-immobilier.fr/vente/74-haute-savoie/1-thonon-les-bains/2-appartement/t2/10682-rez-jardin-17-54m-au-calme-t2-52m/,,,,"59 Avenue du Général de Gaulle, 74200 Thonon-les-Bains",52.0,473.0,3.0,52.04,,,0.08,,habitavel
apartamento,Thonon-les-Bains,,,"https://www.google.com/maps/search/?api=1&query=46.366119,6.467826",Agence Barnoud Thonon,https://www.barnoud-immobilier.fr/vente/74-haute-savoie/1-thonon-les-bains/2-appartement/t2/11274-appartement-t2-51-15m/,,,,"59 Avenue du Général de Gaulle, 74200 Thonon-les-Bains",52.0,473.0,3.0,51.15,,,1.63,,habitavel
apartamento,Thonon-les-Bains,,,"https://www.google.com/maps/search/?api=1&query=46.360131,6.456813",CENTURY 21 Chablais-Léman Thonon,https://www.century21-chablais-leman-thonon.com/trouver_logement/detail/15698583939/,,,True,"1 Impasse de Létroz Sud, 74200 Thonon-les-Bains",58.0,598.0,3.0,58.39,,3.0,0.67,,habitavel
apartamento,Thonon-les-Bains,,,"https://www.google.com/maps/search/?api=1&query=46.369556,6.497085",CENTURY 21 Chablais-Léman Thonon,https://www.century21-chablais-leman-thonon.com/trouver_logement/detail/16350251916/,,,True,"24 Avenue de la Dranse, 74200 Thonon-les-Bains",60.0,231.0,3.0,60.0,,3.0,0.0,,habitavel
apartamento,Thonon-les-Bains,,,"https://www.google.com/maps/search/?api=1&query=46.369556,6.497085",Agence Lehmann,https://lehmann-immo.com/fr/propriete/vente+appartement+thonon-les-bains+87286557,,,,"24 Avenue de la Dranse, 74200 Thonon-les-Bains",60.0,231.0,3.0,61.22,,,1.99,,habitavel
apartamento,Thonon-les-Bains,,,"https://www.google.com/maps/search/?api=1&query=46.371705,6.481463",Poirier Immobilier Thonon,https://www.poirier-immobilier.com/vente/6-thonon-les-bains/appartement/2365-appartement-de-type-2-renove-avec-gout,,,True,"7 Rue des Granges, 74200 Thonon-les-Bains",56.0,1373.0,2.0,55.88,,2.0,0.21,,habitavel
apartamento,Évian-les-Bains,,,"https://www.google.com/maps/search/?api=1&query=46.388798,6.58142",CENTURY 21 Chablais Léman Évian,https://www.century21-chablais-leman-evian.com/trouver_logement/detail/11245834972/,,,True,"48 Boulevard Du Clou, 74500 Évian-les-Bains",60.0,2602.0,3.0,60.0,,3.0,0.0,,habitavel
apartamento,Évian-les-Bains,,,"https://www.google.com/maps/search/?api=1&query=46.388798,6.58142",Agence Barnoud Évian,https://www.barnoud-immobilier.fr/vente/74-haute-savoie/2-evian-les-bains/2-appartement/t2/10698-t2-60-m-vue-lac-parking-hyper-centre-evian-les-bains/,,,,"48 Boulevard Du Clou, 74500 Évian-les-Bains",60.0,2602.0,3.0,60.0,,,0.0,,habitavel
apartamento,Évian-les-Bains,,,"https://www.google.com/maps/search/?api=1&query=46.388798,6.58142",Leman Property Évian,https://www.leman-property.com/vente/appartement/evian-les-bains/evian-les-bains-appartement-a-renover/,,,,"48 Boulevard Du Clou, 74500 Évian-les-Bains",60.0,2602.0,3.0,60.0,,,0.0,,habitavel
apartamento,Évian-les-Bains,,,"https://www.google.com/maps/search/?api=1&query=46.388798,6.58142",CENTURY 21 Chablais Léman Évian,https://www.century21-chablais-leman-evian.com/trouver_logement/detail/11245814138/,,,True,"48 Boulevard Du Clou, 74500 Évian-les-Bains",60.0,2602.0,3.0,60.0,,3.0,0.0,,habitavel
apartamento,Évian-les-Bains,,,"https://www.google.com/maps/search/?api=1&query=46.388798,6.58142",CENTURY 21 Chablais Léman Évian,https://www.century21-chablais-leman-evian.com/trouver_logement/detail/11245758109/,,,True,"48 Boulevard Du Clou, 74500 Évian-les-Bains",60.0,2602.0,3.0,60.0,,3.0,0.0,,habitavel
apartamento,Évian-les-Bains,,,"https://www.google.com/maps/search/?api=1&query=46.388798,6.58142",Poirier Immobilier Évian,https://www.poirier-immobilier.com/vente/5-evian-les-bains/appartement/68-appartement-t3-centre-ville-d-evian-les-bains,,,True,"48 Boulevard Du Clou, 74500 Évian-les-Bains",60.0,2602.0,3.0,59.64,,3.0,0.6,,habitavel
apartamento,Thonon-les-Bains,,,"https://www.google.com/maps/search/?api=1&query=46.37065,6.48179",Poirier Immobilier Thonon,https://www.poirier-immobilier.com/vente/6-thonon-les-bains/appartement/2365-appartement-de-type-2-renove-avec-gout,,,True,"2 Boulevard du Canal, 74200 Thonon-les-Bains",57.0,284.0,2.0,55.88,,2.0,1.96,,habitavel
apartamento,Thonon-les-Bains,,,"https://www.google.com/maps/search/?api=1&query=46.369457,6.496611",CENTURY 21 Chablais-Léman Thonon,https://www.century21-chablais-leman-thonon.com/trouver_logement/detail/16350251916/,,,True,"21 Avenue de la Dranse, 74200 Thonon-les-Bains",60.0,253.0,3.0,60.0,,3.0,0.0,,habitavel
apartamento,Thonon-les-Bains,,,"https://www.google.com/maps/search/?api=1&query=46.369457,6.496611",Agence Lehmann,https://lehmann-immo.com/fr/propriete/vente+appartement+thonon-les-bains+87286557,,,,"21 Avenue de la Dranse, 74200 Thonon-les-Bains",60.0,253.0,3.0,61.22,,,1.99,,habitavel
apartamento,Thonon-les-Bains,,,"https://www.google.com/maps/search/?api=1&query=46.372736,6.485655",CENTURY 21 Chablais-Léman Thonon,https://www.century21-chablais-leman-thonon.com/trouver_logement/detail/16350251916/,,,True,"26 Chemin Vieux, 74200 Thonon-les-Bains",60.0,1957.0,3.0,60.0,,3.0,0.0,,habitavel
apartamento,Thonon-les-Bains,,,"https://www.google.com/maps/search/?api=1&query=46.372736,6.485655",Agence Lehmann,https://lehmann-immo.com/fr/propriete/vente+appartement+thonon-les-bains+87286557,,,,"26 Chemin Vieux, 74200 Thonon-les-Bains",60.0,1957.0,3.0,61.22,,,1.99,,habitavel
apartamento,Thonon-les-Bains,,,"https://www.google.com/maps/search/?api=1&query=46.370915,6.498612",Leman Property Thonon,https://www.leman-property.com/vente/appartement/thonon-les-bains/appartement-t3-coup-de-coeur/,,,,"22 Chemin des Tissottes, 74200 Thonon-les-Bains",50.0,430.0,3.0,50.0,,,0.0,,habitavel
apartamento,Thonon-les-Bains,,,"https://www.google.com/maps/search/?api=1&query=46.370915,6.498612",Agence Barnoud Thonon,https://www.barnoud-immobilier.fr/vente/74-haute-savoie/1-thonon-les-bains/2-appartement/t2/9852-appartement-a-vendre-dernier-etage-a-thonon-les-bains/,,,,"22 Chemin des Tissottes, 74200 Thonon-les-Bains",50.0,430.0,3.0,48.91,,,2.18,,habitavel
apartamento,Thonon-les-Bains,,,"https://www.google.com/maps/search/?api=1&query=46.370915,6.498612",Agence Barnoud Thonon,https://www.barnoud-immobilier.fr/vente/74-haute-savoie/1-thonon-les-bains/2-appartement/t2/11274-appartement-t2-51-15m/,,,,"22 Chemin des Tissottes, 74200 Thonon-les-Bains",50.0,430.0,3.0,51.15,,,2.25,,habitavel
apartamento,Thonon-les-Bains,,,"https://www.google.com/maps/search/?api=1&query=46.382215,6.505059",Nestenn Évian,https://immobilier-evian-les-bains.nestenn.com/a-vendre-a-thonon-les-bains-t2-renove-avec-deux-balcons-ref-39439459,,,True,"8 Route de Vongy, 74200 Thonon-les-Bains",50.0,126.0,2.0,50.0,,2.0,0.0,,habitavel
apartamento,Thonon-les-Bains,,,"https://www.google.com/maps/search/?api=1&query=46.382215,6.505059",Leman Property Thonon,https://www.leman-property.com/vente/appartement/thonon-les-bains/appartement-t3-coup-de-coeur/,,,,"8 Route de Vongy, 74200 Thonon-les-Bains",50.0,126.0,2.0,50.0,,,0.0,,habitavel
apartamento,Thonon-les-Bains,,,"https://www.google.com/maps/search/?api=1&query=46.382215,6.505059",Agence Barnoud Thonon,https://www.barnoud-immobilier.fr/vente/74-haute-savoie/1-thonon-les-bains/2-appartement/t2/9852-appartement-a-vendre-dernier-etage-a-thonon-les-bains/,,,,"8 Route de Vongy, 74200 Thonon-les-Bains",50.0,126.0,2.0,48.91,,,2.18,,habitavel
apartamento,Thonon-les-Bains,,,"https://www.google.com/maps/search/?api=1&query=46.382215,6.505059",Agence Barnoud Thonon,https://www.barnoud-immobilier.fr/vente/74-haute-savoie/1-thonon-les-bains/2-appartement/t2/11274-appartement-t2-51-15m/,,,,"8 Route de Vongy, 74200 Thonon-les-Bains",50.0,126.0,2.0,51.15,,,2.25,,habitavel
apartamento,Thonon-les-Bains,,,"https://www.google.com/maps/search/?api=1&query=46.367877,6.485962",CENTURY 21 Chablais-Léman Thonon,https://www.century21-chablais-leman-thonon.com/trouver_logement/detail/16350251916/,,,True,"15 Avenue de l’Ermitage, 74200 Thonon-les-Bains",60.0,525.0,3.0,60.0,,3.0,0.0,,habitavel
apartamento,Thonon-les-Bains,,,"https://www.google.com/maps/search/?api=1&query=46.367877,6.485962",Agence Lehmann,https://lehmann-immo.com/fr/propriete/vente+appartement+thonon-les-bains+87286557,,,,"15 Avenue de l’Ermitage, 74200 Thonon-les-Bains",60.0,525.0,3.0,61.22,,,1.99,,habitavel
apartamento,Thonon-les-Bains,,,"https://www.google.com/maps/search/?api=1&query=46.381777,6.491572",Agence Barnoud Thonon,https://www.barnoud-immobilier.fr/vente/74-haute-savoie/1-thonon-les-bains/2-appartement/t2/10682-rez-jardin-17-54m-au-calme-t2-52m/,,,,"14 Impasse de la Combe, 74200 Thonon-les-Bains",52.0,582.0,2.0,52.04,,,0.08,,habitavel
apartamento,Thonon-les-Bains,,,"https://www.google.com/maps/search/?api=1&query=46.381777,6.491572",Agence Barnoud Thonon,https://www.barnoud-immobilier.fr/vente/74-haute-savoie/1-thonon-les-bains/2-appartement/t2/11274-appartement-t2-51-15m/,,,,"14 Impasse de la Combe, 74200 Thonon-les-Bains",52.0,582.0,2.0,51.15,,,1.63,,habitavel
apartamento,Thonon-les-Bains,,,"https://www.google.com/maps/search/?api=1&query=46.353802,6.476372",Leman Property Thonon,https://www.leman-property.com/vente/appartement/thonon-les-bains/appartement-t3-coup-de-coeur/,,,,"28 Avenue de la Dame, 74200 Thonon-les-Bains",50.0,785.0,3.0,50.0,,,0.0,,habitavel
apartamento,Thonon-les-Bains,,,"https://www.google.com/maps/search/?api=1&query=46.353802,6.476372",Agence Barnoud Thonon,https://www.barnoud-immobilier.fr/vente/74-haute-savoie/1-thonon-les-bains/2-appartement/t2/9852-appartement-a-vendre-dernier-etage-a-thonon-les-bains/,,,,"28 Avenue de la Dame, 74200 Thonon-les-Bains",50.0,785.0,3.0,48.91,,,2.18,,habitavel
apartamento,Thonon-les-Bains,,,"https://www.google.com/maps/search/?api=1&query=46.353802,6.476372",Agence Barnoud Thonon,https://www.barnoud-immobilier.fr/vente/74-haute-savoie/1-thonon-les-bains/2-appartement/t2/11274-appartement-t2-51-15m/,,,,"28 Avenue de la Dame, 74200 Thonon-les-Bains",50.0,785.0,3.0,51.15,,,2.25,,habitavel
apartamento,Thonon-les-Bains,,,"https://www.google.com/maps/search/?api=1&query=46.373151,6.47745",Laforêt Thonon-Évian,https://www.laforet.com/agence-immobiliere/thonon-evian/acheter/thonon-les-bains/appartement-2-pieces-22694427,,,True,"2 Place de l’Hôtel de Ville, 74200 Thonon-les-Bains",58.0,1390.0,2.0,59.0,,2.0,1.69,,habitavel
apartamento,Thonon-les-Bains,,,"https://www.google.com/maps/search/?api=1&query=46.37306,6.477581",Laforêt Thonon-Évian,https://www.laforet.com/agence-immobiliere/thonon-evian/acheter/thonon-les-bains/appartement-2-pieces-22694427,,,True,"3 Place de l’Hôtel de Ville, 74200 Thonon-les-Bains",58.0,362.0,2.0,59.0,,2.0,1.69,,habitavel
apartamento,Thonon-les-Bains,,,"https://www.google.com/maps/search/?api=1&query=46.370922,6.476293",CENTURY 21 Chablais-Léman Thonon,https://www.century21-chablais-leman-thonon.com/trouver_logement/detail/16350251916/,,,True,"16 Avenue des Tilleuls, 74200 Thonon-les-Bains",59.0,1336.0,3.0,60.0,,3.0,1.67,,habitavel
apartamento,Thonon-les-Bains,,,"https://www.google.com/maps/search/?api=1&query=46.370922,6.476293",CENTURY 21 Chablais-Léman Thonon,https://www.century21-chablais-leman-thonon.com/trouver_logement/detail/15698583939/,,,True,"16 Avenue des Tilleuls, 74200 Thonon-les-Bains",59.0,1336.0,3.0,58.39,,3.0,1.03,,habitavel
apartamento,Évian-les-Bains,,,"https://www.google.com/maps/search/?api=1&query=46.398793,6.581269",Nestenn Évian,https://immobilier-evian-les-bains.nestenn.com/programme-neuf-evian-les-bains-du-t2-au-t4-ref-39323966,,,True,"25 Avenue De La Gare, 74500 Évian-les-Bains",58.0,852.0,3.0,58.0,,3.0,0.0,,habitavel
apartamento,Thonon-les-Bains,,,"https://www.google.com/maps/search/?api=1&query=46.358645,6.453632",CENTURY 21 Chablais-Léman Thonon,https://www.century21-chablais-leman-thonon.com/trouver_logement/detail/16350251916/,,,True,"66 Avenue de Geneve, 74200 Thonon-les-Bains",59.0,840.0,3.0,60.0,,3.0,1.67,,habitavel
apartamento,Thonon-les-Bains,,,"https://www.google.com/maps/search/?api=1&query=46.358645,6.453632",CENTURY 21 Chablais-Léman Thonon,https://www.century21-chablais-leman-thonon.com/trouver_logement/detail/15698583939/,,,True,"66 Avenue de Geneve, 74200 Thonon-les-Bains",59.0,840.0,3.0,58.39,,3.0,1.03,,habitavel
apartamento,Évian-les-Bains,,,"https://www.google.com/maps/search/?api=1&query=46.399631,6.589331",Agence Barnoud Évian,https://www.barnoud-immobilier.fr/vente/74-haute-savoie/2-evian-les-bains/2-appartement/t2/10698-t2-60-m-vue-lac-parking-hyper-centre-evian-les-bains/,,,,"28 Avenue Commandant Madelaine, 74500 Évian-les-Bains",59.0,2459.0,2.0,60.0,,,1.67,,habitavel
apartamento,Évian-les-Bains,,,"https://www.google.com/maps/search/?api=1&query=46.399631,6.589331",Leman Property Évian,https://www.leman-property.com/vente/appartement/evian-les-bains/evian-les-bains-appartement-a-renover/,,,,"28 Avenue Commandant Madelaine, 74500 Évian-les-Bains",59.0,2459.0,2.0,60.0,,,1.67,,habitavel
apartamento,Thonon-les-Bains,,,"https://www.google.com/maps/search/?api=1&query=46.373093,6.477698",Laforêt Thonon-Évian,https://www.laforet.com/agence-immobiliere/thonon-evian/acheter/thonon-les-bains/appartement-2-pieces-22694427,,,True,"1 Place de l’Hôtel de Ville, 74200 Thonon-les-Bains",58.0,834.0,2.0,59.0,,2.0,1.69,,habitavel
apartamento,Thonon-les-Bains,,,"https://www.google.com/maps/search/?api=1&query=46.373435,6.479259",Nestenn Évian,https://immobilier-evian-les-bains.nestenn.com/a-vendre-a-thonon-les-bains-t2-renove-avec-deux-balcons-ref-39439459,,,True,"68 Grande Rue, 74200 Thonon-les-Bains",50.0,595.0,2.0,50.0,,2.0,0.0,,habitavel
apartamento,Thonon-les-Bains,,,"https://www.google.com/maps/search/?api=1&query=46.373435,6.479259",Leman Property Thonon,https://www.leman-property.com/vente/appartement/thonon-les-bains/appartement-t3-coup-de-coeur/,,,,"68 Grande Rue, 74200 Thonon-les-Bains",50.0,595.0,2.0,50.0,,,0.0,,habitavel
apartamento,Thonon-les-Bains,,,"https://www.google.com/maps/search/?api=1&query=46.373435,6.479259",Agence Barnoud Thonon,https://www.barnoud-immobilier.fr/vente/74-haute-savoie/1-thonon-les-bains/2-appartement/t2/9852-appartement-a-vendre-dernier-etage-a-thonon-les-bains/,,,,"68 Grande Rue, 74200 Thonon-les-Bains",50.0,595.0,2.0,48.91,,,2.18,,habitavel
apartamento,Thonon-les-Bains,,,"https://www.google.com/maps/search/?api=1&query=46.373435,6.479259",Agence Barnoud Thonon,https://www.barnoud-immobilier.fr/vente/74-haute-savoie/1-thonon-les-bains/2-appartement/t2/11274-appartement-t2-51-15m/,,,,"68 Grande Rue, 74200 Thonon-les-Bains",50.0,595.0,2.0,51.15,,,2.25,,habitavel
apartamento,Thonon-les-Bains,,,"https://www.google.com/maps/search/?api=1&query=46.36378,6.47571",CENTURY 21 Chablais-Léman Thonon,https://www.century21-chablais-leman-thonon.com/trouver_logement/detail/15698583939/,,,True,"4 Impasse de la Dôle, 74200 Thonon-les-Bains",58.0,473.0,3.0,58.39,,3.0,0.67,,habitavel
apartamento,Thonon-les-Bains,,,"https://www.google.com/maps/search/?api=1&query=46.377047,6.487434",Laforêt Thonon-Évian,https://www.laforet.com/agence-immobiliere/thonon-evian/acheter/thonon-les-bains/appartement-2-pieces-52196779,,,True,"28 Avenue d’Evian, 74200 Thonon-les-Bains",45.0,730.0,2.0,45.0,,2.0,0.0,,habitavel
apartamento,Thonon-les-Bains,,,"https://www.google.com/maps/search/?api=1&query=46.377047,6.487434",Leman Property Thonon,https://www.leman-property.com/vente/appartement/thonon-les-bains/en-exclusivite-t2-rez-de-jardin-thonon-st-disdille/,,,,"28 Avenue d’Evian, 74200 Thonon-les-Bains",45.0,730.0,2.0,44.0,,,2.22,,habitavel
apartamento,Thonon-les-Bains,,,"https://www.google.com/maps/search/?api=1&query=46.377047,6.487434",A&P Immobilier,https://www.immobilierapi.com/vente/1-thonon-les-bains/appartement/t2/853-thonon-les-bains-a-vendre-appartement-en-plateau-brut-a-amenager-parking-et-cave-thonon-ouest/,,,True,"28 Avenue d’Evian, 74200 Thonon-les-Bains",45.0,730.0,2.0,44.3,,2.0,1.56,,habitavel
apartamento,Thonon-les-Bains,,,"https://www.google.com/maps/search/?api=1&query=46.377047,6.487434",Poirier Immobilier Thonon,https://www.poirier-immobilier.com/vente/6-thonon-les-bains/appartement/2317-a-decouvrir-appartement-t2-avec-fort-potentiel-a-rafraichir-selon-vos-envies,,,True,"28 Avenue d’Evian, 74200 Thonon-les-Bains",45.0,730.0,2.0,44.78,,2.0,0.49,,habitavel
apartamento,Thonon-les-Bains,,,"https://www.google.com/maps/search/?api=1&query=46.377047,6.487434",Agence Barnoud Thonon,https://www.barnoud-immobilier.fr/vente/74-haute-savoie/1-thonon-les-bains/2-appartement/t2/11354-appartement-de-type-2-a-vendre-a-thonon-les-bains/,,,,"28 Avenue d’Evian, 74200 Thonon-les-Bains",45.0,730.0,2.0,46.0,,,2.17,,habitavel
apartamento,Évian-les-Bains,,,"https://www.google.com/maps/search/?api=1&query=46.399216,6.583806",Agence Barnoud Évian,https://www.barnoud-immobilier.fr/vente/74-haute-savoie/2-evian-les-bains/4-studio/9473-dernier-etage-vue-lac-studio-avec-beaucoup-de-charme/,,,,"6 Boulevard Jean Jaures, 74500 Évian-les-Bains",43.0,839.0,2.0,43.88,,,2.01,,habitavel
apartamento,Thonon-les-Bains,,,"https://www.google.com/maps/search/?api=1&query=46.366591,6.477769",Laforêt Thonon-Évian,https://www.laforet.com/agence-immobiliere/thonon-evian/acheter/thonon-les-bains/appartement-2-pieces-52196779,,,True,"6 Avenue de la Libération, 74200 Thonon-les-Bains",44.0,489.0,2.0,45.0,,2.0,2.22,,habitavel
apartamento,Thonon-les-Bains,,,"https://www.google.com/maps/search/?api=1&query=46.366591,6.477769",Leman Property Thonon,https://www.leman-property.com/vente/appartement/thonon-les-bains/en-exclusivite-t2-rez-de-jardin-thonon-st-disdille/,,,,"6 Avenue de la Libération, 74200 Thonon-les-Bains",44.0,489.0,2.0,44.0,,,0.0,,habitavel
apartamento,Thonon-les-Bains,,,"https://www.google.com/maps/search/?api=1&query=46.366591,6.477769",A&P Immobilier,https://www.immobilierapi.com/vente/1-thonon-les-bains/appartement/t2/853-thonon-les-bains-a-vendre-appartement-en-plateau-brut-a-amenager-parking-et-cave-thonon-ouest/,,,True,"6 Avenue de la Libération, 74200 Thonon-les-Bains",44.0,489.0,2.0,44.3,,2.0,0.68,,habitavel
apartamento,Thonon-les-Bains,,,"https://www.google.com/maps/search/?api=1&query=46.366591,6.477769",Christelle Vannier Immobilier,https://cvannier-immobilier.com/fr/propriete/vente+appartement+thonon-les-bains+exclusivite-t2-centre-ville-thonon-les-bains+86925991,,,True,"6 Avenue de la Libération, 74200 Thonon-les-Bains",44.0,489.0,2.0,43.6,,2.0,0.91,,habitavel
apartamento,Thonon-les-Bains,,,"https://www.google.com/maps/search/?api=1&query=46.366591,6.477769",Poirier Immobilier Thonon,https://www.poirier-immobilier.com/vente/6-thonon-les-bains/appartement/2317-a-decouvrir-appartement-t2-avec-fort-potentiel-a-rafraichir-selon-vos-envies,,,True,"6 Avenue de la Libération, 74200 Thonon-les-Bains",44.0,489.0,2.0,44.78,,2.0,1.74,,habitavel
apartamento,Thonon-les-Bains,,,"https://www.google.com/maps/search/?api=1&query=46.379816,6.484677",Laforêt Thonon-Évian,https://www.laforet.com/agence-immobiliere/thonon-evian/acheter/thonon-les-bains/appartement-2-pieces-52196779,,,True,"3 Chemin de la Fléchère, 74200 Thonon-les-Bains",46.0,600.0,2.0,45.0,,2.0,2.17,,habitavel
apartamento,Thonon-les-Bains,,,"https://www.google.com/maps/search/?api=1&query=46.379816,6.484677",Agence Barnoud Thonon,https://www.barnoud-immobilier.fr/vente/74-haute-savoie/1-thonon-les-bains/2-appartement/t2/11354-appartement-de-type-2-a-vendre-a-thonon-les-bains/,,,,"3 Chemin de la Fléchère, 74200 Thonon-les-Bains",46.0,600.0,2.0,46.0,,,0.0,,habitavel
apartamento,Thonon-les-Bains,,,"https://www.google.com/maps/search/?api=1&query=46.366516,6.477616",Laforêt Thonon-Évian,https://www.laforet.com/agence-immobiliere/thonon-evian/acheter/thonon-les-bains/appartement-2-pieces-52196779,,,True,"4 Avenue de la Libération, 74200 Thonon-les-Bains",44.0,154.0,2.0,45.0,,2.0,2.22,,habitavel
apartamento,Thonon-les-Bains,,,"https://www.google.com/maps/search/?api=1&query=46.366516,6.477616",Leman Property Thonon,https://www.leman-property.com/vente/appartement/thonon-les-bains/en-exclusivite-t2-rez-de-jardin-thonon-st-disdille/,,,,"4 Avenue de la Libération, 74200 Thonon-les-Bains",44.0,154.0,2.0,44.0,,,0.0,,habitavel
apartamento,Thonon-les-Bains,,,"https://www.google.com/maps/search/?api=1&query=46.366516,6.477616",A&P Immobilier,https://www.immobilierapi.com/vente/1-thonon-les-bains/appartement/t2/853-thonon-les-bains-a-vendre-appartement-en-plateau-brut-a-amenager-parking-et-cave-thonon-ouest/,,,True,"4 Avenue de la Libération, 74200 Thonon-les-Bains",44.0,154.0,2.0,44.3,,2.0,0.68,,habitavel
apartamento,Thonon-les-Bains,,,"https://www.google.com/maps/search/?api=1&query=46.366516,6.477616",Christelle Vannier Immobilier,https://cvannier-immobilier.com/fr/propriete/vente+appartement+thonon-les-bains+exclusivite-t2-centre-ville-thonon-les-bains+86925991,,,True,"4 Avenue de la Libération, 74200 Thonon-les-Bains",44.0,154.0,2.0,43.6,,2.0,0.91,,habitavel
apartamento,Thonon-les-Bains,,,"https://www.google.com/maps/search/?api=1&query=46.366516,6.477616",Poirier Immobilier Thonon,https://www.poirier-immobilier.com/vente/6-thonon-les-bains/appartement/2317-a-decouvrir-appartement-t2-avec-fort-potentiel-a-rafraichir-selon-vos-envies,,,True,"4 Avenue de la Libération, 74200 Thonon-les-Bains",44.0,154.0,2.0,44.78,,2.0,1.74,,habitavel
apartamento,Thonon-les-Bains,,,"https://www.google.com/maps/search/?api=1&query=46.361731,6.483159",Leman Property Thonon,https://www.leman-property.com/vente/appartement/thonon-les-bains/en-exclusivite-t2-rez-de-jardin-thonon-st-disdille/,,,,"5 Chemin de la Vionnaz, 74200 Thonon-les-Bains",43.0,530.0,2.0,44.0,,,2.27,,habitavel
apartamento,Thonon-les-Bains,,,"https://www.google.com/maps/search/?api=1&query=46.361731,6.483159",Agence Lehmann,https://lehmann-immo.com/fr/propriete/vente+appartement+thonon-les-bains+appartement-moderne-t2-a-thonon-les-bains+87095867,,,,"5 Chemin de la Vionnaz, 74200 Thonon-les-Bains",43.0,530.0,2.0,42.39,,,1.42,,habitavel
apartamento,Thonon-les-Bains,,,"https://www.google.com/maps/search/?api=1&query=46.361731,6.483159",Christelle Vannier Immobilier,https://cvannier-immobilier.com/fr/propriete/vente+appartement+thonon-les-bains+exclusivite-t2-centre-ville-thonon-les-bains+86925991,,,True,"5 Chemin de la Vionnaz, 74200 Thonon-les-Bains",43.0,530.0,2.0,43.6,,2.0,1.38,,habitavel
apartamento,Thonon-les-Bains,,,"https://www.google.com/maps/search/?api=1&query=46.377133,6.486863",Laforêt Thonon-Évian,https://www.laforet.com/agence-immobiliere/thonon-evian/acheter/thonon-les-bains/appartement-2-pieces-52534317,,,True,"8 Chemin de la Croix de Mission, 74200 Thonon-les-Bains",40.0,560.0,2.0,40.0,,2.0,0.0,,habitavel
apartamento,Thonon-les-Bains,,,"https://www.google.com/maps/search/?api=1&query=46.377133,6.486863",Leman Property Thonon,https://www.leman-property.com/vente/appartement/thonon-les-bains/thonon-les-bains-t2-duplex-renove-vue-lac/,,,,"8 Chemin de la Croix de Mission, 74200 Thonon-les-Bains",40.0,560.0,2.0,40.0,,,0.0,,habitavel
apartamento,Thonon-les-Bains,,,"https://www.google.com/maps/search/?api=1&query=46.377133,6.486863",Christelle Vannier Immobilier,https://cvannier-immobilier.com/fr/propriete/vente+appartement+thonon-les-bains+exclusivite-appartement-de-type-2-avec-cave+86737083,,,True,"8 Chemin de la Croix de Mission, 74200 Thonon-les-Bains",40.0,560.0,2.0,40.0,,2.0,0.0,,habitavel
apartamento,Thonon-les-Bains,,,"https://www.google.com/maps/search/?api=1&query=46.377133,6.486863",Christelle Vannier Immobilier,https://cvannier-immobilier.com/fr/propriete/vente+appartement+thonon-les-bains+appartement-t2-thonon-les-bains+86380593,,,True,"8 Chemin de la Croix de Mission, 74200 Thonon-les-Bains",40.0,560.0,2.0,40.25,,2.0,0.62,,habitavel
apartamento,Évian-les-Bains,,,"https://www.google.com/maps/search/?api=1&query=46.391711,6.584659",Agence Barnoud Évian,https://www.barnoud-immobilier.fr/vente/74-haute-savoie/2-evian-les-bains/4-studio/9473-dernier-etage-vue-lac-studio-avec-beaucoup-de-charme/,,,,"20 Route Des Verdannes, 74500 Évian-les-Bains",45.0,9890.0,2.0,43.88,,,2.49,,habitavel
apartamento,Thonon-les-Bains,,,"https://www.google.com/maps/search/?api=1&query=46.378788,6.488578",Laforêt Thonon-Évian,https://www.laforet.com/agence-immobiliere/thonon-evian/acheter/thonon-les-bains/appartement-2-pieces-52196779,,,True,"5 Chemin des Guillettes, 74200 Thonon-les-Bains",45.0,376.0,2.0,45.0,,2.0,0.0,,habitavel
apartamento,Thonon-les-Bains,,,"https://www.google.com/maps/search/?api=1&query=46.378788,6.488578",Leman Property Thonon,https://www.leman-property.com/vente/appartement/thonon-les-bains/en-exclusivite-t2-rez-de-jardin-thonon-st-disdille/,,,,"5 Chemin des Guillettes, 74200 Thonon-les-Bains",45.0,376.0,2.0,44.0,,,2.22,,habitavel
apartamento,Thonon-les-Bains,,,"https://www.google.com/maps/search/?api=1&query=46.378788,6.488578",A&P Immobilier,https://www.immobilierapi.com/vente/1-thonon-les-bains/appartement/t2/853-thonon-les-bains-a-vendre-appartement-en-plateau-brut-a-amenager-parking-et-cave-thonon-ouest/,,,True,"5 Chemin des Guillettes, 74200 Thonon-les-Bains",45.0,376.0,2.0,44.3,,2.0,1.56,,habitavel
apartamento,Thonon-les-Bains,,,"https://www.google.com/maps/search/?api=1&query=46.378788,6.488578",Poirier Immobilier Thonon,https://www.poirier-immobilier.com/vente/6-thonon-les-bains/appartement/2317-a-decouvrir-appartement-t2-avec-fort-potentiel-a-rafraichir-selon-vos-envies,,,True,"5 Chemin des Guillettes, 74200 Thonon-les-Bains",45.0,376.0,2.0,44.78,,2.0,0.49,,habitavel
apartamento,Thonon-les-Bains,,,"https://www.google.com/maps/search/?api=1&query=46.378788,6.488578",Agence Barnoud Thonon,https://www.barnoud-immobilier.fr/vente/74-haute-savoie/1-thonon-les-bains/2-appartement/t2/11354-appartement-de-type-2-a-vendre-a-thonon-les-bains/,,,,"5 Chemin des Guillettes, 74200 Thonon-les-Bains",45.0,376.0,2.0,46.0,,,2.17,,habitavel
apartamento,Thonon-les-Bains,,,"https://www.google.com/maps/search/?api=1&query=46.357695,6.454107",Agence Lehmann,https://lehmann-immo.com/fr/propriete/vente+appartement+thonon-les-bains+appartement-moderne-t2-a-thonon-les-bains+87095867,,,,"3 Chemin des Oiseaux, 74200 Thonon-les-Bains",42.0,870.0,2.0,42.39,,,0.92,,habitavel
apartamento,Thonon-les-Bains,,,"https://www.google.com/maps/search/?api=1&query=46.365537,6.476783",Laforêt Thonon-Évian,https://www.laforet.com/agence-immobiliere/thonon-evian/acheter/thonon-les-bains/appartement-2-pieces-52196779,,,True,"16 Chemin du Martinet, 74200 Thonon-les-Bains",44.0,750.0,2.0,45.0,,2.0,2.22,,habitavel
apartamento,Thonon-les-Bains,,,"https://www.google.com/maps/search/?api=1&query=46.365537,6.476783",Leman Property Thonon,https://www.leman-property.com/vente/appartement/thonon-les-bains/en-exclusivite-t2-rez-de-jardin-thonon-st-disdille/,,,,"16 Chemin du Martinet, 74200 Thonon-les-Bains",44.0,750.0,2.0,44.0,,,0.0,,habitavel
apartamento,Thonon-les-Bains,,,"https://www.google.com/maps/search/?api=1&query=46.365537,6.476783",A&P Immobilier,https://www.immobilierapi.com/vente/1-thonon-les-bains/appartement/t2/853-thonon-les-bains-a-vendre-appartement-en-plateau-brut-a-amenager-parking-et-cave-thonon-ouest/,,,True,"16 Chemin du Martinet, 74200 Thonon-les-Bains",44.0,750.0,2.0,44.3,,2.0,0.68,,habitavel
apartamento,Thonon-les-Bains,,,"https://www.google.com/maps/search/?api=1&query=46.365537,6.476783",Christelle Vannier Immobilier,https://cvannier-immobilier.com/fr/propriete/vente+appartement+thonon-les-bains+exclusivite-t2-centre-ville-thonon-les-bains+86925991,,,True,"16 Chemin du Martinet, 74200 Thonon-les-Bains",44.0,750.0,2.0,43.6,,2.0,0.91,,habitavel
apartamento,Thonon-les-Bains,,,"https://www.google.com/maps/search/?api=1&query=46.365537,6.476783",Poirier Immobilier Thonon,https://www.poirier-immobilier.com/vente/6-thonon-les-bains/appartement/2317-a-decouvrir-appartement-t2-avec-fort-potentiel-a-rafraichir-selon-vos-envies,,,True,"16 Chemin du Martinet, 74200 Thonon-les-Bains",44.0,750.0,2.0,44.78,,2.0,1.74,,habitavel
apartamento,Thonon-les-Bains,,,"https://www.google.com/maps/search/?api=1&query=46.36331,6.47629",Leman Property Thonon,https://www.leman-property.com/vente/appartement/thonon-les-bains/en-exclusivite-t2-rez-de-jardin-thonon-st-disdille/,,,,"30 Chemin du Martinet, 74200 Thonon-les-Bains",43.0,565.0,2.0,44.0,,,2.27,,habitavel
apartamento,Thonon-les-Bains,,,"https://www.google.com/maps/search/?api=1&query=46.36331,6.47629",Agence Lehmann,https://lehmann-immo.com/fr/propriete/vente+appartement+thonon-les-bains+appartement-moderne-t2-a-thonon-les-bains+87095867,,,,"30 Chemin du Martinet, 74200 Thonon-les-Bains",43.0,565.0,2.0,42.39,,,1.42,,habitavel
apartamento,Thonon-les-Bains,,,"https://www.google.com/maps/search/?api=1&query=46.36331,6.47629",Christelle Vannier Immobilier,https://cvannier-immobilier.com/fr/propriete/vente+appartement+thonon-les-bains+exclusivite-t2-centre-ville-thonon-les-bains+86925991,,,True,"30 Chemin du Martinet, 74200 Thonon-les-Bains",43.0,565.0,2.0,43.6,,2.0,1.38,,habitavel
apartamento,Thonon-les-Bains,,,"https://www.google.com/maps/search/?api=1&query=46.362939,6.478104",Cabinet Greneche,https://grenecheimmo.fr/fr/propriete/vente+appartement+thonon-les-bains+appartement-t4-neuf+86974022,,,,"33 Avenue des Allinges, 74200 Thonon-les-Bains",112.0,1217.0,6.0,109.93,,,1.85,,habitavel
apartamento,Thonon-les-Bains,,,"https://www.google.com/maps/search/?api=1&query=46.367739,6.484894",Leman Property Thonon,https://www.leman-property.com/vente/appartement/thonon-les-bains/en-exclusivite-t2-rez-de-jardin-thonon-st-disdille/,,,,"1 Chemin des Vignes, 74200 Thonon-les-Bains",44.0,737.0,3.0,44.0,,,0.0,,habitavel
apartamento,Thonon-les-Bains,,,"https://www.google.com/maps/search/?api=1&query=46.367739,6.484894",Poirier Immobilier Thonon,https://www.poirier-immobilier.com/vente/6-thonon-les-bains/appartement/2364-exclusivite-appartement-de-type-3-au-port-de-thonon,,,True,"1 Chemin des Vignes, 74200 Thonon-les-Bains",44.0,737.0,3.0,44.98,,3.0,2.18,,habitavel
apartamento,Thonon-les-Bains,,,"https://www.google.com/maps/search/?api=1&query=46.367894,6.485076",Leman Property Thonon,https://www.leman-property.com/vente/appartement/thonon-les-bains/en-exclusivite-t2-rez-de-jardin-thonon-st-disdille/,,,,"7 Avenue de l’Ermitage, 74200 Thonon-les-Bains",44.0,460.0,3.0,44.0,,,0.0,,habitavel
apartamento,Thonon-les-Bains,,,"https://www.google.com/maps/search/?api=1&query=46.367894,6.485076",Poirier Immobilier Thonon,https://www.poirier-immobilier.com/vente/6-thonon-les-bains/appartement/2364-exclusivite-appartement-de-type-3-au-port-de-thonon,,,True,"7 Avenue de l’Ermitage, 74200 Thonon-les-Bains",44.0,460.0,3.0,44.98,,3.0,2.18,,habitavel
apartamento,Thonon-les-Bains,,,"https://www.google.com/maps/search/?api=1&query=46.361598,6.457633",Laforêt Thonon-Évian,https://www.laforet.com/agence-immobiliere/thonon-evian/acheter/thonon-les-bains/appartement-2-pieces-52196779,,,True,"4 Chemin du Clos Riant, 74200 Thonon-les-Bains",45.0,617.0,2.0,45.0,,2.0,0.0,,habitavel
apartamento,Thonon-les-Bains,,,"https://www.google.com/maps/search/?api=1&query=46.361598,6.457633",Leman Property Thonon,https://www.leman-property.com/vente/appartement/thonon-les-bains/en-exclusivite-t2-rez-de-jardin-thonon-st-disdille/,,,,"4 Chemin du Clos Riant, 74200 Thonon-les-Bains",45.0,617.0,2.0,44.0,,,2.22,,habitavel
apartamento,Thonon-les-Bains,,,"https://www.google.com/maps/search/?api=1&query=46.361598,6.457633",A&P Immobilier,https://www.immobilierapi.com/vente/1-thonon-les-bains/appartement/t2/853-thonon-les-bains-a-vendre-appartement-en-plateau-brut-a-amenager-parking-et-cave-thonon-ouest/,,,True,"4 Chemin du Clos Riant, 74200 Thonon-les-Bains",45.0,617.0,2.0,44.3,,2.0,1.56,,habitavel
apartamento,Thonon-les-Bains,,,"https://www.google.com/maps/search/?api=1&query=46.361598,6.457633",Poirier Immobilier Thonon,https://www.poirier-immobilier.com/vente/6-thonon-les-bains/appartement/2317-a-decouvrir-appartement-t2-avec-fort-potentiel-a-rafraichir-selon-vos-envies,,,True,"4 Chemin du Clos Riant, 74200 Thonon-les-Bains",45.0,617.0,2.0,44.78,,2.0,0.49,,habitavel
apartamento,Thonon-les-Bains,,,"https://www.google.com/maps/search/?api=1&query=46.361598,6.457633",Agence Barnoud Thonon,https://www.barnoud-immobilier.fr/vente/74-haute-savoie/1-thonon-les-bains/2-appartement/t2/11354-appartement-de-type-2-a-vendre-a-thonon-les-bains/,,,,"4 Chemin du Clos Riant, 74200 Thonon-les-Bains",45.0,617.0,2.0,46.0,,,2.17,,habitavel
apartamento,Évian-les-Bains,,,"https://www.google.com/maps/search/?api=1&query=46.399669,6.60409",Poirier Immobilier Évian,https://www.poirier-immobilier.com/vente/5-evian-les-bains/appartement/2362-appartement-a-evian-les-bains-vue-lac,,,True,"11 Avenue D Aunieres, 74500 Évian-les-Bains",40.0,417.0,3.0,41.0,,3.0,2.44,,habitavel
apartamento,Thonon-les-Bains,,,"https://www.google.com/maps/search/?api=1&query=46.380083,6.484144",Laforêt Thonon-Évian,https://www.laforet.com/agence-immobiliere/thonon-evian/acheter/thonon-les-bains/appartement-2-pieces-52196779,,,True,"9 Chemin de la Fléchère, 74200 Thonon-les-Bains",46.0,196.0,2.0,45.0,,2.0,2.17,,habitavel
apartamento,Thonon-les-Bains,,,"https://www.google.com/maps/search/?api=1&query=46.380083,6.484144",Agence Barnoud Thonon,https://www.barnoud-immobilier.fr/vente/74-haute-savoie/1-thonon-les-bains/2-appartement/t2/11354-appartement-de-type-2-a-vendre-a-thonon-les-bains/,,,,"9 Chemin de la Fléchère, 74200 Thonon-les-Bains",46.0,196.0,2.0,46.0,,,0.0,,habitavel
apartamento,Évian-les-Bains,,,"https://www.google.com/maps/search/?api=1&query=46.393447,6.580159",Agence Barnoud Évian,https://www.barnoud-immobilier.fr/vente/74-haute-savoie/2-evian-les-bains/4-studio/9473-dernier-etage-vue-lac-studio-avec-beaucoup-de-charme/,,,,"5 Avenue De Thony, 74500 Évian-les-Bains",45.0,2955.0,2.0,43.88,,,2.49,,habitavel
apartamento,Thonon-les-Bains,,,"https://www.google.com/maps/search/?api=1&query=46.359889,6.45487",Laforêt Thonon-Évian,https://www.laforet.com/agence-immobiliere/thonon-evian/acheter/thonon-les-bains/appartement-2-pieces-52534317,,,True,"43 Avenue de Geneve, 74200 Thonon-les-Bains",39.0,275.0,2.0,40.0,,2.0,2.5,,habitavel
apartamento,Thonon-les-Bains,,,"https://www.google.com/maps/search/?api=1&query=46.359889,6.45487",Leman Property Thonon,https://www.leman-property.com/vente/appartement/thonon-les-bains/thonon-les-bains-t2-duplex-renove-vue-lac/,,,,"43 Avenue de Geneve, 74200 Thonon-les-Bains",39.0,275.0,2.0,40.0,,,2.5,,habitavel
apartamento,Thonon-les-Bains,,,"https://www.google.com/maps/search/?api=1&query=46.359889,6.45487",Christelle Vannier Immobilier,https://cvannier-immobilier.com/fr/propriete/vente+appartement+thonon-les-bains+exclusivite-appartement-de-type-2-avec-cave+86737083,,,True,"43 Avenue de Geneve, 74200 Thonon-les-Bains",39.0,275.0,2.0,40.0,,2.0,2.5,,habitavel
apartamento,Thonon-les-Bains,,,"https://www.google.com/maps/search/?api=1&query=46.378451,6.488019",Laforêt Thonon-Évian,https://www.laforet.com/agence-immobiliere/thonon-evian/acheter/thonon-les-bains/appartement-3-pieces-52439660,,,True,"7 Avenue de Concise, 74200 Thonon-les-Bains",45.0,347.0,3.0,46.0,,3.0,2.17,,habitavel
apartamento,Thonon-les-Bains,,,"https://www.google.com/maps/search/?api=1&query=46.378451,6.488019",Leman Property Thonon,https://www.leman-property.com/vente/appartement/thonon-les-bains/en-exclusivite-t2-rez-de-jardin-thonon-st-disdille/,,,,"7 Avenue de Concise, 74200 Thonon-les-Bains",45.0,347.0,3.0,44.0,,,2.22,,habitavel
apartamento,Thonon-les-Bains,,,"https://www.google.com/maps/search/?api=1&query=46.378451,6.488019",Poirier Immobilier Thonon,https://www.poirier-immobilier.com/vente/6-thonon-les-bains/appartement/2364-exclusivite-appartement-de-type-3-au-port-de-thonon,,,True,"7 Avenue de Concise, 74200 Thonon-les-Bains",45.0,347.0,3.0,44.98,,3.0,0.04,,habitavel
apartamento,Thonon-les-Bains,,,"https://www.google.com/maps/search/?api=1&query=46.378451,6.488019",Agence Barnoud Thonon,https://www.barnoud-immobilier.fr/vente/74-haute-savoie/1-thonon-les-bains/2-appartement/t2/11354-appartement-de-type-2-a-vendre-a-thonon-les-bains/,,,,"7 Avenue de Concise, 74200 Thonon-les-Bains",45.0,347.0,3.0,46.0,,,2.17,,habitavel
apartamento,Thonon-les-Bains,,,"https://www.google.com/maps/search/?api=1&query=46.367774,6.469318",Laforêt Thonon-Évian,https://www.laforet.com/agence-immobiliere/thonon-evian/acheter/thonon-les-bains/appartement-2-pieces-52196779,,,True,"8 Chemin de Bachex, 74200 Thonon-les-Bains",45.0,437.0,2.0,45.0,,2.0,0.0,,habitavel
apartamento,Thonon-les-Bains,,,"https://www.google.com/maps/search/?api=1&query=46.367774,6.469318",Leman Property Thonon,https://www.leman-property.com/vente/appartement/thonon-les-bains/en-exclusivite-t2-rez-de-jardin-thonon-st-disdille/,,,,"8 Chemin de Bachex, 74200 Thonon-les-Bains",45.0,437.0,2.0,44.0,,,2.22,,habitavel
apartamento,Thonon-les-Bains,,,"https://www.google.com/maps/search/?api=1&query=46.367774,6.469318",A&P Immobilier,https://www.immobilierapi.com/vente/1-thonon-les-bains/appartement/t2/853-thonon-les-bains-a-vendre-appartement-en-plateau-brut-a-amenager-parking-et-cave-thonon-ouest/,,,True,"8 Chemin de Bachex, 74200 Thonon-les-Bains",45.0,437.0,2.0,44.3,,2.0,1.56,,habitavel
apartamento,Thonon-les-Bains,,,"https://www.google.com/maps/search/?api=1&query=46.367774,6.469318",Poirier Immobilier Thonon,https://www.poirier-immobilier.com/vente/6-thonon-les-bains/appartement/2317-a-decouvrir-appartement-t2-avec-fort-potentiel-a-rafraichir-selon-vos-envies,,,True,"8 Chemin de Bachex, 74200 Thonon-les-Bains",45.0,437.0,2.0,44.78,,2.0,0.49,,habitavel
apartamento,Thonon-les-Bains,,,"https://www.google.com/maps/search/?api=1&query=46.367774,6.469318",Agence Barnoud Thonon,https://www.barnoud-immobilier.fr/vente/74-haute-savoie/1-thonon-les-bains/2-appartement/t2/11354-appartement-de-type-2-a-vendre-a-thonon-les-bains/,,,,"8 Chemin de Bachex, 74200 Thonon-les-Bains",45.0,437.0,2.0,46.0,,,2.17,,habitavel
apartamento,Thonon-les-Bains,,,"https://www.google.com/maps/search/?api=1&query=46.366589,6.464733",Laforêt Thonon-Évian,https://www.laforet.com/agence-immobiliere/thonon-evian/acheter/thonon-les-bains/appartement-2-pieces-52196779,,,True,"15 Chemin de Froid Lieu, 74200 Thonon-les-Bains",46.0,1120.0,2.0,45.0,,2.0,2.17,,habitavel
apartamento,Thonon-les-Bains,,,"https://www.google.com/maps/search/?api=1&query=46.366589,6.464733",Agence Barnoud Thonon,https://www.barnoud-immobilier.fr/vente/74-haute-savoie/1-thonon-les-bains/2-appartement/t2/11354-appartement-de-type-2-a-vendre-a-thonon-les-bains/,,,,"15 Chemin de Froid Lieu, 74200 Thonon-les-Bains",46.0,1120.0,2.0,46.0,,,0.0,,habitavel
apartamento,Thonon-les-Bains,,,"https://www.google.com/maps/search/?api=1&query=46.375213,6.498081",Laforêt Thonon-Évian,https://www.laforet.com/agence-immobiliere/thonon-evian/acheter/thonon-les-bains/appartement-2-pieces-52196779,,,True,"11 Impasse des Edelweiss, 74200 Thonon-les-Bains",45.0,3360.0,2.0,45.0,,2.0,0.0,,habitavel
apartamento,Thonon-les-Bains,,,"https://www.google.com/maps/search/?api=1&query=46.375213,6.498081",Leman Property Thonon,https://www.leman-property.com/vente/appartement/thonon-les-bains/en-exclusivite-t2-rez-de-jardin-thonon-st-disdille/,,,,"11 Impasse des Edelweiss, 74200 Thonon-les-Bains",45.0,3360.0,2.0,44.0,,,2.22,,habitavel
apartamento,Thonon-les-Bains,,,"https://www.google.com/maps/search/?api=1&query=46.375213,6.498081",A&P Immobilier,https://www.immobilierapi.com/vente/1-thonon-les-bains/appartement/t2/853-thonon-les-bains-a-vendre-appartement-en-plateau-brut-a-amenager-parking-et-cave-thonon-ouest/,,,True,"11 Impasse des Edelweiss, 74200 Thonon-les-Bains",45.0,3360.0,2.0,44.3,,2.0,1.56,,habitavel
apartamento,Thonon-les-Bains,,,"https://www.google.com/maps/search/?api=1&query=46.375213,6.498081",Poirier Immobilier Thonon,https://www.poirier-immobilier.com/vente/6-thonon-les-bains/appartement/2317-a-decouvrir-appartement-t2-avec-fort-potentiel-a-rafraichir-selon-vos-envies,,,True,"11 Impasse des Edelweiss, 74200 Thonon-les-Bains",45.0,3360.0,2.0,44.78,,2.0,0.49,,habitavel
apartamento,Thonon-les-Bains,,,"https://www.google.com/maps/search/?api=1&query=46.375213,6.498081",Agence Barnoud Thonon,https://www.barnoud-immobilier.fr/vente/74-haute-savoie/1-thonon-les-bains/2-appartement/t2/11354-appartement-de-type-2-a-vendre-a-thonon-les-bains/,,,,"11 Impasse des Edelweiss, 74200 Thonon-les-Bains",45.0,3360.0,2.0,46.0,,,2.17,,habitavel
apartamento,Thonon-les-Bains,,,"https://www.google.com/maps/search/?api=1&query=46.362932,6.462157",Agence Lehmann,https://lehmann-immo.com/fr/propriete/vente+appartement+thonon-les-bains+appartement-moderne-t2-a-thonon-les-bains+87095867,,,,"92 Avenue du Général de Gaulle, 74200 Thonon-les-Bains",42.0,3071.0,2.0,42.39,,,0.92,,habitavel
apartamento,Thonon-les-Bains,,,"https://www.google.com/maps/search/?api=1&query=46.366688,6.477396",Laforêt Thonon-Évian,https://www.laforet.com/agence-immobiliere/thonon-evian/acheter/thonon-les-bains/appartement-2-pieces-52196779,,,True,"3 Avenue de la Libération, 74200 Thonon-les-Bains",44.0,6811.0,2.0,45.0,,2.0,2.22,,habitavel
apartamento,Thonon-les-Bains,,,"https://www.google.com/maps/search/?api=1&query=46.366688,6.477396",Leman Property Thonon,https://www.leman-property.com/vente/appartement/thonon-les-bains/en-exclusivite-t2-rez-de-jardin-thonon-st-disdille/,,,,"3 Avenue de la Libération, 74200 Thonon-les-Bains",44.0,6811.0,2.0,44.0,,,0.0,,habitavel
apartamento,Thonon-les-Bains,,,"https://www.google.com/maps/search/?api=1&query=46.366688,6.477396",A&P Immobilier,https://www.immobilierapi.com/vente/1-thonon-les-bains/appartement/t2/853-thonon-les-bains-a-vendre-appartement-en-plateau-brut-a-amenager-parking-et-cave-thonon-ouest/,,,True,"3 Avenue de la Libération, 74200 Thonon-les-Bains",44.0,6811.0,2.0,44.3,,2.0,0.68,,habitavel
apartamento,Thonon-les-Bains,,,"https://www.google.com/maps/search/?api=1&query=46.366688,6.477396",Christelle Vannier Immobilier,https://cvannier-immobilier.com/fr/propriete/vente+appartement+thonon-les-bains+exclusivite-t2-centre-ville-thonon-les-bains+86925991,,,True,"3 Avenue de la Libération, 74200 Thonon-les-Bains",44.0,6811.0,2.0,43.6,,2.0,0.91,,habitavel
apartamento,Thonon-les-Bains,,,"https://www.google.com/maps/search/?api=1&query=46.366688,6.477396",Poirier Immobilier Thonon,https://www.poirier-immobilier.com/vente/6-thonon-les-bains/appartement/2317-a-decouvrir-appartement-t2-avec-fort-potentiel-a-rafraichir-selon-vos-envies,,,True,"3 Avenue de la Libération, 74200 Thonon-les-Bains",44.0,6811.0,2.0,44.78,,2.0,1.74,,habitavel
apartamento,Évian-les-Bains,,,"https://www.google.com/maps/search/?api=1&query=46.402552,6.60947",Agence Barnoud Évian,https://www.barnoud-immobilier.fr/vente/74-haute-savoie/2-evian-les-bains/4-studio/9473-dernier-etage-vue-lac-studio-avec-beaucoup-de-charme/,,,,"16 Avenue De Grande - Rive - Rd 1005, 74500 Évian-les-Bains",45.0,2547.0,2.0,43.88,,,2.49,,habitavel
apartamento,Thonon-les-Bains,,,"https://www.google.com/maps/search/?api=1&query=46.365251,6.47658",Laforêt Thonon-Évian,https://www.laforet.com/agence-immobiliere/thonon-evian/acheter/thonon-les-bains/appartement-2-pieces-52196779,,,True,"13 Chemin du Martinet, 74200 Thonon-les-Bains",44.0,383.0,2.0,45.0,,2.0,2.22,,habitavel
apartamento,Thonon-les-Bains,,,"https://www.google.com/maps/search/?api=1&query=46.365251,6.47658",Leman Property Thonon,https://www.leman-property.com/vente/appartement/thonon-les-bains/en-exclusivite-t2-rez-de-jardin-thonon-st-disdille/,,,,"13 Chemin du Martinet, 74200 Thonon-les-Bains",44.0,383.0,2.0,44.0,,,0.0,,habitavel
apartamento,Thonon-les-Bains,,,"https://www.google.com/maps/search/?api=1&query=46.365251,6.47658",A&P Immobilier,https://www.immobilierapi.com/vente/1-thonon-les-bains/appartement/t2/853-thonon-les-bains-a-vendre-appartement-en-plateau-brut-a-amenager-parking-et-cave-thonon-ouest/,,,True,"13 Chemin du Martinet, 74200 Thonon-les-Bains",44.0,383.0,2.0,44.3,,2.0,0.68,,habitavel
apartamento,Thonon-les-Bains,,,"https://www.google.com/maps/search/?api=1&query=46.365251,6.47658",Christelle Vannier Immobilier,https://cvannier-immobilier.com/fr/propriete/vente+appartement+thonon-les-bains+exclusivite-t2-centre-ville-thonon-les-bains+86925991,,,True,"13 Chemin du Martinet, 74200 Thonon-les-Bains",44.0,383.0,2.0,43.6,,2.0,0.91,,habitavel
apartamento,Thonon-les-Bains,,,"https://www.google.com/maps/search/?api=1&query=46.365251,6.47658",Poirier Immobilier Thonon,https://www.poirier-immobilier.com/vente/6-thonon-les-bains/appartement/2317-a-decouvrir-appartement-t2-avec-fort-potentiel-a-rafraichir-selon-vos-envies,,,True,"13 Chemin du Martinet, 74200 Thonon-les-Bains",44.0,383.0,2.0,44.78,,2.0,1.74,,habitavel
apartamento,Thonon-les-Bains,,,"https://www.google.com/maps/search/?api=1&query=46.365335,6.466618",Laforêt Thonon-Évian,https://www.laforet.com/agence-immobiliere/thonon-evian/acheter/thonon-les-bains/appartement-2-pieces-52534317,,,True,"64 Avenue du Général de Gaulle, 74200 Thonon-les-Bains",40.0,904.0,2.0,40.0,,2.0,0.0,,habitavel
apartamento,Thonon-les-Bains,,,"https://www.google.com/maps/search/?api=1&query=46.365335,6.466618",Leman Property Thonon,https://www.leman-property.com/vente/appartement/thonon-les-bains/thonon-les-bains-t2-duplex-renove-vue-lac/,,,,"64 Avenue du Général de Gaulle, 74200 Thonon-les-Bains",40.0,904.0,2.0,40.0,,,0.0,,habitavel
apartamento,Thonon-les-Bains,,,"https://www.google.com/maps/search/?api=1&query=46.365335,6.466618",Christelle Vannier Immobilier,https://cvannier-immobilier.com/fr/propriete/vente+appartement+thonon-les-bains+exclusivite-appartement-de-type-2-avec-cave+86737083,,,True,"64 Avenue du Général de Gaulle, 74200 Thonon-les-Bains",40.0,904.0,2.0,40.0,,2.0,0.0,,habitavel
apartamento,Thonon-les-Bains,,,"https://www.google.com/maps/search/?api=1&query=46.365335,6.466618",Christelle Vannier Immobilier,https://cvannier-immobilier.com/fr/propriete/vente+appartement+thonon-les-bains+appartement-t2-thonon-les-bains+86380593,,,True,"64 Avenue du Général de Gaulle, 74200 Thonon-les-Bains",40.0,904.0,2.0,40.25,,2.0,0.62,,habitavel
apartamento,Thonon-les-Bains,,,"https://www.google.com/maps/search/?api=1&query=46.359663,6.454444",Laforêt Thonon-Évian,https://www.laforet.com/agence-immobiliere/thonon-evian/acheter/thonon-les-bains/appartement-2-pieces-52534317,,,True,"47 Avenue de Geneve, 74200 Thonon-les-Bains",39.0,816.0,2.0,40.0,,2.0,2.5,,habitavel
apartamento,Thonon-les-Bains,,,"https://www.google.com/maps/search/?api=1&query=46.359663,6.454444",Leman Property Thonon,https://www.leman-property.com/vente/appartement/thonon-les-bains/thonon-les-bains-t2-duplex-renove-vue-lac/,,,,"47 Avenue de Geneve, 74200 Thonon-les-Bains",39.0,816.0,2.0,40.0,,,2.5,,habitavel
apartamento,Thonon-les-Bains,,,"https://www.google.com/maps/search/?api=1&query=46.359663,6.454444",Christelle Vannier Immobilier,https://cvannier-immobilier.com/fr/propriete/vente+appartement+thonon-les-bains+exclusivite-appartement-de-type-2-avec-cave+86737083,,,True,"47 Avenue de Geneve, 74200 Thonon-les-Bains",39.0,816.0,2.0,40.0,,2.0,2.5,,habitavel
apartamento,Thonon-les-Bains,,,"https://www.google.com/maps/search/?api=1&query=46.372161,6.482775",Laforêt Thonon-Évian,https://www.laforet.com/agence-immobiliere/thonon-evian/acheter/thonon-les-bains/appartement-4-pieces-21989784,,,True,"16 Avenue Jules Ferry, 74200 Thonon-les-Bains",88.0,1671.0,4.0,87.0,241.0,4.0,1.14,,habitavel
apartamento,Thonon-les-Bains,,,"https://www.google.com/maps/search/?api=1&query=46.372161,6.482775",Christelle Vannier Immobilier,https://cvannier-immobilier.com/fr/propriete/vente+appartement+thonon-les-bains+appartement-t4-en-attique-residence-neuve+86566650,,,True,"16 Avenue Jules Ferry, 74200 Thonon-les-Bains",88.0,1671.0,4.0,87.33,,4.0,0.76,,habitavel
apartamento,Thonon-les-Bains,,,"https://www.google.com/maps/search/?api=1&query=46.372161,6.482775",Christelle Vannier Immobilier,https://cvannier-immobilier.com/fr/propriete/vente+appartement+thonon-les-bains+appartement-t4-thonon-les-bains-concise+87257451,,,True,"16 Avenue Jules Ferry, 74200 Thonon-les-Bains",88.0,1671.0,4.0,85.92,,4.0,2.36,,habitavel
apartamento,Thonon-les-Bains,,,"https://www.google.com/maps/search/?api=1&query=46.361799,6.482351",Leman Property Thonon,https://www.leman-property.com/vente/appartement/thonon-les-bains/en-exclusivite-t2-rez-de-jardin-thonon-st-disdille/,,,,"34 Chemin des Harpes, 74200 Thonon-les-Bains",43.0,438.0,2.0,44.0,,,2.27,,habitavel
apartamento,Thonon-les-Bains,,,"https://www.google.com/maps/search/?api=1&query=46.361799,6.482351",Agence Lehmann,https://lehmann-immo.com/fr/propriete/vente+appartement+thonon-les-bains+appartement-moderne-t2-a-thonon-les-bains+87095867,,,,"34 Chemin des Harpes, 74200 Thonon-les-Bains",43.0,438.0,2.0,42.39,,,1.42,,habitavel
apartamento,Thonon-les-Bains,,,"https://www.google.com/maps/search/?api=1&query=46.361799,6.482351",Christelle Vannier Immobilier,https://cvannier-immobilier.com/fr/propriete/vente+appartement+thonon-les-bains+exclusivite-t2-centre-ville-thonon-les-bains+86925991,,,True,"34 Chemin des Harpes, 74200 Thonon-les-Bains",43.0,438.0,2.0,43.6,,2.0,1.38,,habitavel
apartamento,Thonon-les-Bains,,,"https://www.google.com/maps/search/?api=1&query=46.359739,6.455092",Laforêt Thonon-Évian,https://www.laforet.com/agence-immobiliere/thonon-evian/acheter/thonon-les-bains/appartement-2-pieces-52534317,,,True,"48 Avenue de Geneve, 74200 Thonon-les-Bains",39.0,2448.0,2.0,40.0,,2.0,2.5,,habitavel
apartamento,Thonon-les-Bains,,,"https://www.google.com/maps/search/?api=1&query=46.359739,6.455092",Leman Property Thonon,https://www.leman-property.com/vente/appartement/thonon-les-bains/thonon-les-bains-t2-duplex-renove-vue-lac/,,,,"48 Avenue de Geneve, 74200 Thonon-les-Bains",39.0,2448.0,2.0,40.0,,,2.5,,habitavel
apartamento,Thonon-les-Bains,,,"https://www.google.com/maps/search/?api=1&query=46.359739,6.455092",Christelle Vannier Immobilier,https://cvannier-immobilier.com/fr/propriete/vente+appartement+thonon-les-bains+exclusivite-appartement-de-type-2-avec-cave+86737083,,,True,"48 Avenue de Geneve, 74200 Thonon-les-Bains",39.0,2448.0,2.0,40.0,,2.0,2.5,,habitavel
apartamento,Thonon-les-Bains,,,"https://www.google.com/maps/search/?api=1&query=46.37888,6.488336",Agence Lehmann,https://lehmann-immo.com/fr/propriete/vente+appartement+thonon-les-bains+appartement-moderne-t2-a-thonon-les-bains+87095867,,,,"3 Chemin des Guillettes, 74200 Thonon-les-Bains",42.0,364.0,2.0,42.39,,,0.92,,habitavel
apartamento,Thonon-les-Bains,,,"https://www.google.com/maps/search/?api=1&query=46.369551,6.484416",Laforêt Thonon-Évian,https://www.laforet.com/agence-immobiliere/thonon-evian/acheter/thonon-les-bains/appartement-2-pieces-52196779,,,True,"17 Chemin de Ronde, 74200 Thonon-les-Bains",46.0,2160.0,2.0,45.0,,2.0,2.17,,habitavel
apartamento,Thonon-les-Bains,,,"https://www.google.com/maps/search/?api=1&query=46.369551,6.484416",Agence Barnoud Thonon,https://www.barnoud-immobilier.fr/vente/74-haute-savoie/1-thonon-les-bains/2-appartement/t2/11354-appartement-de-type-2-a-vendre-a-thonon-les-bains/,,,,"17 Chemin de Ronde, 74200 Thonon-les-Bains",46.0,2160.0,2.0,46.0,,,0.0,,habitavel
apartamento,Thonon-les-Bains,,,"https://www.google.com/maps/search/?api=1&query=46.365367,6.476581",Laforêt Thonon-Évian,https://www.laforet.com/agence-immobiliere/thonon-evian/acheter/thonon-les-bains/appartement-2-pieces-52196779,,,True,"11 Chemin du Martinet, 74200 Thonon-les-Bains",44.0,399.0,2.0,45.0,,2.0,2.22,,habitavel
apartamento,Thonon-les-Bains,,,"https://www.google.com/maps/search/?api=1&query=46.365367,6.476581",Leman Property Thonon,https://www.leman-property.com/vente/appartement/thonon-les-bains/en-exclusivite-t2-rez-de-jardin-thonon-st-disdille/,,,,"11 Chemin du Martinet, 74200 Thonon-les-Bains",44.0,399.0,2.0,44.0,,,0.0,,habitavel
apartamento,Thonon-les-Bains,,,"https://www.google.com/maps/search/?api=1&query=46.365367,6.476581",A&P Immobilier,https://www.immobilierapi.com/vente/1-thonon-les-bains/appartement/t2/853-thonon-les-bains-a-vendre-appartement-en-plateau-brut-a-amenager-parking-et-cave-thonon-ouest/,,,True,"11 Chemin du Martinet, 74200 Thonon-les-Bains",44.0,399.0,2.0,44.3,,2.0,0.68,,habitavel
apartamento,Thonon-les-Bains,,,"https://www.google.com/maps/search/?api=1&query=46.365367,6.476581",Christelle Vannier Immobilier,https://cvannier-immobilier.com/fr/propriete/vente+appartement+thonon-les-bains+exclusivite-t2-centre-ville-thonon-les-bains+86925991,,,True,"11 Chemin du Martinet, 74200 Thonon-les-Bains",44.0,399.0,2.0,43.6,,2.0,0.91,,habitavel
apartamento,Thonon-les-Bains,,,"https://www.google.com/maps/search/?api=1&query=46.365367,6.476581",Poirier Immobilier Thonon,https://www.poirier-immobilier.com/vente/6-thonon-les-bains/appartement/2317-a-decouvrir-appartement-t2-avec-fort-potentiel-a-rafraichir-selon-vos-envies,,,True,"11 Chemin du Martinet, 74200 Thonon-les-Bains",44.0,399.0,2.0,44.78,,2.0,1.74,,habitavel
apartamento,Thonon-les-Bains,,,"https://www.google.com/maps/search/?api=1&query=46.379969,6.484076",Laforêt Thonon-Évian,https://www.laforet.com/agence-immobiliere/thonon-evian/acheter/thonon-les-bains/appartement-2-pieces-52196779,,,True,"2 Chemin de la Fléchère, 74200 Thonon-les-Bains",46.0,9386.0,2.0,45.0,,2.0,2.17,,habitavel
apartamento,Thonon-les-Bains,,,"https://www.google.com/maps/search/?api=1&query=46.379969,6.484076",Agence Barnoud Thonon,https://www.barnoud-immobilier.fr/vente/74-haute-savoie/1-thonon-les-bains/2-appartement/t2/11354-appartement-de-type-2-a-vendre-a-thonon-les-bains/,,,,"2 Chemin de la Fléchère, 74200 Thonon-les-Bains",46.0,9386.0,2.0,46.0,,,0.0,,habitavel
apartamento,Évian-les-Bains,,,"https://www.google.com/maps/search/?api=1&query=46.391787,6.585023",Agence Barnoud Évian,https://www.barnoud-immobilier.fr/vente/74-haute-savoie/2-evian-les-bains/4-studio/9473-dernier-etage-vue-lac-studio-avec-beaucoup-de-charme/,,,,"22 Route Des Verdannes, 74500 Évian-les-Bains",45.0,9890.0,2.0,43.88,,,2.49,,habitavel
apartamento,Thonon-les-Bains,,,"https://www.google.com/maps/search/?api=1&query=46.360285,6.457487",Laforêt Thonon-Évian,https://www.laforet.com/agence-immobiliere/thonon-evian/acheter/thonon-les-bains/appartement-2-pieces-52534317,,,True,"30 Avenue de Geneve, 74200 Thonon-les-Bains",41.0,931.0,2.0,40.0,,2.0,2.44,,habitavel
apartamento,Thonon-les-Bains,,,"https://www.google.com/maps/search/?api=1&query=46.360285,6.457487",Leman Property Thonon,https://www.leman-property.com/vente/appartement/thonon-les-bains/thonon-les-bains-t2-duplex-renove-vue-lac/,,,,"30 Avenue de Geneve, 74200 Thonon-les-Bains",41.0,931.0,2.0,40.0,,,2.44,,habitavel
apartamento,Thonon-les-Bains,,,"https://www.google.com/maps/search/?api=1&query=46.360285,6.457487",Christelle Vannier Immobilier,https://cvannier-immobilier.com/fr/propriete/vente+appartement+thonon-les-bains+exclusivite-appartement-de-type-2-avec-cave+86737083,,,True,"30 Avenue de Geneve, 74200 Thonon-les-Bains",41.0,931.0,2.0,40.0,,2.0,2.44,,habitavel
apartamento,Thonon-les-Bains,,,"https://www.google.com/maps/search/?api=1&query=46.360285,6.457487",Christelle Vannier Immobilier,https://cvannier-immobilier.com/fr/propriete/vente+appartement+thonon-les-bains+appartement-t2-thonon-les-bains+86380593,,,True,"30 Avenue de Geneve, 74200 Thonon-les-Bains",41.0,931.0,2.0,40.25,,2.0,1.83,,habitavel
apartamento,Thonon-les-Bains,,,"https://www.google.com/maps/search/?api=1&query=46.375273,6.498124",Laforêt Thonon-Évian,https://www.laforet.com/agence-immobiliere/thonon-evian/acheter/thonon-les-bains/appartement-2-pieces-52196779,,,True,"9 Impasse des Edelweiss, 74200 Thonon-les-Bains",45.0,3360.0,2.0,45.0,,2.0,0.0,,habitavel
apartamento,Thonon-les-Bains,,,"https://www.google.com/maps/search/?api=1&query=46.375273,6.498124",Leman Property Thonon,https://www.leman-property.com/vente/appartement/thonon-les-bains/en-exclusivite-t2-rez-de-jardin-thonon-st-disdille/,,,,"9 Impasse des Edelweiss, 74200 Thonon-les-Bains",45.0,3360.0,2.0,44.0,,,2.22,,habitavel
apartamento,Thonon-les-Bains,,,"https://www.google.com/maps/search/?api=1&query=46.375273,6.498124",A&P Immobilier,https://www.immobilierapi.com/vente/1-thonon-les-bains/appartement/t2/853-thonon-les-bains-a-vendre-appartement-en-plateau-brut-a-amenager-parking-et-cave-thonon-ouest/,,,True,"9 Impasse des Edelweiss, 74200 Thonon-les-Bains",45.0,3360.0,2.0,44.3,,2.0,1.56,,habitavel
apartamento,Thonon-les-Bains,,,"https://www.google.com/maps/search/?api=1&query=46.375273,6.498124",Poirier Immobilier Thonon,https://www.poirier-immobilier.com/vente/6-thonon-les-bains/appartement/2317-a-decouvrir-appartement-t2-avec-fort-potentiel-a-rafraichir-selon-vos-envies,,,True,"9 Impasse des Edelweiss, 74200 Thonon-les-Bains",45.0,3360.0,2.0,44.78,,2.0,0.49,,habitavel
apartamento,Thonon-les-Bains,,,"https://www.google.com/maps/search/?api=1&query=46.375273,6.498124",Agence Barnoud Thonon,https://www.barnoud-immobilier.fr/vente/74-haute-savoie/1-thonon-les-bains/2-appartement/t2/11354-appartement-de-type-2-a-vendre-a-thonon-les-bains/,,,,"9 Impasse des Edelweiss, 74200 Thonon-les-Bains",45.0,3360.0,2.0,46.0,,,2.17,,habitavel
apartamento,Évian-les-Bains,,,"https://www.google.com/maps/search/?api=1&query=46.402488,6.609494",Agence Barnoud Évian,https://www.barnoud-immobilier.fr/vente/74-haute-savoie/2-evian-les-bains/4-studio/9473-dernier-etage-vue-lac-studio-avec-beaucoup-de-charme/,,,,"39 Avenue De Grande - Rive - Rd 1005, 74500 Évian-les-Bains",45.0,426.0,2.0,43.88,,,2.49,,habitavel
apartamento,Thonon-les-Bains,,,"https://www.google.com/maps/search/?api=1&query=46.374937,6.485993",Laforêt Thonon-Évian,https://www.laforet.com/agence-immobiliere/thonon-evian/acheter/thonon-les-bains/appartement-2-pieces-52558897,,,True,"26 Avenue Jules Ferry, 74200 Thonon-les-Bains",34.0,262.0,2.0,34.0,,2.0,0.0,,habitavel
apartamento,Thonon-les-Bains,,,"https://www.google.com/maps/search/?api=1&query=46.371031,6.490553",Leman Property Thonon,https://www.leman-property.com/vente/appartement/thonon-les-bains/en-exclusivite-t2-rez-de-jardin-thonon-st-disdille/,,,,"2 Chemin de la Mouche, 74200 Thonon-les-Bains",43.0,696.0,2.0,44.0,,,2.27,,habitavel
apartamento,Thonon-les-Bains,,,"https://www.google.com/maps/search/?api=1&query=46.371031,6.490553",Agence Lehmann,https://lehmann-immo.com/fr/propriete/vente+appartement+thonon-les-bains+appartement-moderne-t2-a-thonon-les-bains+87095867,,,,"2 Chemin de la Mouche, 74200 Thonon-les-Bains",43.0,696.0,2.0,42.39,,,1.42,,habitavel
apartamento,Thonon-les-Bains,,,"https://www.google.com/maps/search/?api=1&query=46.371031,6.490553",Christelle Vannier Immobilier,https://cvannier-immobilier.com/fr/propriete/vente+appartement+thonon-les-bains+exclusivite-t2-centre-ville-thonon-les-bains+86925991,,,True,"2 Chemin de la Mouche, 74200 Thonon-les-Bains",43.0,696.0,2.0,43.6,,2.0,1.38,,habitavel
apartamento,Thonon-les-Bains,,,"https://www.google.com/maps/search/?api=1&query=46.372939,6.479165",Leman Property Thonon,https://www.leman-property.com/vente/appartement/thonon-les-bains/thonon-les-bains-t2-duplex-renove-vue-lac/,,,,"67 Grande Rue, 74200 Thonon-les-Bains",40.0,204.0,3.0,40.0,,,0.0,,habitavel
apartamento,Thonon-les-Bains,,,"https://www.google.com/maps/search/?api=1&query=46.371822,6.479995",A&P Immobilier,https://www.immobilierapi.com/vente/1-thonon-les-bains/appartement/t5/885-thonon-les-bains-t4-neuf-de-110-m2-au-dernier-etage/,,,True,"6 Rue Saint-Sébastien, 74200 Thonon-les-Bains",109.0,1461.0,5.0,110.0,,5.0,0.91,,habitavel
apartamento,Thonon-les-Bains,,,"https://www.google.com/maps/search/?api=1&query=46.371822,6.479995",Cabinet Greneche,https://grenecheimmo.fr/fr/propriete/vente+appartement+thonon-les-bains+appartement-t4-neuf+86974022,,,,"6 Rue Saint-Sébastien, 74200 Thonon-les-Bains",109.0,1461.0,5.0,109.93,,,0.85,,habitavel
apartamento,Thonon-les-Bains,,,"https://www.google.com/maps/search/?api=1&query=46.375104,6.493486",Leman Property Thonon,https://www.leman-property.com/vente/appartement/thonon-les-bains/en-exclusivite-t2-rez-de-jardin-thonon-st-disdille/,,,,"17 Avenue du Châtelard, 74200 Thonon-les-Bains",43.0,418.0,2.0,44.0,,,2.27,,habitavel
apartamento,Thonon-les-Bains,,,"https://www.google.com/maps/search/?api=1&query=46.375104,6.493486",Agence Lehmann,https://lehmann-immo.com/fr/propriete/vente+appartement+thonon-les-bains+appartement-moderne-t2-a-thonon-les-bains+87095867,,,,"17 Avenue du Châtelard, 74200 Thonon-les-Bains",43.0,418.0,2.0,42.39,,,1.42,,habitavel
apartamento,Thonon-les-Bains,,,"https://www.google.com/maps/search/?api=1&query=46.375104,6.493486",Christelle Vannier Immobilier,https://cvannier-immobilier.com/fr/propriete/vente+appartement+thonon-les-bains+exclusivite-t2-centre-ville-thonon-les-bains+86925991,,,True,"17 Avenue du Châtelard, 74200 Thonon-les-Bains",43.0,418.0,2.0,43.6,,2.0,1.38,,habitavel
apartamento,Évian-les-Bains,,,"https://www.google.com/maps/search/?api=1&query=46.393826,6.580496",Agence Barnoud Évian,https://www.barnoud-immobilier.fr/vente/74-haute-savoie/2-evian-les-bains/4-studio/9473-dernier-etage-vue-lac-studio-avec-beaucoup-de-charme/,,,,"3 Avenue De Thony, 74500 Évian-les-Bains",45.0,335.0,2.0,43.88,,,2.49,,habitavel
apartamento,Thonon-les-Bains,,,"https://www.google.com/maps/search/?api=1&query=46.378951,6.488387",Agence Lehmann,https://lehmann-immo.com/fr/propriete/vente+appartement+thonon-les-bains+appartement-moderne-t2-a-thonon-les-bains+87095867,,,,"7 Chemin des Guillettes, 74200 Thonon-les-Bains",42.0,787.0,2.0,42.39,,,0.92,,habitavel
apartamento,Thonon-les-Bains,,,"https://www.google.com/maps/search/?api=1&query=46.367516,6.485172",Leman Property Thonon,https://www.leman-property.com/vente/appartement/thonon-les-bains/en-exclusivite-t2-rez-de-jardin-thonon-st-disdille/,,,,"2 Chemin des Vignes, 74200 Thonon-les-Bains",44.0,600.0,3.0,44.0,,,0.0,,habitavel
apartamento,Thonon-les-Bains,,,"https://www.google.com/maps/search/?api=1&query=46.367516,6.485172",Poirier Immobilier Thonon,https://www.poirier-immobilier.com/vente/6-thonon-les-bains/appartement/2364-exclusivite-appartement-de-type-3-au-port-de-thonon,,,True,"2 Chemin des Vignes, 74200 Thonon-les-Bains",44.0,600.0,3.0,44.98,,3.0,2.18,,habitavel
apartamento,Thonon-les-Bains,,,"https://www.google.com/maps/search/?api=1&query=46.372847,6.479185",Leman Property Thonon,https://www.leman-property.com/vente/appartement/thonon-les-bains/thonon-les-bains-t2-duplex-renove-vue-lac/,,,,"65 Grande Rue, 74200 Thonon-les-Bains",40.0,2100.0,3.0,40.0,,,0.0,,habitavel
apartamento,Thonon-les-Bains,,,"https://www.google.com/maps/search/?api=1&query=46.370123,6.494164",Laforêt Thonon-Évian,https://www.laforet.com/agence-immobiliere/thonon-evian/acheter/thonon-les-bains/appartement-2-pieces-22694427,,,True,"6 Avenue de la Dranse, 74200 Thonon-les-Bains",60.0,998.0,2.0,59.0,,2.0,1.67,,habitavel
apartamento,Thonon-les-Bains,,,"https://www.google.com/maps/search/?api=1&query=46.370123,6.494164",Agence Lehmann,https://lehmann-immo.com/fr/propriete/vente+appartement+thonon-les-bains+87286557,,,,"6 Avenue de la Dranse, 74200 Thonon-les-Bains",60.0,998.0,2.0,61.22,,,1.99,,habitavel
apartamento,Thonon-les-Bains,,,"https://www.google.com/maps/search/?api=1&query=46.370123,6.494164",Poirier Immobilier Thonon,https://www.poirier-immobilier.com/vente/6-thonon-les-bains/appartement/2339-t2-avec-double-vue-lac-balcons-cave-et-ascenseur,,,True,"6 Avenue de la Dranse, 74200 Thonon-les-Bains",60.0,998.0,2.0,59.73,,2.0,0.45,,habitavel
apartamento,Thonon-les-Bains,,,"https://www.google.com/maps/search/?api=1&query=46.378311,6.488024",Laforêt Thonon-Évian,https://www.laforet.com/agence-immobiliere/thonon-evian/acheter/thonon-les-bains/appartement-3-pieces-52439660,,,True,"6 Avenue de Concise, 74200 Thonon-les-Bains",45.0,276.0,3.0,46.0,,3.0,2.17,,habitavel
apartamento,Thonon-les-Bains,,,"https://www.google.com/maps/search/?api=1&query=46.378311,6.488024",Leman Property Thonon,https://www.leman-property.com/vente/appartement/thonon-les-bains/en-exclusivite-t2-rez-de-jardin-thonon-st-disdille/,,,,"6 Avenue de Concise, 74200 Thonon-les-Bains",45.0,276.0,3.0,44.0,,,2.22,,habitavel
apartamento,Thonon-les-Bains,,,"https://www.google.com/maps/search/?api=1&query=46.378311,6.488024",Poirier Immobilier Thonon,https://www.poirier-immobilier.com/vente/6-thonon-les-bains/appartement/2364-exclusivite-appartement-de-type-3-au-port-de-thonon,,,True,"6 Avenue de Concise, 74200 Thonon-les-Bains",45.0,276.0,3.0,44.98,,3.0,0.04,,habitavel
apartamento,Thonon-les-Bains,,,"https://www.google.com/maps/search/?api=1&query=46.378311,6.488024",Agence Barnoud Thonon,https://www.barnoud-immobilier.fr/vente/74-haute-savoie/1-thonon-les-bains/2-appartement/t2/11354-appartement-de-type-2-a-vendre-a-thonon-les-bains/,,,,"6 Avenue de Concise, 74200 Thonon-les-Bains",45.0,276.0,3.0,46.0,,,2.17,,habitavel
apartamento,Thonon-les-Bains,,,"https://www.google.com/maps/search/?api=1&query=46.367957,6.476259",Laforêt Thonon-Évian,https://www.laforet.com/agence-immobiliere/thonon-evian/acheter/thonon-les-bains/appartement-2-pieces-52196779,,,True,"16 Avenue de la Versoie, 74200 Thonon-les-Bains",46.0,873.0,2.0,45.0,,2.0,2.17,,habitavel
apartamento,Thonon-les-Bains,,,"https://www.google.com/maps/search/?api=1&query=46.367957,6.476259",Agence Barnoud Thonon,https://www.barnoud-immobilier.fr/vente/74-haute-savoie/1-thonon-les-bains/2-appartement/t2/11354-appartement-de-type-2-a-vendre-a-thonon-les-bains/,,,,"16 Avenue de la Versoie, 74200 Thonon-les-Bains",46.0,873.0,2.0,46.0,,,0.0,,habitavel
apartamento,Thonon-les-Bains,,,"https://www.google.com/maps/search/?api=1&query=46.365164,6.476551",Laforêt Thonon-Évian,https://www.laforet.com/agence-immobiliere/thonon-evian/acheter/thonon-les-bains/appartement-2-pieces-52196779,,,True,"15 Chemin du Martinet, 74200 Thonon-les-Bains",44.0,500.0,2.0,45.0,,2.0,2.22,,habitavel
apartamento,Thonon-les-Bains,,,"https://www.google.com/maps/search/?api=1&query=46.365164,6.476551",Leman Property Thonon,https://www.leman-property.com/vente/appartement/thonon-les-bains/en-exclusivite-t2-rez-de-jardin-thonon-st-disdille/,,,,"15 Chemin du Martinet, 74200 Thonon-les-Bains",44.0,500.0,2.0,44.0,,,0.0,,habitavel
apartamento,Thonon-les-Bains,,,"https://www.google.com/maps/search/?api=1&query=46.365164,6.476551",A&P Immobilier,https://www.immobilierapi.com/vente/1-thonon-les-bains/appartement/t2/853-thonon-les-bains-a-vendre-appartement-en-plateau-brut-a-amenager-parking-et-cave-thonon-ouest/,,,True,"15 Chemin du Martinet, 74200 Thonon-les-Bains",44.0,500.0,2.0,44.3,,2.0,0.68,,habitavel
apartamento,Thonon-les-Bains,,,"https://www.google.com/maps/search/?api=1&query=46.365164,6.476551",Christelle Vannier Immobilier,https://cvannier-immobilier.com/fr/propriete/vente+appartement+thonon-les-bains+exclusivite-t2-centre-ville-thonon-les-bains+86925991,,,True,"15 Chemin du Martinet, 74200 Thonon-les-Bains",44.0,500.0,2.0,43.6,,2.0,0.91,,habitavel
apartamento,Thonon-les-Bains,,,"https://www.google.com/maps/search/?api=1&query=46.365164,6.476551",Poirier Immobilier Thonon,https://www.poirier-immobilier.com/vente/6-thonon-les-bains/appartement/2317-a-decouvrir-appartement-t2-avec-fort-potentiel-a-rafraichir-selon-vos-envies,,,True,"15 Chemin du Martinet, 74200 Thonon-les-Bains",44.0,500.0,2.0,44.78,,2.0,1.74,,habitavel
apartamento,Thonon-les-Bains,,,"https://www.google.com/maps/search/?api=1&query=46.362052,6.457217",Cabinet Greneche,https://grenecheimmo.fr/fr/propriete/vente+appartement+thonon-les-bains+studio-avec-jardin-thonon-les-bains+86448556,,,,"10 Chemin du Clos Riant, 74200 Thonon-les-Bains",31.0,590.0,2.0,30.91,,,0.29,,habitavel
apartamento,Thonon-les-Bains,,,"https://www.google.com/maps/search/?api=1&query=46.368309,6.468142",Christelle Vannier Immobilier,https://cvannier-immobilier.com/fr/propriete/vente+appartement+thonon-les-bains+exclusivite-nouveaute+87032206,,,True,"13 Boulevard Bel Air, 74200 Thonon-les-Bains",21.0,557.0,1.0,21.0,,1.0,0.0,,habitavel
apartamento,Thonon-les-Bains,,,"https://www.google.com/maps/search/?api=1&query=46.372437,6.476865",Laforêt Thonon-Évian,https://www.laforet.com/agence-immobiliere/thonon-evian/acheter/thonon-les-bains/appartement-1-piece-52558799,,,True,"21 Rue Vallon, 74200 Thonon-les-Bains",20.0,984.0,1.0,20.0,,1.0,0.0,,habitavel
apartamento,Thonon-les-Bains,,,"https://www.google.com/maps/search/?api=1&query=46.370151,6.478536",Laforêt Thonon-Évian,https://www.laforet.com/agence-immobiliere/thonon-evian/acheter/thonon-les-bains/appartement-2-pieces-52534317,,,True,"7 Place Jules Mercier, 74200 Thonon-les-Bains",39.0,314.0,2.0,40.0,,2.0,2.5,,habitavel
apartamento,Thonon-les-Bains,,,"https://www.google.com/maps/search/?api=1&query=46.370151,6.478536",Leman Property Thonon,https://www.leman-property.com/vente/appartement/thonon-les-bains/thonon-les-bains-t2-duplex-renove-vue-lac/,,,,"7 Place Jules Mercier, 74200 Thonon-les-Bains",39.0,314.0,2.0,40.0,,,2.5,,habitavel
apartamento,Thonon-les-Bains,,,"https://www.google.com/maps/search/?api=1&query=46.370151,6.478536",Christelle Vannier Immobilier,https://cvannier-immobilier.com/fr/propriete/vente+appartement+thonon-les-bains+exclusivite-appartement-de-type-2-avec-cave+86737083,,,True,"7 Place Jules Mercier, 74200 Thonon-les-Bains",39.0,314.0,2.0,40.0,,2.0,2.5,,habitavel
apartamento,Thonon-les-Bains,,,"https://www.google.com/maps/search/?api=1&query=46.361999,6.457248",Cabinet Greneche,https://grenecheimmo.fr/fr/propriete/vente+appartement+thonon-les-bains+studio-avec-jardin-thonon-les-bains+86448556,,,,"8 Chemin du Clos Riant, 74200 Thonon-les-Bains",31.0,601.0,2.0,30.91,,,0.29,,habitavel
apartamento,Thonon-les-Bains,,,"https://www.google.com/maps/search/?api=1&query=46.373835,6.482686",Leman Property Thonon,https://www.leman-property.com/vente/appartement/thonon-les-bains/appartement-t2-avec-bon-rendement-locatif-plein-centre-ville/,,,,"3 Rue des Potiers, 74200 Thonon-les-Bains",28.0,4084.0,2.0,28.0,,,0.0,,habitavel
apartamento,Thonon-les-Bains,,,"https://www.google.com/maps/search/?api=1&query=46.373835,6.482686",Agence Barnoud Thonon,https://www.barnoud-immobilier.fr/vente/74-haute-savoie/1-thonon-les-bains/2-appartement/t1/10775-studio-avec-terrasse-et-place-de-parking-a-acheter-a-thonon-les-bains/,,,,"3 Rue des Potiers, 74200 Thonon-les-Bains",28.0,4084.0,2.0,27.39,,,2.18,,habitavel
apartamento,Thonon-les-Bains,,,"https://www.google.com/maps/search/?api=1&query=46.375451,6.499403",Agence Lehmann,https://lehmann-immo.com/fr/propriete/vente+appartement+thonon-les-bains+bel-appartement-4-pieces-avec-jardin-a-thonon-les-bains+87306178,,,True,"82 Route de Tully, 74200 Thonon-les-Bains",82.0,279.0,4.0,82.0,,4.0,0.0,,habitavel
apartamento,Thonon-les-Bains,,,"https://www.google.com/maps/search/?api=1&query=46.375451,6.499403",Christelle Vannier Immobilier,https://cvannier-immobilier.com/fr/propriete/vente+appartement+thonon-les-bains+exclusivite-nouveaute-t4-avec-jardin-garage-et-cave+87049047,,,True,"82 Route de Tully, 74200 Thonon-les-Bains",82.0,279.0,4.0,83.8,,4.0,2.15,,habitavel
apartamento,Thonon-les-Bains,,,"https://www.google.com/maps/search/?api=1&query=46.375451,6.499403",Laforêt Thonon-Évian,https://www.laforet.com/agence-immobiliere/thonon-evian/acheter/thonon-les-bains/appartement-4-pieces-52648362,,,True,"82 Route de Tully, 74200 Thonon-les-Bains",82.0,279.0,4.0,84.0,,4.0,2.38,,habitavel
apartamento,Thonon-les-Bains,,,"https://www.google.com/maps/search/?api=1&query=46.375451,6.499403",Poirier Immobilier Thonon,https://www.poirier-immobilier.com/vente/6-thonon-les-bains/appartement/2240-thonon-les-bains-votre-ecrin-de-verdure-au-coeur-du-pillon,,,True,"82 Route de Tully, 74200 Thonon-les-Bains",82.0,279.0,4.0,80.99,,4.0,1.23,,habitavel
apartamento,Thonon-les-Bains,,,"https://www.google.com/maps/search/?api=1&query=46.375451,6.499403",Christelle Vannier Immobilier,https://cvannier-immobilier.com/fr/propriete/vente+appartement+thonon-les-bains+appartement-de-type-4-avec-2-places-de-parking-en-sous-sol+86648754,,,True,"82 Route de Tully, 74200 Thonon-les-Bains",82.0,279.0,4.0,83.55,,4.0,1.86,,habitavel
apartamento,Évian-les-Bains,,,"https://www.google.com/maps/search/?api=1&query=46.400322,6.592669",Leman Property Évian,https://www.leman-property.com/vente/appartement/evian-les-bains/appartement-4-pieces-avec-jardin-a-neuvecelle/,,,,"11 Rue Nationale, 74500 Évian-les-Bains",85.0,301.0,3.0,84.0,,,1.18,,habitavel
apartamento,Thonon-les-Bains,,,"https://www.google.com/maps/search/?api=1&query=46.358205,6.469222",A&P Immobilier,https://www.immobilierapi.com/vente/1-thonon-les-bains/appartement/t5/885-thonon-les-bains-t4-neuf-de-110-m2-au-dernier-etage/,,,True,"15 Chemin de Sous Collonges, 74200 Thonon-les-Bains",109.0,1698.0,5.0,110.0,,5.0,0.91,,habitavel
apartamento,Thonon-les-Bains,,,"https://www.google.com/maps/search/?api=1&query=46.358205,6.469222",Cabinet Greneche,https://grenecheimmo.fr/fr/propriete/vente+appartement+thonon-les-bains+appartement-t4-neuf+86974022,,,,"15 Chemin de Sous Collonges, 74200 Thonon-les-Bains",109.0,1698.0,5.0,109.93,,,0.85,,habitavel
apartamento,Thonon-les-Bains,,,"https://www.google.com/maps/search/?api=1&query=46.370378,6.496265",Laforêt Thonon-Évian,https://www.laforet.com/agence-immobiliere/thonon-evian/acheter/thonon-les-bains/appartement-1-piece-52803989,,,True,"7 Avenue du Clos Rouge, 74200 Thonon-les-Bains",16.0,1205.0,1.0,16.0,,1.0,0.0,,habitavel
apartamento,Thonon-les-Bains,,,"https://www.google.com/maps/search/?api=1&query=46.372719,6.478277",Leman Property Thonon,https://www.leman-property.com/vente/appartement/thonon-les-bains/appartement-t2-avec-bon-rendement-locatif-plein-centre-ville/,,,,"13 Rue Ferdinand Dubouloz, 74200 Thonon-les-Bains",28.0,42.0,2.0,28.0,,,0.0,,habitavel
apartamento,Thonon-les-Bains,,,"https://www.google.com/maps/search/?api=1&query=46.372719,6.478277",Agence Barnoud Thonon,https://www.barnoud-immobilier.fr/vente/74-haute-savoie/1-thonon-les-bains/2-appartement/t1/10775-studio-avec-terrasse-et-place-de-parking-a-acheter-a-thonon-les-bains/,,,,"13 Rue Ferdinand Dubouloz, 74200 Thonon-les-Bains",28.0,42.0,2.0,27.39,,,2.18,,habitavel
apartamento,Thonon-les-Bains,,,"https://www.google.com/maps/search/?api=1&query=46.367441,6.47595",Agence Lehmann,https://lehmann-immo.com/fr/propriete/vente+appartement+thonon-les-bains+appartement-moderne-t3-a-thonon-les-bains+87100377,,,,"17 Avenue de la Versoie, 74200 Thonon-les-Bains",66.0,2677.0,4.0,66.44,,,0.66,,habitavel
apartamento,Thonon-les-Bains,,,"https://www.google.com/maps/search/?api=1&query=46.373719,6.480403",A&P Immobilier,https://www.immobilierapi.com/vente/1-thonon-les-bains/appartement/t6/881-thonon-les-bains-appartement-t6-de-120m2-en-duplex-hyper-centre-ville-avec-garage-et-parking/,,,True,"1 Rue des Ursules, 74200 Thonon-les-Bains",128.0,1383.0,6.0,130.0,,6.0,1.54,,habitavel
apartamento,Thonon-les-Bains,,,"https://www.google.com/maps/search/?api=1&query=46.370558,6.486987",Agence Barnoud Thonon,https://www.barnoud-immobilier.fr/vente/74-haute-savoie/1-thonon-les-bains/2-appartement/t4/10465-a-vendre-au-centre-ville-de-thonon-les-bains-grand-appartement-avec-balcon/,,,,"18 Avenue des Vallées, 74200 Thonon-les-Bains",100.0,444.0,3.0,100.65,,,0.65,,habitavel
apartamento,Thonon-les-Bains,,,"https://www.google.com/maps/search/?api=1&query=46.371061,6.486376",Agence Barnoud Thonon,https://www.barnoud-immobilier.fr/vente/74-haute-savoie/1-thonon-les-bains/2-appartement/t3/9917-a-thonon-les-bains-appartement-a-acheter-avec-2-chambres/,,,,"13 Rue du Commerce, 74200 Thonon-les-Bains",69.0,264.0,4.0,69.52,,,0.75,,habitavel
apartamento,Thonon-les-Bains,,,"https://www.google.com/maps/search/?api=1&query=46.374727,6.477971",Laforêt Thonon-Évian,https://www.laforet.com/agence-immobiliere/thonon-evian/acheter/thonon-les-bains/appartement-2-pieces-22694427,,,True,"43 Avenue du Général Leclerc, 74200 Thonon-les-Bains",60.0,13516.0,2.0,59.0,,2.0,1.67,,habitavel
apartamento,Thonon-les-Bains,,,"https://www.google.com/maps/search/?api=1&query=46.374727,6.477971",Agence Lehmann,https://lehmann-immo.com/fr/propriete/vente+appartement+thonon-les-bains+87286557,,,,"43 Avenue du Général Leclerc, 74200 Thonon-les-Bains",60.0,13516.0,2.0,61.22,,,1.99,,habitavel
apartamento,Thonon-les-Bains,,,"https://www.google.com/maps/search/?api=1&query=46.374727,6.477971",Poirier Immobilier Thonon,https://www.poirier-immobilier.com/vente/6-thonon-les-bains/appartement/2339-t2-avec-double-vue-lac-balcons-cave-et-ascenseur,,,True,"43 Avenue du Général Leclerc, 74200 Thonon-les-Bains",60.0,13516.0,2.0,59.73,,2.0,0.45,,habitavel
apartamento,Thonon-les-Bains,,,"https://www.google.com/maps/search/?api=1&query=46.371256,6.483615",Laforêt Thonon-Évian,https://www.laforet.com/agence-immobiliere/thonon-evian/acheter/thonon-les-bains/appartement-1-piece-52558799,,,True,"8 Rue du Chablais, 74200 Thonon-les-Bains",20.0,151.0,1.0,20.0,,1.0,0.0,,habitavel
apartamento,Thonon-les-Bains,,,"https://www.google.com/maps/search/?api=1&query=46.366722,6.460726",Dupraz Immobilier Thonon,https://www.dupraz-immobilier.com/ville_bien/fiches/3-33-29_60896304/t3-de-76-m2-avec-terrasse-de-25-m2-garage-cave-et-stationnement.html,,,,"27 Avenue du Vernay, 74200 Thonon-les-Bains",77.0,1212.0,4.0,76.0,,,1.3,,habitavel
apartamento,Thonon-les-Bains,,,"https://www.google.com/maps/search/?api=1&query=46.376518,6.486366",Agence Barnoud Thonon,https://www.barnoud-immobilier.fr/vente/74-haute-savoie/1-thonon-les-bains/2-appartement/t2/10682-rez-jardin-17-54m-au-calme-t2-52m/,,,,"22 Avenue d’Evian, 74200 Thonon-les-Bains",53.0,446.0,3.0,52.04,,,1.81,,habitavel
apartamento,Thonon-les-Bains,,,"https://www.google.com/maps/search/?api=1&query=46.366816,6.469291",A&P Immobilier,https://www.immobilierapi.com/vente/1-thonon-les-bains/appartement/t5/804-a-vendre-grand-duplex-thonon-les-bains/,,,True,"49 Avenue du Général de Gaulle, 74200 Thonon-les-Bains",120.0,718.0,5.0,121.68,,5.0,1.38,,habitavel
apartamento,Thonon-les-Bains,,,"https://www.google.com/maps/search/?api=1&query=46.374689,6.478246",Laforêt Thonon-Évian,https://www.laforet.com/agence-immobiliere/thonon-evian/acheter/thonon-les-bains/appartement-2-pieces-22694427,,,True,"5 Rue de Naples, 74200 Thonon-les-Bains",60.0,225.0,2.0,59.0,,2.0,1.67,,habitavel
apartamento,Thonon-les-Bains,,,"https://www.google.com/maps/search/?api=1&query=46.374689,6.478246",Agence Lehmann,https://lehmann-immo.com/fr/propriete/vente+appartement+thonon-les-bains+87286557,,,,"5 Rue de Naples, 74200 Thonon-les-Bains",60.0,225.0,2.0,61.22,,,1.99,,habitavel
apartamento,Thonon-les-Bains,,,"https://www.google.com/maps/search/?api=1&query=46.374689,6.478246",Poirier Immobilier Thonon,https://www.poirier-immobilier.com/vente/6-thonon-les-bains/appartement/2339-t2-avec-double-vue-lac-balcons-cave-et-ascenseur,,,True,"5 Rue de Naples, 74200 Thonon-les-Bains",60.0,225.0,2.0,59.73,,2.0,0.45,,habitavel
apartamento,Thonon-les-Bains,,,"https://www.google.com/maps/search/?api=1&query=46.369156,6.477936",Agence Lehmann,https://lehmann-immo.com/fr/propriete/vente+appartement+thonon-les-bains+bel-appartement-4-pieces-avec-jardin-a-thonon-les-bains+87306178,,,True,"4 Rue François Morel, 74200 Thonon-les-Bains",84.0,1362.0,4.0,82.0,,4.0,2.38,,habitavel
apartamento,Thonon-les-Bains,,,"https://www.google.com/maps/search/?api=1&query=46.369156,6.477936",Christelle Vannier Immobilier,https://cvannier-immobilier.com/fr/propriete/vente+appartement+thonon-les-bains+exclusivite-nouveaute-t4-avec-jardin-garage-et-cave+87049047,,,True,"4 Rue François Morel, 74200 Thonon-les-Bains",84.0,1362.0,4.0,83.8,,4.0,0.24,,habitavel
apartamento,Thonon-les-Bains,,,"https://www.google.com/maps/search/?api=1&query=46.369156,6.477936",Laforêt Thonon-Évian,https://www.laforet.com/agence-immobiliere/thonon-evian/acheter/thonon-les-bains/appartement-4-pieces-52648362,,,True,"4 Rue François Morel, 74200 Thonon-les-Bains",84.0,1362.0,4.0,84.0,,4.0,0.0,,habitavel
apartamento,Thonon-les-Bains,,,"https://www.google.com/maps/search/?api=1&query=46.369156,6.477936",Christelle Vannier Immobilier,https://cvannier-immobilier.com/fr/propriete/vente+appartement+thonon-les-bains+appartement-t4-thonon-les-bains-concise+87257451,,,True,"4 Rue François Morel, 74200 Thonon-les-Bains",84.0,1362.0,4.0,85.92,,4.0,2.23,,habitavel
apartamento,Thonon-les-Bains,,,"https://www.google.com/maps/search/?api=1&query=46.369156,6.477936",Christelle Vannier Immobilier,https://cvannier-immobilier.com/fr/propriete/vente+appartement+thonon-les-bains+appartement-de-type-4-avec-2-places-de-parking-en-sous-sol+86648754,,,True,"4 Rue François Morel, 74200 Thonon-les-Bains",84.0,1362.0,4.0,83.55,,4.0,0.54,,habitavel
apartamento,Thonon-les-Bains,,,"https://www.google.com/maps/search/?api=1&query=46.374817,6.478143",Laforêt Thonon-Évian,https://www.laforet.com/agence-immobiliere/thonon-evian/acheter/thonon-les-bains/appartement-2-pieces-22694427,,,True,"1 Rue de Naples, 74200 Thonon-les-Bains",60.0,173.0,2.0,59.0,,2.0,1.67,,habitavel
apartamento,Thonon-les-Bains,,,"https://www.google.com/maps/search/?api=1&query=46.374817,6.478143",Agence Lehmann,https://lehmann-immo.com/fr/propriete/vente+appartement+thonon-les-bains+87286557,,,,"1 Rue de Naples, 74200 Thonon-les-Bains",60.0,173.0,2.0,61.22,,,1.99,,habitavel
apartamento,Thonon-les-Bains,,,"https://www.google.com/maps/search/?api=1&query=46.374817,6.478143",Poirier Immobilier Thonon,https://www.poirier-immobilier.com/vente/6-thonon-les-bains/appartement/2339-t2-avec-double-vue-lac-balcons-cave-et-ascenseur,,,True,"1 Rue de Naples, 74200 Thonon-les-Bains",60.0,173.0,2.0,59.73,,2.0,0.45,,habitavel
apartamento,Thonon-les-Bains,,,"https://www.google.com/maps/search/?api=1&query=46.371241,6.480976",Christelle Vannier Immobilier,https://cvannier-immobilier.com/fr/propriete/vente+appartement+thonon-les-bains+thonon-les-bains-t4-avec-loggia-et-vue-montagnes+86973545,,,True,"13 Place des Arts, 74200 Thonon-les-Bains",90.0,233.0,4.0,91.83,,4.0,1.99,,habitavel
apartamento,Thonon-les-Bains,,,"https://www.google.com/maps/search/?api=1&query=46.371241,6.480976",Laforêt Thonon-Évian,https://www.laforet.com/agence-immobiliere/thonon-evian/acheter/thonon-les-bains/appartement-4-pieces-52778750#section-video,,,True,"13 Place des Arts, 74200 Thonon-les-Bains",90.0,233.0,4.0,91.0,,4.0,1.1,,habitavel
apartamento,Thonon-les-Bains,,,"https://www.google.com/maps/search/?api=1&query=46.371241,6.480976",Laforêt Thonon-Évian,https://www.laforet.com/agence-immobiliere/thonon-evian/acheter/thonon-les-bains/appartement-4-pieces-52778750,,,True,"13 Place des Arts, 74200 Thonon-les-Bains",90.0,233.0,4.0,91.0,,4.0,1.1,,habitavel
apartamento,Thonon-les-Bains,,,"https://www.google.com/maps/search/?api=1&query=46.370726,6.486582",Agence Barnoud Thonon,https://www.barnoud-immobilier.fr/vente/74-haute-savoie/1-thonon-les-bains/2-appartement/t3/9917-a-thonon-les-bains-appartement-a-acheter-avec-2-chambres/,,,,"14 Avenue des Vallées, 74200 Thonon-les-Bains",69.0,269.0,4.0,69.52,,,0.75,,habitavel
apartamento,Évian-les-Bains,,,"https://www.google.com/maps/search/?api=1&query=46.399235,6.588224",Nestenn Évian,https://immobilier-evian-les-bains.nestenn.com/centre-d-evian-grand-t3-dans-residence-recente-avec-ascenseur-parking-disponible-ref-39259091,,,True,"28 Boulevard Jean Jaures, 74500 Évian-les-Bains",70.0,266.0,3.0,71.0,,3.0,1.41,,habitavel
apartamento,Thonon-les-Bains,,,"https://www.google.com/maps/search/?api=1&query=46.369662,6.4964",Laforêt Thonon-Évian,https://www.laforet.com/agence-immobiliere/thonon-evian/acheter/thonon-les-bains/appartement-3-pieces-52703873,,,True,"20 Avenue de la Dranse, 74200 Thonon-les-Bains",76.0,263.0,3.0,75.0,,3.0,1.32,,habitavel
apartamento,Thonon-les-Bains,,,"https://www.google.com/maps/search/?api=1&query=46.369662,6.4964",Laforêt Thonon-Évian,https://www.laforet.com/agence-immobiliere/thonon-evian/acheter/thonon-les-bains/appartement-3-pieces-52584814,,,True,"20 Avenue de la Dranse, 74200 Thonon-les-Bains",76.0,263.0,3.0,76.0,,3.0,0.0,,habitavel
apartamento,Thonon-les-Bains,,,"https://www.google.com/maps/search/?api=1&query=46.369662,6.4964",Dupraz Immobilier Thonon,https://www.dupraz-immobilier.com/ville_bien/fiches/3-33-29_60896304/t3-de-76-m2-avec-terrasse-de-25-m2-garage-cave-et-stationnement.html,,,,"20 Avenue de la Dranse, 74200 Thonon-les-Bains",76.0,263.0,3.0,76.0,,,0.0,,habitavel
apartamento,Thonon-les-Bains,,,"https://www.google.com/maps/search/?api=1&query=46.369662,6.4964",Laforêt Thonon-Évian,https://www.laforet.com/agence-immobiliere/thonon-evian/acheter/thonon-les-bains/appartement-3-pieces-52402655,,,True,"20 Avenue de la Dranse, 74200 Thonon-les-Bains",76.0,263.0,3.0,75.0,,3.0,1.32,,habitavel
apartamento,Thonon-les-Bains,,,"https://www.google.com/maps/search/?api=1&query=46.369662,6.4964",Poirier Immobilier Thonon,https://www.poirier-immobilier.com/vente/6-thonon-les-bains/appartement/2456-spacieux-appartement-de-type-3-avec-garage-proche-centre-ville,,,True,"20 Avenue de la Dranse, 74200 Thonon-les-Bains",76.0,263.0,3.0,76.12,,3.0,0.16,,habitavel
apartamento,Thonon-les-Bains,,,"https://www.google.com/maps/search/?api=1&query=46.375678,6.487747",CENTURY 21 Chablais-Léman Thonon,https://www.century21-chablais-leman-thonon.com/trouver_logement/detail/16436700333/,,,True,"34 Avenue Jules Ferry, 74200 Thonon-les-Bains",71.0,514.0,3.0,70.6,,3.0,0.56,,habitavel
apartamento,Thonon-les-Bains,,,"https://www.google.com/maps/search/?api=1&query=46.375678,6.487747",Agence Barnoud Thonon,https://www.barnoud-immobilier.fr/vente/74-haute-savoie/1-thonon-les-bains/2-appartement/t3/9917-a-thonon-les-bains-appartement-a-acheter-avec-2-chambres/,,,,"34 Avenue Jules Ferry, 74200 Thonon-les-Bains",71.0,514.0,3.0,69.52,,,2.08,,habitavel
apartamento,Thonon-les-Bains,,,"https://www.google.com/maps/search/?api=1&query=46.375678,6.487747",Agence Barnoud Thonon,https://www.barnoud-immobilier.fr/vente/74-haute-savoie/1-thonon-les-bains/2-appartement/t4/9874-thonon-appartement-t4/,,,,"34 Avenue Jules Ferry, 74200 Thonon-les-Bains",71.0,514.0,3.0,71.85,,,1.18,,habitavel
apartamento,Évian-les-Bains,,,"https://www.google.com/maps/search/?api=1&query=46.393433,6.584084",Poirier Immobilier Évian,https://www.poirier-immobilier.com/vente/5-evian-les-bains/appartement/2362-appartement-a-evian-les-bains-vue-lac,,,True,"31 Route Des Certes, 74500 Évian-les-Bains",41.0,678.0,3.0,41.0,,3.0,0.0,,habitavel
apartamento,Thonon-les-Bains,,,"https://www.google.com/maps/search/?api=1&query=46.369717,6.488161",A&P Immobilier,https://www.immobilierapi.com/vente/1-thonon-les-bains/appartement/t3/894-thonon-les-bains-nouvelle-exclusivite-t3-en-rez-de-jardin-a-decouvrir/,,,True,"3 Chemin de Bellevue, 74200 Thonon-les-Bains",63.0,582.0,3.0,63.0,,3.0,0.0,,habitavel
apartamento,Thonon-les-Bains,,,"https://www.google.com/maps/search/?api=1&query=46.369717,6.488161",A&P Immobilier,https://www.immobilierapi.com/vente/1-thonon-les-bains/appartement/t3/806-t3-a-fort-potentiel-thonon-les-bains-parking-et-cave-thonon-ouest/,,,True,"3 Chemin de Bellevue, 74200 Thonon-les-Bains",63.0,582.0,3.0,63.6,,3.0,0.94,,habitavel
apartamento,Thonon-les-Bains,,,"https://www.google.com/maps/search/?api=1&query=46.369717,6.488161",Christelle Vannier Immobilier,https://cvannier-immobilier.com/fr/propriete/vente+appartement+thonon-les-bains+appartement-t3-thonon-centre-ville+85078596,,,True,"3 Chemin de Bellevue, 74200 Thonon-les-Bains",63.0,582.0,3.0,62.0,,3.0,1.59,,habitavel
apartamento,Thonon-les-Bains,,,"https://www.google.com/maps/search/?api=1&query=46.361828,6.459379",Poirier Immobilier Thonon,https://www.poirier-immobilier.com/vente/6-thonon-les-bains/appartement/2365-appartement-de-type-2-renove-avec-gout,,,True,"14 Avenue de Geneve, 74200 Thonon-les-Bains",55.0,278.0,2.0,55.88,,2.0,1.57,,habitavel
apartamento,Évian-les-Bains,,,"https://www.google.com/maps/search/?api=1&query=46.399831,6.584232",Poirier Immobilier Évian,https://www.poirier-immobilier.com/vente/5-evian-les-bains/appartement/2010-appartement-de-standing-centre-ville-d-evian-les-bains,,,True,"16 Avenue Marc Francina, 74500 Évian-les-Bains",64.0,906.0,3.0,63.0,,3.0,1.56,,habitavel
apartamento,Thonon-les-Bains,,,"https://www.google.com/maps/search/?api=1&query=46.378001,6.489327",Leman Property Thonon,https://www.leman-property.com/vente/appartement/thonon-les-bains/appartement-t2-avec-bon-rendement-locatif-plein-centre-ville/,,,,"44 Avenue d’Evian, 74200 Thonon-les-Bains",28.0,347.0,1.0,28.0,,,0.0,,habitavel
apartamento,Thonon-les-Bains,,,"https://www.google.com/maps/search/?api=1&query=46.378001,6.489327",Agence Barnoud Thonon,https://www.barnoud-immobilier.fr/vente/74-haute-savoie/1-thonon-les-bains/2-appartement/t1/10775-studio-avec-terrasse-et-place-de-parking-a-acheter-a-thonon-les-bains/,,,,"44 Avenue d’Evian, 74200 Thonon-les-Bains",28.0,347.0,1.0,27.39,,,2.18,,habitavel
apartamento,Thonon-les-Bains,,,"https://www.google.com/maps/search/?api=1&query=46.37139,6.481994",Laforêt Thonon-Évian,https://www.laforet.com/agence-immobiliere/thonon-evian/acheter/thonon-les-bains/appartement-3-pieces-52196857,,,True,"8 Avenue Jules Ferry, 74200 Thonon-les-Bains",66.0,702.0,3.0,65.0,,3.0,1.52,,habitavel
apartamento,Thonon-les-Bains,,,"https://www.google.com/maps/search/?api=1&query=46.37139,6.481994",Agence Lehmann,https://lehmann-immo.com/fr/propriete/vente+appartement+thonon-les-bains+appartement-moderne-t3-a-thonon-les-bains+87100377,,,,"8 Avenue Jules Ferry, 74200 Thonon-les-Bains",66.0,702.0,3.0,66.44,,,0.66,,habitavel
apartamento,Thonon-les-Bains,,,"https://www.google.com/maps/search/?api=1&query=46.37139,6.481994",Agence Lehmann,https://lehmann-immo.com/fr/propriete/vente+appartement+thonon-les-bains+bel-appartement-3-pieces-moderne-a-thonon-les-bains+87095945,,,True,"8 Avenue Jules Ferry, 74200 Thonon-les-Bains",66.0,702.0,3.0,66.53,,3.0,0.8,,habitavel
apartamento,Thonon-les-Bains,,,"https://www.google.com/maps/search/?api=1&query=46.37139,6.481994",Christelle Vannier Immobilier,https://cvannier-immobilier.com/fr/propriete/vente+appartement+thonon-les-bains+exclusivite-t3-en-rez-de-jardin-avec-garage+87300076,,,True,"8 Avenue Jules Ferry, 74200 Thonon-les-Bains",66.0,702.0,3.0,65.42,,3.0,0.88,,habitavel
apartamento,Thonon-les-Bains,,,"https://www.google.com/maps/search/?api=1&query=46.37139,6.481994",Christelle Vannier Immobilier,https://cvannier-immobilier.com/fr/propriete/vente+appartement+thonon-les-bains+exclusivite-t3-en-duplex+87254132,,,True,"8 Avenue Jules Ferry, 74200 Thonon-les-Bains",66.0,702.0,3.0,65.0,,3.0,1.52,,habitavel
apartamento,Thonon-les-Bains,,,"https://www.google.com/maps/search/?api=1&query=46.37139,6.481994",Christelle Vannier Immobilier,https://cvannier-immobilier.com/fr/propriete/vente+appartement+thonon-les-bains+appartement-de-type-3-a-thonon-les-bains+85757383,,,True,"8 Avenue Jules Ferry, 74200 Thonon-les-Bains",66.0,702.0,3.0,66.0,,3.0,0.0,,habitavel
apartamento,Thonon-les-Bains,,,"https://www.google.com/maps/search/?api=1&query=46.37139,6.481994",Christelle Vannier Immobilier,https://cvannier-immobilier.com/fr/propriete/vente+appartement+thonon-les-bains+exclusivite-appartement-type-3-avec-garage+84395461,,,True,"8 Avenue Jules Ferry, 74200 Thonon-les-Bains",66.0,702.0,3.0,65.0,,3.0,1.52,,habitavel
apartamento,Thonon-les-Bains,,,"https://www.google.com/maps/search/?api=1&query=46.37139,6.481994",Poirier Immobilier Thonon,https://www.poirier-immobilier.com/vente/6-thonon-les-bains/appartement/2467-bel-appartement-de-type-3-a-proximite-immediate-du-centre-ville,,,True,"8 Avenue Jules Ferry, 74200 Thonon-les-Bains",66.0,702.0,3.0,67.05,,3.0,1.57,,habitavel
apartamento,Thonon-les-Bains,,,"https://www.google.com/maps/search/?api=1&query=46.375019,6.479201",Agence Lehmann,https://lehmann-immo.com/fr/propriete/vente+appartement+thonon-les-bains+appartement-moderne-t3-a-thonon-les-bains+87100377,,,,"8 Rue du Funiculaire, 74200 Thonon-les-Bains",66.0,118.0,2.0,66.44,,,0.66,,habitavel
apartamento,Thonon-les-Bains,,,"https://www.google.com/maps/search/?api=1&query=46.372182,6.479259",Agence Barnoud Thonon,https://www.barnoud-immobilier.fr/vente/74-haute-savoie/1-thonon-les-bains/2-appartement/t4/10465-a-vendre-au-centre-ville-de-thonon-les-bains-grand-appartement-avec-balcon/,,,,"36 Grande Rue, 74200 Thonon-les-Bains",100.0,161.0,5.0,100.65,,,0.65,,habitavel
apartamento,Évian-les-Bains,,,"https://www.google.com/maps/search/?api=1&query=46.397062,6.586347",CENTURY 21 Chablais Léman Évian,https://www.century21-chablais-leman-evian.com/trouver_logement/detail/13879976541/,,,True,"12 Boulevard Du Bennevy, 74500 Évian-les-Bains",74.0,2103.0,4.0,74.0,,4.0,0.0,,habitavel
apartamento,Évian-les-Bains,,,"https://www.google.com/maps/search/?api=1&query=46.397062,6.586347",Cabinet Greneche,https://grenecheimmo.fr/fr/propriete/vente+appartement+evian-les-bains+evian-les-bains-t2-en-souplex+87293704,,,,"12 Boulevard Du Bennevy, 74500 Évian-les-Bains",74.0,2103.0,4.0,74.0,,,0.0,,habitavel
apartamento,Thonon-les-Bains,,,"https://www.google.com/maps/search/?api=1&query=46.36381,6.464231",Agence Lehmann,https://lehmann-immo.com/fr/propriete/vente+appartement+thonon-les-bains+appartement-moderne-t3-a-thonon-les-bains+87100377,,,,"3 Avenue de la Grangette, 74200 Thonon-les-Bains",68.0,3092.0,4.0,66.44,,,2.29,,habitavel
apartamento,Thonon-les-Bains,,,"https://www.google.com/maps/search/?api=1&query=46.36381,6.464231",Agence Barnoud Thonon,https://www.barnoud-immobilier.fr/vente/74-haute-savoie/1-thonon-les-bains/2-appartement/t3/9917-a-thonon-les-bains-appartement-a-acheter-avec-2-chambres/,,,,"3 Avenue de la Grangette, 74200 Thonon-les-Bains",68.0,3092.0,4.0,69.52,,,2.19,,habitavel
apartamento,Thonon-les-Bains,,,"https://www.google.com/maps/search/?api=1&query=46.374972,6.479203",Agence Lehmann,https://lehmann-immo.com/fr/propriete/vente+appartement+thonon-les-bains+appartement-moderne-t3-a-thonon-les-bains+87100377,,,,"9 Rue du Funiculaire, 74200 Thonon-les-Bains",66.0,16.0,2.0,66.44,,,0.66,,habitavel
apartamento,Thonon-les-Bains,,,"https://www.google.com/maps/search/?api=1&query=46.376089,6.49725",Laforêt Thonon-Évian,https://www.laforet.com/agence-immobiliere/thonon-evian/acheter/thonon-les-bains/appartement-3-pieces-52196857,,,True,"10 Chemin du Clos de Champagne, 74200 Thonon-les-Bains",66.0,5210.0,3.0,65.0,,3.0,1.52,,habitavel
apartamento,Thonon-les-Bains,,,"https://www.google.com/maps/search/?api=1&query=46.376089,6.49725",Agence Lehmann,https://lehmann-immo.com/fr/propriete/vente+appartement+thonon-les-bains+appartement-moderne-t3-a-thonon-les-bains+87100377,,,,"10 Chemin du Clos de Champagne, 74200 Thonon-les-Bains",66.0,5210.0,3.0,66.44,,,0.66,,habitavel
apartamento,Thonon-les-Bains,,,"https://www.google.com/maps/search/?api=1&query=46.376089,6.49725",Agence Lehmann,https://lehmann-immo.com/fr/propriete/vente+appartement+thonon-les-bains+bel-appartement-3-pieces-moderne-a-thonon-les-bains+87095945,,,True,"10 Chemin du Clos de Champagne, 74200 Thonon-les-Bains",66.0,5210.0,3.0,66.53,,3.0,0.8,,habitavel
apartamento,Thonon-les-Bains,,,"https://www.google.com/maps/search/?api=1&query=46.376089,6.49725",Christelle Vannier Immobilier,https://cvannier-immobilier.com/fr/propriete/vente+appartement+thonon-les-bains+exclusivite-t3-en-rez-de-jardin-avec-garage+87300076,,,True,"10 Chemin du Clos de Champagne, 74200 Thonon-les-Bains",66.0,5210.0,3.0,65.42,,3.0,0.88,,habitavel
apartamento,Thonon-les-Bains,,,"https://www.google.com/maps/search/?api=1&query=46.376089,6.49725",Christelle Vannier Immobilier,https://cvannier-immobilier.com/fr/propriete/vente+appartement+thonon-les-bains+exclusivite-t3-en-duplex+87254132,,,True,"10 Chemin du Clos de Champagne, 74200 Thonon-les-Bains",66.0,5210.0,3.0,65.0,,3.0,1.52,,habitavel
apartamento,Thonon-les-Bains,,,"https://www.google.com/maps/search/?api=1&query=46.376089,6.49725",Christelle Vannier Immobilier,https://cvannier-immobilier.com/fr/propriete/vente+appartement+thonon-les-bains+appartement-de-type-3-a-thonon-les-bains+85757383,,,True,"10 Chemin du Clos de Champagne, 74200 Thonon-les-Bains",66.0,5210.0,3.0,66.0,,3.0,0.0,,habitavel
apartamento,Thonon-les-Bains,,,"https://www.google.com/maps/search/?api=1&query=46.376089,6.49725",Christelle Vannier Immobilier,https://cvannier-immobilier.com/fr/propriete/vente+appartement+thonon-les-bains+exclusivite-appartement-type-3-avec-garage+84395461,,,True,"10 Chemin du Clos de Champagne, 74200 Thonon-les-Bains",66.0,5210.0,3.0,65.0,,3.0,1.52,,habitavel
apartamento,Thonon-les-Bains,,,"https://www.google.com/maps/search/?api=1&query=46.376089,6.49725",Poirier Immobilier Thonon,https://www.poirier-immobilier.com/vente/6-thonon-les-bains/appartement/2467-bel-appartement-de-type-3-a-proximite-immediate-du-centre-ville,,,True,"10 Chemin du Clos de Champagne, 74200 Thonon-les-Bains",66.0,5210.0,3.0,67.05,,3.0,1.57,,habitavel
apartamento,Thonon-les-Bains,,,"https://www.google.com/maps/search/?api=1&query=46.380817,6.494449",CENTURY 21 Chablais-Léman Thonon,https://www.century21-chablais-leman-thonon.com/trouver_logement/detail/16350251916/,,,True,"1 Avenue de Thuyset, 74200 Thonon-les-Bains",61.0,1314.0,3.0,60.0,,3.0,1.64,,habitavel
apartamento,Thonon-les-Bains,,,"https://www.google.com/maps/search/?api=1&query=46.380817,6.494449",Agence Lehmann,https://lehmann-immo.com/fr/propriete/vente+appartement+thonon-les-bains+87286557,,,,"1 Avenue de Thuyset, 74200 Thonon-les-Bains",61.0,1314.0,3.0,61.22,,,0.36,,habitavel
apartamento,Thonon-les-Bains,,,"https://www.google.com/maps/search/?api=1&query=46.380817,6.494449",Christelle Vannier Immobilier,https://cvannier-immobilier.com/fr/propriete/vente+appartement+thonon-les-bains+appartement-t3-thonon-centre-ville+85078596,,,True,"1 Avenue de Thuyset, 74200 Thonon-les-Bains",61.0,1314.0,3.0,62.0,,3.0,1.61,,habitavel
apartamento,Thonon-les-Bains,,,"https://www.google.com/maps/search/?api=1&query=46.362731,6.464337",CENTURY 21 Chablais-Léman Thonon,https://www.century21-chablais-leman-thonon.com/trouver_logement/detail/16350251916/,,,True,"3 Chemin de Morcy, 74200 Thonon-les-Bains",60.0,2098.0,3.0,60.0,,3.0,0.0,,habitavel
apartamento,Thonon-les-Bains,,,"https://www.google.com/maps/search/?api=1&query=46.362731,6.464337",Agence Lehmann,https://lehmann-immo.com/fr/propriete/vente+appartement+thonon-les-bains+87286557,,,,"3 Chemin de Morcy, 74200 Thonon-les-Bains",60.0,2098.0,3.0,61.22,,,1.99,,habitavel
apartamento,Thonon-les-Bains,,,"https://www.google.com/maps/search/?api=1&query=46.374079,6.482842",Leman Property Thonon,https://www.leman-property.com/vente/appartement/thonon-les-bains/appartement-t2-avec-bon-rendement-locatif-plein-centre-ville/,,,,"4 Rue des Potiers, 74200 Thonon-les-Bains",28.0,3203.0,2.0,28.0,,,0.0,,habitavel
apartamento,Thonon-les-Bains,,,"https://www.google.com/maps/search/?api=1&query=46.374079,6.482842",Agence Barnoud Thonon,https://www.barnoud-immobilier.fr/vente/74-haute-savoie/1-thonon-les-bains/2-appartement/t1/10775-studio-avec-terrasse-et-place-de-parking-a-acheter-a-thonon-les-bains/,,,,"4 Rue des Potiers, 74200 Thonon-les-Bains",28.0,3203.0,2.0,27.39,,,2.18,,habitavel
apartamento,Évian-les-Bains,,,"https://www.google.com/maps/search/?api=1&query=46.397679,6.585869",Agence Barnoud Évian,https://www.barnoud-immobilier.fr/vente/74-haute-savoie/2-evian-les-bains/4-studio/9473-dernier-etage-vue-lac-studio-avec-beaucoup-de-charme/,,,,"3 Chemin Du Bennevy, 74500 Évian-les-Bains",44.0,76.0,2.0,43.88,,,0.27,,habitavel
apartamento,Thonon-les-Bains,,,"https://www.google.com/maps/search/?api=1&query=46.367692,6.496708",A&P Immobilier,https://www.immobilierapi.com/vente/1-thonon-les-bains/appartement/t3/894-thonon-les-bains-nouvelle-exclusivite-t3-en-rez-de-jardin-a-decouvrir/,,,True,"9 Avenue de la Fontaine Couverte, 74200 Thonon-les-Bains",63.0,755.0,3.0,63.0,,3.0,0.0,,habitavel
apartamento,Thonon-les-Bains,,,"https://www.google.com/maps/search/?api=1&query=46.367692,6.496708",A&P Immobilier,https://www.immobilierapi.com/vente/1-thonon-les-bains/appartement/t3/806-t3-a-fort-potentiel-thonon-les-bains-parking-et-cave-thonon-ouest/,,,True,"9 Avenue de la Fontaine Couverte, 74200 Thonon-les-Bains",63.0,755.0,3.0,63.6,,3.0,0.94,,habitavel
apartamento,Thonon-les-Bains,,,"https://www.google.com/maps/search/?api=1&query=46.367692,6.496708",Christelle Vannier Immobilier,https://cvannier-immobilier.com/fr/propriete/vente+appartement+thonon-les-bains+appartement-t3-thonon-centre-ville+85078596,,,True,"9 Avenue de la Fontaine Couverte, 74200 Thonon-les-Bains",63.0,755.0,3.0,62.0,,3.0,1.59,,habitavel
apartamento,Thonon-les-Bains,,,"https://www.google.com/maps/search/?api=1&query=46.370476,6.488327",CENTURY 21 Chablais-Léman Thonon,https://www.century21-chablais-leman-thonon.com/trouver_logement/detail/16350251916/,,,True,"15 Avenue des Vallées, 74200 Thonon-les-Bains",60.0,940.0,3.0,60.0,,3.0,0.0,,habitavel
apartamento,Thonon-les-Bains,,,"https://www.google.com/maps/search/?api=1&query=46.370476,6.488327",Agence Lehmann,https://lehmann-immo.com/fr/propriete/vente+appartement+thonon-les-bains+87286557,,,,"15 Avenue des Vallées, 74200 Thonon-les-Bains",60.0,940.0,3.0,61.22,,,1.99,,habitavel
apartamento,Thonon-les-Bains,,,"https://www.google.com/maps/search/?api=1&query=46.370797,6.498742",Christelle Vannier Immobilier,https://cvannier-immobilier.com/fr/propriete/vente+appartement+thonon-les-bains+thonon-les-bains-t4-avec-loggia-et-vue-montagnes+86973545,,,True,"24 Chemin des Tissottes, 74200 Thonon-les-Bains",92.0,1248.0,4.0,91.83,,4.0,0.18,,habitavel
apartamento,Thonon-les-Bains,,,"https://www.google.com/maps/search/?api=1&query=46.370797,6.498742",Laforêt Thonon-Évian,https://www.laforet.com/agence-immobiliere/thonon-evian/acheter/thonon-les-bains/appartement-4-pieces-52778750#section-video,,,True,"24 Chemin des Tissottes, 74200 Thonon-les-Bains",92.0,1248.0,4.0,91.0,,4.0,1.09,,habitavel
apartamento,Thonon-les-Bains,,,"https://www.google.com/maps/search/?api=1&query=46.370797,6.498742",Laforêt Thonon-Évian,https://www.laforet.com/agence-immobiliere/thonon-evian/acheter/thonon-les-bains/appartement-4-pieces-52778750,,,True,"24 Chemin des Tissottes, 74200 Thonon-les-Bains",92.0,1248.0,4.0,91.0,,4.0,1.09,,habitavel
apartamento,Thonon-les-Bains,,,"https://www.google.com/maps/search/?api=1&query=46.370559,6.475056",Christelle Vannier Immobilier,https://cvannier-immobilier.com/fr/propriete/vente+appartement+thonon-les-bains+thonon-les-bains-t4-avec-loggia-et-vue-montagnes+86973545,,,True,"5 Avenue des Tilleuls, 74200 Thonon-les-Bains",90.0,995.0,4.0,91.83,,4.0,1.99,,habitavel
apartamento,Thonon-les-Bains,,,"https://www.google.com/maps/search/?api=1&query=46.370559,6.475056",Laforêt Thonon-Évian,https://www.laforet.com/agence-immobiliere/thonon-evian/acheter/thonon-les-bains/appartement-4-pieces-52778750#section-video,,,True,"5 Avenue des Tilleuls, 74200 Thonon-les-Bains",90.0,995.0,4.0,91.0,,4.0,1.1,,habitavel
apartamento,Thonon-les-Bains,,,"https://www.google.com/maps/search/?api=1&query=46.370559,6.475056",Laforêt Thonon-Évian,https://www.laforet.com/agence-immobiliere/thonon-evian/acheter/thonon-les-bains/appartement-4-pieces-52778750,,,True,"5 Avenue des Tilleuls, 74200 Thonon-les-Bains",90.0,995.0,4.0,91.0,,4.0,1.1,,habitavel
apartamento,Thonon-les-Bains,,,"https://www.google.com/maps/search/?api=1&query=46.365105,6.465671",Cabinet Greneche,https://grenecheimmo.fr/fr/propriete/vente+appartement+thonon-les-bains+appartement-t4-neuf+86974022,,,,"77 Avenue du Général de Gaulle, 74200 Thonon-les-Bains",110.0,1297.0,3.0,109.93,,,0.06,,habitavel
apartamento,Thonon-les-Bains,,,"https://www.google.com/maps/search/?api=1&query=46.356157,6.45422",Poirier Immobilier Thonon,https://www.poirier-immobilier.com/vente/6-thonon-les-bains/appartement/2365-appartement-de-type-2-renove-avec-gout,,,True,"86 Chemin de Morcy, 74200 Thonon-les-Bains",55.0,10.0,2.0,55.88,,2.0,1.57,,habitavel
apartamento,Thonon-les-Bains,,,"https://www.google.com/maps/search/?api=1&query=46.382576,6.504061",CENTURY 21 Chablais-Léman Thonon,https://www.century21-chablais-leman-thonon.com/trouver_logement/detail/16350251916/,,,True,"11 Route d’Evian, 74200 Thonon-les-Bains",60.0,209.0,3.0,60.0,,3.0,0.0,,habitavel
apartamento,Thonon-les-Bains,,,"https://www.google.com/maps/search/?api=1&query=46.382576,6.504061",Agence Lehmann,https://lehmann-immo.com/fr/propriete/vente+appartement+thonon-les-bains+87286557,,,,"11 Route d’Evian, 74200 Thonon-les-Bains",60.0,209.0,3.0,61.22,,,1.99,,habitavel
apartamento,Thonon-les-Bains,,,"https://www.google.com/maps/search/?api=1&query=46.373442,6.488362",Leman Property Thonon,https://www.leman-property.com/vente/appartement/thonon-les-bains/appartement-t3-coup-de-coeur/,,,,"8 Avenue des Romains, 74200 Thonon-les-Bains",50.0,493.0,3.0,50.0,,,0.0,,habitavel
apartamento,Thonon-les-Bains,,,"https://www.google.com/maps/search/?api=1&query=46.373442,6.488362",Agence Barnoud Thonon,https://www.barnoud-immobilier.fr/vente/74-haute-savoie/1-thonon-les-bains/2-appartement/t2/9852-appartement-a-vendre-dernier-etage-a-thonon-les-bains/,,,,"8 Avenue des Romains, 74200 Thonon-les-Bains",50.0,493.0,3.0,48.91,,,2.18,,habitavel
apartamento,Thonon-les-Bains,,,"https://www.google.com/maps/search/?api=1&query=46.373442,6.488362",Agence Barnoud Thonon,https://www.barnoud-immobilier.fr/vente/74-haute-savoie/1-thonon-les-bains/2-appartement/t2/11274-appartement-t2-51-15m/,,,,"8 Avenue des Romains, 74200 Thonon-les-Bains",50.0,493.0,3.0,51.15,,,2.25,,habitavel
apartamento,Thonon-les-Bains,,,"https://www.google.com/maps/search/?api=1&query=46.372261,6.479217",Agence Barnoud Thonon,https://www.barnoud-immobilier.fr/vente/74-haute-savoie/1-thonon-les-bains/2-appartement/t4/10465-a-vendre-au-centre-ville-de-thonon-les-bains-grand-appartement-avec-balcon/,,,,"38 Grande Rue, 74200 Thonon-les-Bains",100.0,179.0,5.0,100.65,,,0.65,,habitavel
apartamento,Thonon-les-Bains,,,"https://www.google.com/maps/search/?api=1&query=46.3792,6.488084",Agence Lehmann,https://lehmann-immo.com/fr/propriete/vente+appartement+thonon-les-bains+appartement-moderne-t2-a-thonon-les-bains+87095867,,,,"2 Chemin des Guillettes, 74200 Thonon-les-Bains",42.0,3040.0,2.0,42.39,,,0.92,,habitavel
apartamento,Thonon-les-Bains,,,"https://www.google.com/maps/search/?api=1&query=46.360501,6.453326",Laforêt Thonon-Évian,https://www.laforet.com/agence-immobiliere/thonon-evian/acheter/thonon-les-bains/appartement-2-pieces-52196779,,,True,"16 Chemin des Croz, 74200 Thonon-les-Bains",45.0,1564.0,2.0,45.0,,2.0,0.0,,habitavel
apartamento,Thonon-les-Bains,,,"https://www.google.com/maps/search/?api=1&query=46.360501,6.453326",Leman Property Thonon,https://www.leman-property.com/vente/appartement/thonon-les-bains/en-exclusivite-t2-rez-de-jardin-thonon-st-disdille/,,,,"16 Chemin des Croz, 74200 Thonon-les-Bains",45.0,1564.0,2.0,44.0,,,2.22,,habitavel
apartamento,Thonon-les-Bains,,,"https://www.google.com/maps/search/?api=1&query=46.360501,6.453326",A&P Immobilier,https://www.immobilierapi.com/vente/1-thonon-les-bains/appartement/t2/853-thonon-les-bains-a-vendre-appartement-en-plateau-brut-a-amenager-parking-et-cave-thonon-ouest/,,,True,"16 Chemin des Croz, 74200 Thonon-les-Bains",45.0,1564.0,2.0,44.3,,2.0,1.56,,habitavel
apartamento,Thonon-les-Bains,,,"https://www.google.com/maps/search/?api=1&query=46.360501,6.453326",Poirier Immobilier Thonon,https://www.poirier-immobilier.com/vente/6-thonon-les-bains/appartement/2317-a-decouvrir-appartement-t2-avec-fort-potentiel-a-rafraichir-selon-vos-envies,,,True,"16 Chemin des Croz, 74200 Thonon-les-Bains",45.0,1564.0,2.0,44.78,,2.0,0.49,,habitavel
apartamento,Thonon-les-Bains,,,"https://www.google.com/maps/search/?api=1&query=46.360501,6.453326",Agence Barnoud Thonon,https://www.barnoud-immobilier.fr/vente/74-haute-savoie/1-thonon-les-bains/2-appartement/t2/11354-appartement-de-type-2-a-vendre-a-thonon-les-bains/,,,,"16 Chemin des Croz, 74200 Thonon-les-Bains",45.0,1564.0,2.0,46.0,,,2.17,,habitavel
apartamento,Thonon-les-Bains,,,"https://www.google.com/maps/search/?api=1&query=46.371084,6.48006",Leman Property Thonon,https://www.leman-property.com/vente/appartement/thonon-les-bains/en-exclusivite-t2-rez-de-jardin-thonon-st-disdille/,,,,"9 Rue des Arts, 74200 Thonon-les-Bains",45.0,294.0,1.0,44.0,,,2.22,,habitavel
apartamento,Thonon-les-Bains,,,"https://www.google.com/maps/search/?api=1&query=46.371084,6.48006",Agence Barnoud Thonon,https://www.barnoud-immobilier.fr/vente/74-haute-savoie/1-thonon-les-bains/2-appartement/t2/11354-appartement-de-type-2-a-vendre-a-thonon-les-bains/,,,,"9 Rue des Arts, 74200 Thonon-les-Bains",45.0,294.0,1.0,46.0,,,2.17,,habitavel
apartamento,Évian-les-Bains,,,"https://www.google.com/maps/search/?api=1&query=46.398668,6.602241",Nestenn Évian,https://immobilier-evian-les-bains.nestenn.com/superbe-t2-lumineux-avec-vue-lac-proche-centre-et-embarcadere-ref-39502529,,,True,"21 Parc D Aunieres, 74500 Évian-les-Bains",52.0,709.0,2.0,51.0,,2.0,1.92,,habitavel
apartamento,Thonon-les-Bains,,,"https://www.google.com/maps/search/?api=1&query=46.375775,6.485161",Laforêt Thonon-Évian,https://www.laforet.com/agence-immobiliere/thonon-evian/acheter/thonon-les-bains/appartement-2-pieces-52196779,,,True,"21 Avenue d’Evian, 74200 Thonon-les-Bains",45.0,66.0,2.0,45.0,,2.0,0.0,,habitavel
apartamento,Thonon-les-Bains,,,"https://www.google.com/maps/search/?api=1&query=46.375775,6.485161",Leman Property Thonon,https://www.leman-property.com/vente/appartement/thonon-les-bains/en-exclusivite-t2-rez-de-jardin-thonon-st-disdille/,,,,"21 Avenue d’Evian, 74200 Thonon-les-Bains",45.0,66.0,2.0,44.0,,,2.22,,habitavel
apartamento,Thonon-les-Bains,,,"https://www.google.com/maps/search/?api=1&query=46.375775,6.485161",A&P Immobilier,https://www.immobilierapi.com/vente/1-thonon-les-bains/appartement/t2/853-thonon-les-bains-a-vendre-appartement-en-plateau-brut-a-amenager-parking-et-cave-thonon-ouest/,,,True,"21 Avenue d’Evian, 74200 Thonon-les-Bains",45.0,66.0,2.0,44.3,,2.0,1.56,,habitavel
apartamento,Thonon-les-Bains,,,"https://www.google.com/maps/search/?api=1&query=46.375775,6.485161",Poirier Immobilier Thonon,https://www.poirier-immobilier.com/vente/6-thonon-les-bains/appartement/2317-a-decouvrir-appartement-t2-avec-fort-potentiel-a-rafraichir-selon-vos-envies,,,True,"21 Avenue d’Evian, 74200 Thonon-les-Bains",45.0,66.0,2.0,44.78,,2.0,0.49,,habitavel
apartamento,Thonon-les-Bains,,,"https://www.google.com/maps/search/?api=1&query=46.375775,6.485161",Agence Barnoud Thonon,https://www.barnoud-immobilier.fr/vente/74-haute-savoie/1-thonon-les-bains/2-appartement/t2/11354-appartement-de-type-2-a-vendre-a-thonon-les-bains/,,,,"21 Avenue d’Evian, 74200 Thonon-les-Bains",45.0,66.0,2.0,46.0,,,2.17,,habitavel
apartamento,Évian-les-Bains,,,"https://www.google.com/maps/search/?api=1&query=46.398703,6.602394",Nestenn Évian,https://immobilier-evian-les-bains.nestenn.com/superbe-t2-lumineux-avec-vue-lac-proche-centre-et-embarcadere-ref-39502529,,,True,"24 Parc D Aunieres, 74500 Évian-les-Bains",52.0,793.0,2.0,51.0,,2.0,1.92,,habitavel
apartamento,Évian-les-Bains,,,"https://www.google.com/maps/search/?api=1&query=46.398718,6.602163",Nestenn Évian,https://immobilier-evian-les-bains.nestenn.com/superbe-t2-lumineux-avec-vue-lac-proche-centre-et-embarcadere-ref-39502529,,,True,"26 Parc D Aunieres, 74500 Évian-les-Bains",52.0,635.0,2.0,51.0,,2.0,1.92,,habitavel
apartamento,Thonon-les-Bains,,,"https://www.google.com/maps/search/?api=1&query=46.373705,6.490715",Agence Lehmann,https://lehmann-immo.com/fr/propriete/vente+appartement+thonon-les-bains+appartement-moderne-t3-a-thonon-les-bains+87100377,,,,"26 Avenue des Romains, 74200 Thonon-les-Bains",67.0,2540.0,4.0,66.44,,,0.84,,habitavel
apartamento,Thonon-les-Bains,,,"https://www.google.com/maps/search/?api=1&query=46.365588,6.499568",Agence Lehmann,https://lehmann-immo.com/fr/propriete/vente+appartement+thonon-les-bains+appartement-moderne-t2-a-thonon-les-bains+87095867,,,,"25 Avenue de la Fontaine Couverte, 74200 Thonon-les-Bains",42.0,3315.0,2.0,42.39,,,0.92,,habitavel
apartamento,Thonon-les-Bains,,,"https://www.google.com/maps/search/?api=1&query=46.382589,6.502791",Agence Lehmann,https://lehmann-immo.com/fr/propriete/vente+appartement+thonon-les-bains+87286557,,,,"1 Avenue de Ripaille, 74200 Thonon-les-Bains",62.0,416.0,4.0,61.22,,,1.26,,habitavel
apartamento,Thonon-les-Bains,,,"https://www.google.com/maps/search/?api=1&query=46.382589,6.502791",Agence Lehmann,https://lehmann-immo.com/fr/propriete/vente+appartement+allinges+appartements-neuf-t3a-allinges+86722348,,,True,"1 Avenue de Ripaille, 74200 Thonon-les-Bains",62.0,416.0,4.0,62.85,,4.0,1.35,,habitavel
apartamento,Évian-les-Bains,,,"https://www.google.com/maps/search/?api=1&query=46.401386,6.599886",Agence Barnoud Évian,https://www.barnoud-immobilier.fr/vente/74-haute-savoie/2-evian-les-bains/2-appartement/t3/11190-proche-lac-et-centre-ville-pour-ce-t3/,,,,"43 Quai Paul Leger - Rd 1005, 74500 Évian-les-Bains",66.0,1249.0,3.0,67.5,,,2.22,,habitavel
apartamento,Évian-les-Bains,,,"https://www.google.com/maps/search/?api=1&query=46.401386,6.599886",Cabinet Greneche,https://grenecheimmo.fr/fr/propriete/vente+appartement+evian-les-bains+appartement-t3-evian-les-bains-proche-embarcadere+87280471,,,,"43 Quai Paul Leger - Rd 1005, 74500 Évian-les-Bains",66.0,1249.0,3.0,67.0,,,1.49,,habitavel
apartamento,Thonon-les-Bains,,,"https://www.google.com/maps/search/?api=1&query=46.372575,6.476075",Cabinet Greneche,https://grenecheimmo.fr/fr/propriete/vente+appartement+thonon-les-bains+appartement-4-pieces-local-entrepot-artisanal-thonon-les-bains+86641773,,,True,"2 Place Jean Moulin, 74200 Thonon-les-Bains",113.0,1886.0,4.0,112.0,,4.0,0.88,,habitavel
apartamento,Thonon-les-Bains,,,"https://www.google.com/maps/search/?api=1&query=46.372575,6.476075",Christelle Vannier Immobilier,https://cvannier-immobilier.com/fr/propriete/vente+appartement+thonon-les-bains+exclusivite-grand-t4-de-114m-garage-et-parking+86690288,,,True,"2 Place Jean Moulin, 74200 Thonon-les-Bains",113.0,1886.0,4.0,114.0,,4.0,0.88,,habitavel
apartamento,Thonon-les-Bains,,,"https://www.google.com/maps/search/?api=1&query=46.372575,6.476075",Cabinet Greneche,https://grenecheimmo.fr/fr/propriete/vente+appartement+thonon-les-bains+duplex-4-pieces-thonon-les-bains+85982874,,,True,"2 Place Jean Moulin, 74200 Thonon-les-Bains",113.0,1886.0,4.0,112.0,,4.0,0.88,,habitavel
apartamento,Évian-les-Bains,,,"https://www.google.com/maps/search/?api=1&query=46.393849,6.579716",Nestenn Évian,https://immobilier-evian-les-bains.nestenn.com/a-vendre-a-evian-les-bains-t3-recent-2023-avec-grand-jardin-garage-ref-39584236,,,True,"9 Route De Chez Ravasse, 74500 Évian-les-Bains",78.0,1587.0,3.0,77.0,,3.0,1.28,,habitavel
apartamento,Évian-les-Bains,,,"https://www.google.com/maps/search/?api=1&query=46.393849,6.579716",Cabinet Greneche,https://grenecheimmo.fr/fr/propriete/vente+appartement+evian-les-bains+t3-evian-face-embarcadere+86708984,,,,"9 Route De Chez Ravasse, 74500 Évian-les-Bains",78.0,1587.0,3.0,76.28,,,2.21,,habitavel
apartamento,Évian-les-Bains,,,"https://www.google.com/maps/search/?api=1&query=46.393849,6.579716",Poirier Immobilier Évian,https://www.poirier-immobilier.com/vente/5-evian-les-bains/appartement/1933-appartement-3-pieces-a-evian-les-bains-avec-balcons-et-garage,,,True,"9 Route De Chez Ravasse, 74500 Évian-les-Bains",78.0,1587.0,3.0,78.09,,3.0,0.12,,habitavel
apartamento,Thonon-les-Bains,,,"https://www.google.com/maps/search/?api=1&query=46.377153,6.488505",Laforêt Thonon-Évian,https://www.laforet.com/agence-immobiliere/thonon-evian/acheter/thonon-les-bains/appartement-2-pieces-52232479,,,True,"2 Rue des Murs Blancs, 74200 Thonon-les-Bains",48.0,884.0,2.0,48.0,,2.0,0.0,,habitavel
apartamento,Thonon-les-Bains,,,"https://www.google.com/maps/search/?api=1&query=46.377153,6.488505",Laforêt Thonon-Évian,https://www.laforet.com/agence-immobiliere/thonon-evian/acheter/thonon-les-bains/appartement-2-pieces-52196464,,,True,"2 Rue des Murs Blancs, 74200 Thonon-les-Bains",48.0,884.0,2.0,48.0,,2.0,0.0,,habitavel
apartamento,Thonon-les-Bains,,,"https://www.google.com/maps/search/?api=1&query=46.377153,6.488505",Agence Barnoud Thonon,https://www.barnoud-immobilier.fr/vente/74-haute-savoie/1-thonon-les-bains/2-appartement/t2/10517-a-thonon-les-bains-grand-appartement-a-acheter-avec-balcon/,,,,"2 Rue des Murs Blancs, 74200 Thonon-les-Bains",48.0,884.0,2.0,47.8,,,0.42,,habitavel
apartamento,Thonon-les-Bains,,,"https://www.google.com/maps/search/?api=1&query=46.377153,6.488505",Agence Barnoud Thonon,https://www.barnoud-immobilier.fr/vente/74-haute-savoie/1-thonon-les-bains/2-appartement/t2/9852-appartement-a-vendre-dernier-etage-a-thonon-les-bains/,,,,"2 Rue des Murs Blancs, 74200 Thonon-les-Bains",48.0,884.0,2.0,48.91,,,1.86,,habitavel
apartamento,Thonon-les-Bains,,,"https://www.google.com/maps/search/?api=1&query=46.377153,6.488505",Leman Property Thonon,https://www.leman-property.com/vente/appartement/thonon-les-bains/appartement-t2-thonon-les-bains/,,,,"2 Rue des Murs Blancs, 74200 Thonon-les-Bains",48.0,884.0,2.0,48.0,,,0.0,,habitavel
apartamento,Thonon-les-Bains,,,"https://www.google.com/maps/search/?api=1&query=46.376545,6.486844",CENTURY 21 Chablais-Léman Thonon,https://www.century21-chablais-leman-thonon.com/trouver_logement/detail/15698583939/,,,True,"33 Avenue d’Evian, 74200 Thonon-les-Bains",57.0,1250.0,3.0,58.39,,3.0,2.38,,habitavel
apartamento,Thonon-les-Bains,,,"https://www.google.com/maps/search/?api=1&query=46.373244,6.479216",Agence Lehmann,https://lehmann-immo.com/fr/propriete/vente+appartement+thonon-les-bains+bel-appartement-4-pieces-avec-jardin-a-thonon-les-bains+87306178,,,True,"75 Grande Rue, 74200 Thonon-les-Bains",80.0,129.0,4.0,82.0,,4.0,2.44,,habitavel
apartamento,Thonon-les-Bains,,,"https://www.google.com/maps/search/?api=1&query=46.373244,6.479216",Poirier Immobilier Thonon,https://www.poirier-immobilier.com/vente/6-thonon-les-bains/appartement/2240-thonon-les-bains-votre-ecrin-de-verdure-au-coeur-du-pillon,,,True,"75 Grande Rue, 74200 Thonon-les-Bains",80.0,129.0,4.0,80.99,,4.0,1.22,,habitavel
apartamento,Thonon-les-Bains,,,"https://www.google.com/maps/search/?api=1&query=46.371668,6.478688",Laforêt Thonon-Évian,https://www.laforet.com/agence-immobiliere/thonon-evian/acheter/thonon-les-bains/appartement-3-pieces-52196857,,,True,"6 Square Aristide Briand, 74200 Thonon-les-Bains",64.0,236.0,3.0,65.0,,3.0,1.54,,habitavel
apartamento,Thonon-les-Bains,,,"https://www.google.com/maps/search/?api=1&query=46.371668,6.478688",A&P Immobilier,https://www.immobilierapi.com/vente/1-thonon-les-bains/appartement/t3/894-thonon-les-bains-nouvelle-exclusivite-t3-en-rez-de-jardin-a-decouvrir/,,,True,"6 Square Aristide Briand, 74200 Thonon-les-Bains",64.0,236.0,3.0,63.0,,3.0,1.56,,habitavel
apartamento,Thonon-les-Bains,,,"https://www.google.com/maps/search/?api=1&query=46.371668,6.478688",A&P Immobilier,https://www.immobilierapi.com/vente/1-thonon-les-bains/appartement/t3/806-t3-a-fort-potentiel-thonon-les-bains-parking-et-cave-thonon-ouest/,,,True,"6 Square Aristide Briand, 74200 Thonon-les-Bains",64.0,236.0,3.0,63.6,,3.0,0.62,,habitavel
apartamento,Thonon-les-Bains,,,"https://www.google.com/maps/search/?api=1&query=46.371668,6.478688",Christelle Vannier Immobilier,https://cvannier-immobilier.com/fr/propriete/vente+appartement+thonon-les-bains+exclusivite-t3-en-rez-de-jardin-avec-garage+87300076,,,True,"6 Square Aristide Briand, 74200 Thonon-les-Bains",64.0,236.0,3.0,65.42,,3.0,2.17,,habitavel
apartamento,Thonon-les-Bains,,,"https://www.google.com/maps/search/?api=1&query=46.371668,6.478688",Christelle Vannier Immobilier,https://cvannier-immobilier.com/fr/propriete/vente+appartement+thonon-les-bains+exclusivite-t3-en-duplex+87254132,,,True,"6 Square Aristide Briand, 74200 Thonon-les-Bains",64.0,236.0,3.0,65.0,,3.0,1.54,,habitavel
apartamento,Thonon-les-Bains,,,"https://www.google.com/maps/search/?api=1&query=46.371668,6.478688",Christelle Vannier Immobilier,https://cvannier-immobilier.com/fr/propriete/vente+appartement+thonon-les-bains+exclusivite-appartement-type-3-avec-garage+84395461,,,True,"6 Square Aristide Briand, 74200 Thonon-les-Bains",64.0,236.0,3.0,65.0,,3.0,1.54,,habitavel
apartamento,Thonon-les-Bains,,,"https://www.google.com/maps/search/?api=1&query=46.372575,6.490691",CENTURY 21 Chablais-Léman Thonon,https://www.century21-chablais-leman-thonon.com/trouver_logement/detail/16350251916/,,,True,"16 Chemin de la Mouche, 74200 Thonon-les-Bains",60.0,1644.0,3.0,60.0,,3.0,0.0,,habitavel
apartamento,Thonon-les-Bains,,,"https://www.google.com/maps/search/?api=1&query=46.372575,6.490691",Agence Lehmann,https://lehmann-immo.com/fr/propriete/vente+appartement+thonon-les-bains+87286557,,,,"16 Chemin de la Mouche, 74200 Thonon-les-Bains",60.0,1644.0,3.0,61.22,,,1.99,,habitavel
apartamento,Thonon-les-Bains,,,"https://www.google.com/maps/search/?api=1&query=46.358807,6.483155",Agence Lehmann,https://lehmann-immo.com/fr/propriete/vente+appartement+thonon-les-bains+bel-appartement-4-pieces-avec-jardin-a-thonon-les-bains+87306178,,,True,"14 Chemin du Morillon, 74200 Thonon-les-Bains",82.0,11000.0,4.0,82.0,,4.0,0.0,,habitavel
apartamento,Thonon-les-Bains,,,"https://www.google.com/maps/search/?api=1&query=46.358807,6.483155",Christelle Vannier Immobilier,https://cvannier-immobilier.com/fr/propriete/vente+appartement+thonon-les-bains+exclusivite-nouveaute-t4-avec-jardin-garage-et-cave+87049047,,,True,"14 Chemin du Morillon, 74200 Thonon-les-Bains",82.0,11000.0,4.0,83.8,,4.0,2.15,,habitavel
apartamento,Thonon-les-Bains,,,"https://www.google.com/maps/search/?api=1&query=46.358807,6.483155",Laforêt Thonon-Évian,https://www.laforet.com/agence-immobiliere/thonon-evian/acheter/thonon-les-bains/appartement-4-pieces-52648362,,,True,"14 Chemin du Morillon, 74200 Thonon-les-Bains",82.0,11000.0,4.0,84.0,,4.0,2.38,,habitavel
apartamento,Thonon-les-Bains,,,"https://www.google.com/maps/search/?api=1&query=46.358807,6.483155",Poirier Immobilier Thonon,https://www.poirier-immobilier.com/vente/6-thonon-les-bains/appartement/2240-thonon-les-bains-votre-ecrin-de-verdure-au-coeur-du-pillon,,,True,"14 Chemin du Morillon, 74200 Thonon-les-Bains",82.0,11000.0,4.0,80.99,,4.0,1.23,,habitavel
apartamento,Thonon-les-Bains,,,"https://www.google.com/maps/search/?api=1&query=46.358807,6.483155",Christelle Vannier Immobilier,https://cvannier-immobilier.com/fr/propriete/vente+appartement+thonon-les-bains+appartement-de-type-4-avec-2-places-de-parking-en-sous-sol+86648754,,,True,"14 Chemin du Morillon, 74200 Thonon-les-Bains",82.0,11000.0,4.0,83.55,,4.0,1.86,,habitavel
apartamento,Thonon-les-Bains,,,"https://www.google.com/maps/search/?api=1&query=46.380003,6.484281",Laforêt Thonon-Évian,https://www.laforet.com/agence-immobiliere/thonon-evian/acheter/thonon-les-bains/appartement-4-pieces-21989784,,,True,"7 Chemin de la Fléchère, 74200 Thonon-les-Bains",85.0,1199.0,4.0,87.0,241.0,4.0,2.3,,habitavel
apartamento,Thonon-les-Bains,,,"https://www.google.com/maps/search/?api=1&query=46.380003,6.484281",Christelle Vannier Immobilier,https://cvannier-immobilier.com/fr/propriete/vente+appartement+thonon-les-bains+exclusivite-nouveaute-t4-avec-jardin-garage-et-cave+87049047,,,True,"7 Chemin de la Fléchère, 74200 Thonon-les-Bains",85.0,1199.0,4.0,83.8,,4.0,1.41,,habitavel
apartamento,Thonon-les-Bains,,,"https://www.google.com/maps/search/?api=1&query=46.380003,6.484281",Laforêt Thonon-Évian,https://www.laforet.com/agence-immobiliere/thonon-evian/acheter/thonon-les-bains/appartement-4-pieces-52648362,,,True,"7 Chemin de la Fléchère, 74200 Thonon-les-Bains",85.0,1199.0,4.0,84.0,,4.0,1.18,,habitavel
apartamento,Thonon-les-Bains,,,"https://www.google.com/maps/search/?api=1&query=46.380003,6.484281",Christelle Vannier Immobilier,https://cvannier-immobilier.com/fr/propriete/vente+appartement+thonon-les-bains+appartement-t4-thonon-les-bains-concise+87257451,,,True,"7 Chemin de la Fléchère, 74200 Thonon-les-Bains",85.0,1199.0,4.0,85.92,,4.0,1.07,,habitavel
apartamento,Thonon-les-Bains,,,"https://www.google.com/maps/search/?api=1&query=46.380003,6.484281",Christelle Vannier Immobilier,https://cvannier-immobilier.com/fr/propriete/vente+appartement+thonon-les-bains+appartement-de-type-4-avec-2-places-de-parking-en-sous-sol+86648754,,,True,"7 Chemin de la Fléchère, 74200 Thonon-les-Bains",85.0,1199.0,4.0,83.55,,4.0,1.71,,habitavel
apartamento,Thonon-les-Bains,,,"https://www.google.com/maps/search/?api=1&query=46.362223,6.482033",CENTURY 21 Chablais-Léman Thonon,https://www.century21-chablais-leman-thonon.com/trouver_logement/detail/15698583939/,,,True,"21 Avenue de la Patinerie, 74200 Thonon-les-Bains",57.0,638.0,3.0,58.39,,3.0,2.38,,habitavel
apartamento,Thonon-les-Bains,,,"https://www.google.com/maps/search/?api=1&query=46.367925,6.476038",CENTURY 21 Chablais-Léman Thonon,https://www.century21-chablais-leman-thonon.com/trouver_logement/detail/16350251916/,,,True,"11 Avenue de la Versoie, 74200 Thonon-les-Bains",60.0,665.0,3.0,60.0,,3.0,0.0,,habitavel
apartamento,Thonon-les-Bains,,,"https://www.google.com/maps/search/?api=1&query=46.367925,6.476038",Agence Lehmann,https://lehmann-immo.com/fr/propriete/vente+appartement+thonon-les-bains+87286557,,,,"11 Avenue de la Versoie, 74200 Thonon-les-Bains",60.0,665.0,3.0,61.22,,,1.99,,habitavel
apartamento,Thonon-les-Bains,,,"https://www.google.com/maps/search/?api=1&query=46.369757,6.468294",Agence Lehmann,https://lehmann-immo.com/fr/propriete/vente+appartement+thonon-les-bains+bel-appartement-4-pieces-avec-jardin-a-thonon-les-bains+87306178,,,True,"30 Boulevard de la Corniche, 74200 Thonon-les-Bains",83.0,3338.0,4.0,82.0,,4.0,1.2,,habitavel
apartamento,Thonon-les-Bains,,,"https://www.google.com/maps/search/?api=1&query=46.369757,6.468294",Christelle Vannier Immobilier,https://cvannier-immobilier.com/fr/propriete/vente+appartement+thonon-les-bains+exclusivite-nouveaute-t4-avec-jardin-garage-et-cave+87049047,,,True,"30 Boulevard de la Corniche, 74200 Thonon-les-Bains",83.0,3338.0,4.0,83.8,,4.0,0.95,,habitavel
apartamento,Thonon-les-Bains,,,"https://www.google.com/maps/search/?api=1&query=46.369757,6.468294",Laforêt Thonon-Évian,https://www.laforet.com/agence-immobiliere/thonon-evian/acheter/thonon-les-bains/appartement-4-pieces-52648362,,,True,"30 Boulevard de la Corniche, 74200 Thonon-les-Bains",83.0,3338.0,4.0,84.0,,4.0,1.19,,habitavel
apartamento,Thonon-les-Bains,,,"https://www.google.com/maps/search/?api=1&query=46.369757,6.468294",Poirier Immobilier Thonon,https://www.poirier-immobilier.com/vente/6-thonon-les-bains/appartement/2240-thonon-les-bains-votre-ecrin-de-verdure-au-coeur-du-pillon,,,True,"30 Boulevard de la Corniche, 74200 Thonon-les-Bains",83.0,3338.0,4.0,80.99,,4.0,2.42,,habitavel
apartamento,Thonon-les-Bains,,,"https://www.google.com/maps/search/?api=1&query=46.369757,6.468294",Christelle Vannier Immobilier,https://cvannier-immobilier.com/fr/propriete/vente+appartement+thonon-les-bains+appartement-de-type-4-avec-2-places-de-parking-en-sous-sol+86648754,,,True,"30 Boulevard de la Corniche, 74200 Thonon-les-Bains",83.0,3338.0,4.0,83.55,,4.0,0.66,,habitavel
apartamento,Thonon-les-Bains,,,"https://www.google.com/maps/search/?api=1&query=46.372714,6.480307",Dupraz Immobilier Thonon,https://www.dupraz-immobilier.com/ville_bien/fiches/3-33-29_60896304/t3-de-76-m2-avec-terrasse-de-25-m2-garage-cave-et-stationnement.html,,,,"3 Rue de Lort, 74200 Thonon-les-Bains",77.0,872.0,4.0,76.0,,,1.3,,habitavel
apartamento,Thonon-les-Bains,,,"https://www.google.com/maps/search/?api=1&query=46.362241,6.481787",CENTURY 21 Chablais-Léman Thonon,https://www.century21-chablais-leman-thonon.com/trouver_logement/detail/15698583939/,,,True,"19 Avenue de la Patinerie, 74200 Thonon-les-Bains",57.0,597.0,3.0,58.39,,3.0,2.38,,habitavel
apartamento,Thonon-les-Bains,,,"https://www.google.com/maps/search/?api=1&query=46.361873,6.459477",Poirier Immobilier Thonon,https://www.poirier-immobilier.com/vente/6-thonon-les-bains/appartement/2365-appartement-de-type-2-renove-avec-gout,,,True,"12 Avenue de Geneve, 74200 Thonon-les-Bains",55.0,294.0,2.0,55.88,,2.0,1.57,,habitavel
apartamento,Thonon-les-Bains,,,"https://www.google.com/maps/search/?api=1&query=46.364,6.476048",Christelle Vannier Immobilier,https://cvannier-immobilier.com/fr/propriete/vente+appartement+thonon-les-bains+exclusivite-appartement-t3-thonon-les-bains+87186571,,,True,"1 Impasse de la Dôle, 74200 Thonon-les-Bains",55.0,414.0,3.0,55.35,,3.0,0.63,,habitavel
apartamento,Thonon-les-Bains,,,"https://www.google.com/maps/search/?api=1&query=46.381885,6.504113",Agence Barnoud Thonon,https://www.barnoud-immobilier.fr/vente/74-haute-savoie/1-thonon-les-bains/2-appartement/t2/10682-rez-jardin-17-54m-au-calme-t2-52m/,,,,"16 Route de Vongy, 74200 Thonon-les-Bains",52.0,1095.0,2.0,52.04,,,0.08,,habitavel
apartamento,Thonon-les-Bains,,,"https://www.google.com/maps/search/?api=1&query=46.381885,6.504113",Agence Barnoud Thonon,https://www.barnoud-immobilier.fr/vente/74-haute-savoie/1-thonon-les-bains/2-appartement/t2/11274-appartement-t2-51-15m/,,,,"16 Route de Vongy, 74200 Thonon-les-Bains",52.0,1095.0,2.0,51.15,,,1.63,,habitavel
apartamento,Évian-les-Bains,,,"https://www.google.com/maps/search/?api=1&query=46.396819,6.57938",Leman Property Évian,https://www.leman-property.com/vente/appartement/evian-les-bains/appartement-4-pieces-a-evian-les-bains-charme-et-confort-au-coeur-de-la-ville/,,,,"43 Boulevard De La Detanche, 74500 Évian-les-Bains",82.0,6770.0,4.0,82.0,,,0.0,,habitavel
apartamento,Évian-les-Bains,,,"https://www.google.com/maps/search/?api=1&query=46.396819,6.57938",Leman Property Évian,https://www.leman-property.com/vente/appartement/evian-les-bains/appartement-4-pieces-avec-jardin-a-neuvecelle/,,,,"43 Boulevard De La Detanche, 74500 Évian-les-Bains",82.0,6770.0,4.0,84.0,,,2.38,,habitavel
apartamento,Évian-les-Bains,,,"https://www.google.com/maps/search/?api=1&query=46.396819,6.57938",Leman Property Évian,https://www.leman-property.com/vente/appartement/evian-les-bains/maison-mitoyenne-80-m2/,,,,"43 Boulevard De La Detanche, 74500 Évian-les-Bains",82.0,6770.0,4.0,81.0,,,1.22,,habitavel
apartamento,Thonon-les-Bains,,,"https://www.google.com/maps/search/?api=1&query=46.370974,6.483325",A&P Immobilier,https://www.immobilierapi.com/vente/1-thonon-les-bains/appartement/t5/885-thonon-les-bains-t4-neuf-de-110-m2-au-dernier-etage/,,,True,"1 Rue du Chablais, 74200 Thonon-les-Bains",108.0,702.0,5.0,110.0,,5.0,1.82,,habitavel
apartamento,Thonon-les-Bains,,,"https://www.google.com/maps/search/?api=1&query=46.370974,6.483325",Cabinet Greneche,https://grenecheimmo.fr/fr/propriete/vente+appartement+thonon-les-bains+appartement-t4-neuf+86974022,,,,"1 Rue du Chablais, 74200 Thonon-les-Bains",108.0,702.0,5.0,109.93,,,1.76,,habitavel
apartamento,Thonon-les-Bains,,,"https://www.google.com/maps/search/?api=1&query=46.357213,6.455962",CENTURY 21 Chablais-Léman Thonon,https://www.century21-chablais-leman-thonon.com/trouver_logement/detail/16350251916/,,,True,"67 Chemin de Morcy, 74200 Thonon-les-Bains",61.0,134.0,3.0,60.0,,3.0,1.64,,habitavel
apartamento,Thonon-les-Bains,,,"https://www.google.com/maps/search/?api=1&query=46.357213,6.455962",Agence Lehmann,https://lehmann-immo.com/fr/propriete/vente+appartement+thonon-les-bains+87286557,,,,"67 Chemin de Morcy, 74200 Thonon-les-Bains",61.0,134.0,3.0,61.22,,,0.36,,habitavel
apartamento,Thonon-les-Bains,,,"https://www.google.com/maps/search/?api=1&query=46.357213,6.455962",Christelle Vannier Immobilier,https://cvannier-immobilier.com/fr/propriete/vente+appartement+thonon-les-bains+appartement-t3-thonon-centre-ville+85078596,,,True,"67 Chemin de Morcy, 74200 Thonon-les-Bains",61.0,134.0,3.0,62.0,,3.0,1.61,,habitavel
apartamento,Thonon-les-Bains,,,"https://www.google.com/maps/search/?api=1&query=46.374416,6.497263",Agence Lehmann,https://lehmann-immo.com/fr/propriete/vente+appartement+thonon-les-bains+bel-appartement-4-pieces-avec-jardin-a-thonon-les-bains+87306178,,,True,"42 Avenue de Champagne, 74200 Thonon-les-Bains",81.0,692.0,4.0,82.0,,4.0,1.22,,habitavel
apartamento,Thonon-les-Bains,,,"https://www.google.com/maps/search/?api=1&query=46.374416,6.497263",Poirier Immobilier Thonon,https://www.poirier-immobilier.com/vente/6-thonon-les-bains/appartement/2240-thonon-les-bains-votre-ecrin-de-verdure-au-coeur-du-pillon,,,True,"42 Avenue de Champagne, 74200 Thonon-les-Bains",81.0,692.0,4.0,80.99,,4.0,0.01,,habitavel
apartamento,Thonon-les-Bains,,,"https://www.google.com/maps/search/?api=1&query=46.371286,6.479007",Christelle Vannier Immobilier,https://cvannier-immobilier.com/fr/propriete/vente+appartement+thonon-les-bains+exclusivite-grand-t4-de-114m-garage-et-parking+86690288,,,True,"1 Rue Vallon, 74200 Thonon-les-Bains",115.0,159.0,4.0,114.0,,4.0,0.87,,habitavel
apartamento,Thonon-les-Bains,,,"https://www.google.com/maps/search/?api=1&query=46.369974,6.496561",Laforêt Thonon-Évian,https://www.laforet.com/agence-immobiliere/thonon-evian/acheter/thonon-les-bains/appartement-3-pieces-52703873,,,True,"1 Avenue du Clos Rouge, 74200 Thonon-les-Bains",76.0,1008.0,3.0,75.0,,3.0,1.32,,habitavel
apartamento,Thonon-les-Bains,,,"https://www.google.com/maps/search/?api=1&query=46.369974,6.496561",Laforêt Thonon-Évian,https://www.laforet.com/agence-immobiliere/thonon-evian/acheter/thonon-les-bains/appartement-3-pieces-52584814,,,True,"1 Avenue du Clos Rouge, 74200 Thonon-les-Bains",76.0,1008.0,3.0,76.0,,3.0,0.0,,habitavel
apartamento,Thonon-les-Bains,,,"https://www.google.com/maps/search/?api=1&query=46.369974,6.496561",Dupraz Immobilier Thonon,https://www.dupraz-immobilier.com/ville_bien/fiches/3-33-29_60896304/t3-de-76-m2-avec-terrasse-de-25-m2-garage-cave-et-stationnement.html,,,,"1 Avenue du Clos Rouge, 74200 Thonon-les-Bains",76.0,1008.0,3.0,76.0,,,0.0,,habitavel
apartamento,Thonon-les-Bains,,,"https://www.google.com/maps/search/?api=1&query=46.369974,6.496561",Laforêt Thonon-Évian,https://www.laforet.com/agence-immobiliere/thonon-evian/acheter/thonon-les-bains/appartement-3-pieces-52402655,,,True,"1 Avenue du Clos Rouge, 74200 Thonon-les-Bains",76.0,1008.0,3.0,75.0,,3.0,1.32,,habitavel
apartamento,Thonon-les-Bains,,,"https://www.google.com/maps/search/?api=1&query=46.369974,6.496561",Poirier Immobilier Thonon,https://www.poirier-immobilier.com/vente/6-thonon-les-bains/appartement/2456-spacieux-appartement-de-type-3-avec-garage-proche-centre-ville,,,True,"1 Avenue du Clos Rouge, 74200 Thonon-les-Bains",76.0,1008.0,3.0,76.12,,3.0,0.16,,habitavel
apartamento,Thonon-les-Bains,,,"https://www.google.com/maps/search/?api=1&query=46.367743,6.4739",Laforêt Thonon-Évian,https://www.laforet.com/agence-immobiliere/thonon-evian/acheter/thonon-les-bains/appartement-2-pieces-52534317,,,True,"31 Boulevard du Général Dessaix, 74200 Thonon-les-Bains",40.0,590.0,2.0,40.0,,2.0,0.0,,habitavel
apartamento,Thonon-les-Bains,,,"https://www.google.com/maps/search/?api=1&query=46.367743,6.4739",Leman Property Thonon,https://www.leman-property.com/vente/appartement/thonon-les-bains/thonon-les-bains-t2-duplex-renove-vue-lac/,,,,"31 Boulevard du Général Dessaix, 74200 Thonon-les-Bains",40.0,590.0,2.0,40.0,,,0.0,,habitavel
apartamento,Thonon-les-Bains,,,"https://www.google.com/maps/search/?api=1&query=46.367743,6.4739",Christelle Vannier Immobilier,https://cvannier-immobilier.com/fr/propriete/vente+appartement+thonon-les-bains+exclusivite-appartement-de-type-2-avec-cave+86737083,,,True,"31 Boulevard du Général Dessaix, 74200 Thonon-les-Bains",40.0,590.0,2.0,40.0,,2.0,0.0,,habitavel
apartamento,Thonon-les-Bains,,,"https://www.google.com/maps/search/?api=1&query=46.367743,6.4739",Christelle Vannier Immobilier,https://cvannier-immobilier.com/fr/propriete/vente+appartement+thonon-les-bains+appartement-t2-thonon-les-bains+86380593,,,True,"31 Boulevard du Général Dessaix, 74200 Thonon-les-Bains",40.0,590.0,2.0,40.25,,2.0,0.62,,habitavel
apartamento,Thonon-les-Bains,,,"https://www.google.com/maps/search/?api=1&query=46.379825,6.488884",CENTURY 21 Chablais-Léman Thonon,https://www.century21-chablais-leman-thonon.com/trouver_logement/detail/16436700333/,,,True,"6 Chemin des Guillettes, 74200 Thonon-les-Bains",70.0,4649.0,3.0,70.6,,3.0,0.85,,habitavel
apartamento,Thonon-les-Bains,,,"https://www.google.com/maps/search/?api=1&query=46.379825,6.488884",Agence Barnoud Thonon,https://www.barnoud-immobilier.fr/vente/74-haute-savoie/1-thonon-les-bains/2-appartement/t3/9917-a-thonon-les-bains-appartement-a-acheter-avec-2-chambres/,,,,"6 Chemin des Guillettes, 74200 Thonon-les-Bains",70.0,4649.0,3.0,69.52,,,0.69,,habitavel
apartamento,Thonon-les-Bains,,,"https://www.google.com/maps/search/?api=1&query=46.379825,6.488884",Christelle Vannier Immobilier,https://cvannier-immobilier.com/fr/propriete/vente+appartement+thonon-les-bains+exclusivite-appartement-t3-avec-garage-+86909438,,,True,"6 Chemin des Guillettes, 74200 Thonon-les-Bains",70.0,4649.0,3.0,68.98,,3.0,1.46,,habitavel
apartamento,Thonon-les-Bains,,,"https://www.google.com/maps/search/?api=1&query=46.367807,6.464699",Agence Barnoud Thonon,https://www.barnoud-immobilier.fr/vente/74-haute-savoie/1-thonon-les-bains/2-appartement/t2/10682-rez-jardin-17-54m-au-calme-t2-52m/,,,,"30 Chemin de Froid Lieu, 74200 Thonon-les-Bains",53.0,3700.0,2.0,52.04,,,1.81,,habitavel
apartamento,Thonon-les-Bains,,,"https://www.google.com/maps/search/?api=1&query=46.374734,6.478219",Laforêt Thonon-Évian,https://www.laforet.com/agence-immobiliere/thonon-evian/acheter/thonon-les-bains/appartement-2-pieces-22694427,,,True,"3 Rue de Naples, 74200 Thonon-les-Bains",60.0,78.0,2.0,59.0,,2.0,1.67,,habitavel
apartamento,Thonon-les-Bains,,,"https://www.google.com/maps/search/?api=1&query=46.374734,6.478219",Agence Lehmann,https://lehmann-immo.com/fr/propriete/vente+appartement+thonon-les-bains+87286557,,,,"3 Rue de Naples, 74200 Thonon-les-Bains",60.0,78.0,2.0,61.22,,,1.99,,habitavel
apartamento,Thonon-les-Bains,,,"https://www.google.com/maps/search/?api=1&query=46.374734,6.478219",Poirier Immobilier Thonon,https://www.poirier-immobilier.com/vente/6-thonon-les-bains/appartement/2339-t2-avec-double-vue-lac-balcons-cave-et-ascenseur,,,True,"3 Rue de Naples, 74200 Thonon-les-Bains",60.0,78.0,2.0,59.73,,2.0,0.45,,habitavel
apartamento,Thonon-les-Bains,,,"https://www.google.com/maps/search/?api=1&query=46.363072,6.476887",Agence Lehmann,https://lehmann-immo.com/fr/propriete/vente+appartement+thonon-les-bains+appartement-moderne-t3-a-thonon-les-bains+87100377,,,,"35 Avenue des Allinges, 74200 Thonon-les-Bains",65.0,9674.0,4.0,66.44,,,2.17,,habitavel
apartamento,Thonon-les-Bains,,,"https://www.google.com/maps/search/?api=1&query=46.372504,6.486057",Agence Lehmann,https://lehmann-immo.com/fr/propriete/vente+appartement+thonon-les-bains+appartement-moderne-t3-a-thonon-les-bains+87100377,,,,"23 Chemin Vieux, 74200 Thonon-les-Bains",66.0,861.0,4.0,66.44,,,0.66,,habitavel
apartamento,Thonon-les-Bains,,,"https://www.google.com/maps/search/?api=1&query=46.375086,6.478839",Laforêt Thonon-Évian,https://www.laforet.com/agence-immobiliere/thonon-evian/acheter/thonon-les-bains/appartement-3-pieces-52703873,,,True,"11 Rue des Pêcheurs, 74200 Thonon-les-Bains",74.0,92.0,3.0,75.0,,3.0,1.33,,habitavel
apartamento,Thonon-les-Bains,,,"https://www.google.com/maps/search/?api=1&query=46.375086,6.478839",Laforêt Thonon-Évian,https://www.laforet.com/agence-immobiliere/thonon-evian/acheter/thonon-les-bains/appartement-3-pieces-52402655,,,True,"11 Rue des Pêcheurs, 74200 Thonon-les-Bains",74.0,92.0,3.0,75.0,,3.0,1.33,,habitavel
apartamento,Thonon-les-Bains,,,"https://www.google.com/maps/search/?api=1&query=46.359366,6.45381",Nestenn Évian,https://immobilier-evian-les-bains.nestenn.com/a-vendre-a-thonon-les-bains-t2-renove-avec-deux-balcons-ref-39439459,,,True,"53 Avenue de Geneve, 74200 Thonon-les-Bains",50.0,208.0,2.0,50.0,,2.0,0.0,,habitavel
apartamento,Thonon-les-Bains,,,"https://www.google.com/maps/search/?api=1&query=46.359366,6.45381",Leman Property Thonon,https://www.leman-property.com/vente/appartement/thonon-les-bains/appartement-t3-coup-de-coeur/,,,,"53 Avenue de Geneve, 74200 Thonon-les-Bains",50.0,208.0,2.0,50.0,,,0.0,,habitavel
apartamento,Thonon-les-Bains,,,"https://www.google.com/maps/search/?api=1&query=46.359366,6.45381",Agence Barnoud Thonon,https://www.barnoud-immobilier.fr/vente/74-haute-savoie/1-thonon-les-bains/2-appartement/t2/9852-appartement-a-vendre-dernier-etage-a-thonon-les-bains/,,,,"53 Avenue de Geneve, 74200 Thonon-les-Bains",50.0,208.0,2.0,48.91,,,2.18,,habitavel
apartamento,Thonon-les-Bains,,,"https://www.google.com/maps/search/?api=1&query=46.359366,6.45381",Agence Barnoud Thonon,https://www.barnoud-immobilier.fr/vente/74-haute-savoie/1-thonon-les-bains/2-appartement/t2/11274-appartement-t2-51-15m/,,,,"53 Avenue de Geneve, 74200 Thonon-les-Bains",50.0,208.0,2.0,51.15,,,2.25,,habitavel
apartamento,Thonon-les-Bains,,,"https://www.google.com/maps/search/?api=1&query=46.363908,6.477587",Laforêt Thonon-Évian,https://www.laforet.com/agence-immobiliere/thonon-evian/acheter/thonon-les-bains/appartement-2-pieces-52196779,,,True,"5 Rue de l’Oncion, 74200 Thonon-les-Bains",44.0,492.0,2.0,45.0,,2.0,2.22,,habitavel
apartamento,Thonon-les-Bains,,,"https://www.google.com/maps/search/?api=1&query=46.363908,6.477587",Leman Property Thonon,https://www.leman-property.com/vente/appartement/thonon-les-bains/en-exclusivite-t2-rez-de-jardin-thonon-st-disdille/,,,,"5 Rue de l’Oncion, 74200 Thonon-les-Bains",44.0,492.0,2.0,44.0,,,0.0,,habitavel
apartamento,Thonon-les-Bains,,,"https://www.google.com/maps/search/?api=1&query=46.363908,6.477587",A&P Immobilier,https://www.immobilierapi.com/vente/1-thonon-les-bains/appartement/t2/853-thonon-les-bains-a-vendre-appartement-en-plateau-brut-a-amenager-parking-et-cave-thonon-ouest/,,,True,"5 Rue de l’Oncion, 74200 Thonon-les-Bains",44.0,492.0,2.0,44.3,,2.0,0.68,,habitavel
apartamento,Thonon-les-Bains,,,"https://www.google.com/maps/search/?api=1&query=46.363908,6.477587",Christelle Vannier Immobilier,https://cvannier-immobilier.com/fr/propriete/vente+appartement+thonon-les-bains+exclusivite-t2-centre-ville-thonon-les-bains+86925991,,,True,"5 Rue de l’Oncion, 74200 Thonon-les-Bains",44.0,492.0,2.0,43.6,,2.0,0.91,,habitavel
apartamento,Thonon-les-Bains,,,"https://www.google.com/maps/search/?api=1&query=46.363908,6.477587",Poirier Immobilier Thonon,https://www.poirier-immobilier.com/vente/6-thonon-les-bains/appartement/2317-a-decouvrir-appartement-t2-avec-fort-potentiel-a-rafraichir-selon-vos-envies,,,True,"5 Rue de l’Oncion, 74200 Thonon-les-Bains",44.0,492.0,2.0,44.78,,2.0,1.74,,habitavel
apartamento,Thonon-les-Bains,,,"https://www.google.com/maps/search/?api=1&query=46.366984,6.48234",Laforêt Thonon-Évian,https://www.laforet.com/agence-immobiliere/thonon-evian/acheter/thonon-les-bains/appartement-2-pieces-52558897,,,True,"10 Place de Crête, 74200 Thonon-les-Bains",34.0,595.0,2.0,34.0,,2.0,0.0,,habitavel
apartamento,Thonon-les-Bains,,,"https://www.google.com/maps/search/?api=1&query=46.367375,6.486375",Agence Lehmann,https://lehmann-immo.com/fr/propriete/vente+appartement+thonon-les-bains+appartement-moderne-t2-a-thonon-les-bains+87095867,,,,"6 Chemin Neuf, 74200 Thonon-les-Bains",42.0,795.0,3.0,42.39,,,0.92,,habitavel
apartamento,Thonon-les-Bains,,,"https://www.google.com/maps/search/?api=1&query=46.375124,6.478822",Laforêt Thonon-Évian,https://www.laforet.com/agence-immobiliere/thonon-evian/acheter/thonon-les-bains/appartement-3-pieces-52703873,,,True,"9 Rue des Pêcheurs, 74200 Thonon-les-Bains",74.0,103.0,3.0,75.0,,3.0,1.33,,habitavel
apartamento,Thonon-les-Bains,,,"https://www.google.com/maps/search/?api=1&query=46.375124,6.478822",Laforêt Thonon-Évian,https://www.laforet.com/agence-immobiliere/thonon-evian/acheter/thonon-les-bains/appartement-3-pieces-52402655,,,True,"9 Rue des Pêcheurs, 74200 Thonon-les-Bains",74.0,103.0,3.0,75.0,,3.0,1.33,,habitavel
apartamento,Thonon-les-Bains,,,"https://www.google.com/maps/search/?api=1&query=46.363809,6.477445",Laforêt Thonon-Évian,https://www.laforet.com/agence-immobiliere/thonon-evian/acheter/thonon-les-bains/appartement-2-pieces-52196779,,,True,"6 Rue de l’Oncion, 74200 Thonon-les-Bains",44.0,535.0,2.0,45.0,,2.0,2.22,,habitavel
apartamento,Thonon-les-Bains,,,"https://www.google.com/maps/search/?api=1&query=46.363809,6.477445",Leman Property Thonon,https://www.leman-property.com/vente/appartement/thonon-les-bains/en-exclusivite-t2-rez-de-jardin-thonon-st-disdille/,,,,"6 Rue de l’Oncion, 74200 Thonon-les-Bains",44.0,535.0,2.0,44.0,,,0.0,,habitavel
apartamento,Thonon-les-Bains,,,"https://www.google.com/maps/search/?api=1&query=46.363809,6.477445",A&P Immobilier,https://www.immobilierapi.com/vente/1-thonon-les-bains/appartement/t2/853-thonon-les-bains-a-vendre-appartement-en-plateau-brut-a-amenager-parking-et-cave-thonon-ouest/,,,True,"6 Rue de l’Oncion, 74200 Thonon-les-Bains",44.0,535.0,2.0,44.3,,2.0,0.68,,habitavel
apartamento,Thonon-les-Bains,,,"https://www.google.com/maps/search/?api=1&query=46.363809,6.477445",Christelle Vannier Immobilier,https://cvannier-immobilier.com/fr/propriete/vente+appartement+thonon-les-bains+exclusivite-t2-centre-ville-thonon-les-bains+86925991,,,True,"6 Rue de l’Oncion, 74200 Thonon-les-Bains",44.0,535.0,2.0,43.6,,2.0,0.91,,habitavel
apartamento,Thonon-les-Bains,,,"https://www.google.com/maps/search/?api=1&query=46.363809,6.477445",Poirier Immobilier Thonon,https://www.poirier-immobilier.com/vente/6-thonon-les-bains/appartement/2317-a-decouvrir-appartement-t2-avec-fort-potentiel-a-rafraichir-selon-vos-envies,,,True,"6 Rue de l’Oncion, 74200 Thonon-les-Bains",44.0,535.0,2.0,44.78,,2.0,1.74,,habitavel
apartamento,Thonon-les-Bains,,,"https://www.google.com/maps/search/?api=1&query=46.362989,6.478358",Cabinet Greneche,https://grenecheimmo.fr/fr/propriete/vente+appartement+thonon-les-bains+appartement-t4-neuf+86974022,,,,"30 Avenue des Allinges, 74200 Thonon-les-Bains",112.0,938.0,6.0,109.93,,,1.85,,habitavel
apartamento,Thonon-les-Bains,,,"https://www.google.com/maps/search/?api=1&query=46.370187,6.479281",Dupraz Immobilier Thonon,https://www.dupraz-immobilier.com/ville_bien/fiches/3-33-29_60896304/t3-de-76-m2-avec-terrasse-de-25-m2-garage-cave-et-stationnement.html,,,,"5 Avenue des Allobroges, 74200 Thonon-les-Bains",75.0,212.0,2.0,76.0,,,1.32,,habitavel
apartamento,Thonon-les-Bains,,,"https://www.google.com/maps/search/?api=1&query=46.367183,6.486336",Agence Lehmann,https://lehmann-immo.com/fr/propriete/vente+appartement+thonon-les-bains+appartement-moderne-t2-a-thonon-les-bains+87095867,,,,"8 Chemin Neuf, 74200 Thonon-les-Bains",42.0,1510.0,3.0,42.39,,,0.92,,habitavel
apartamento,Évian-les-Bains,,,"https://www.google.com/maps/search/?api=1&query=46.39766,6.579434",CENTURY 21 Chablais Léman Évian,https://www.century21-chablais-leman-evian.com/trouver_logement/detail/11245834972/,,,True,"15 Chemin De La Detanche, 74500 Évian-les-Bains",61.0,597.0,3.0,60.0,,3.0,1.64,,habitavel
apartamento,Évian-les-Bains,,,"https://www.google.com/maps/search/?api=1&query=46.39766,6.579434",Agence Barnoud Évian,https://www.barnoud-immobilier.fr/vente/74-haute-savoie/2-evian-les-bains/2-appartement/t2/10698-t2-60-m-vue-lac-parking-hyper-centre-evian-les-bains/,,,,"15 Chemin De La Detanche, 74500 Évian-les-Bains",61.0,597.0,3.0,60.0,,,1.64,,habitavel
apartamento,Évian-les-Bains,,,"https://www.google.com/maps/search/?api=1&query=46.39766,6.579434",Leman Property Évian,https://www.leman-property.com/vente/appartement/evian-les-bains/evian-les-bains-appartement-a-renover/,,,,"15 Chemin De La Detanche, 74500 Évian-les-Bains",61.0,597.0,3.0,60.0,,,1.64,,habitavel
apartamento,Évian-les-Bains,,,"https://www.google.com/maps/search/?api=1&query=46.39766,6.579434",CENTURY 21 Chablais Léman Évian,https://www.century21-chablais-leman-evian.com/trouver_logement/detail/11245814138/,,,True,"15 Chemin De La Detanche, 74500 Évian-les-Bains",61.0,597.0,3.0,60.0,,3.0,1.64,,habitavel
apartamento,Évian-les-Bains,,,"https://www.google.com/maps/search/?api=1&query=46.39766,6.579434",CENTURY 21 Chablais Léman Évian,https://www.century21-chablais-leman-evian.com/trouver_logement/detail/11245758109/,,,True,"15 Chemin De La Detanche, 74500 Évian-les-Bains",61.0,597.0,3.0,60.0,,3.0,1.64,,habitavel
apartamento,Évian-les-Bains,,,"https://www.google.com/maps/search/?api=1&query=46.39766,6.579434",Poirier Immobilier Évian,https://www.poirier-immobilier.com/vente/5-evian-les-bains/appartement/68-appartement-t3-centre-ville-d-evian-les-bains,,,True,"15 Chemin De La Detanche, 74500 Évian-les-Bains",61.0,597.0,3.0,59.64,,3.0,2.23,,habitavel
apartamento,Thonon-les-Bains,,,"https://www.google.com/maps/search/?api=1&query=46.369703,6.496231",Laforêt Thonon-Évian,https://www.laforet.com/agence-immobiliere/thonon-evian/acheter/thonon-les-bains/appartement-3-pieces-52703873,,,True,"18 Avenue de la Dranse, 74200 Thonon-les-Bains",76.0,246.0,3.0,75.0,,3.0,1.32,,habitavel
apartamento,Thonon-les-Bains,,,"https://www.google.com/maps/search/?api=1&query=46.369703,6.496231",Laforêt Thonon-Évian,https://www.laforet.com/agence-immobiliere/thonon-evian/acheter/thonon-les-bains/appartement-3-pieces-52584814,,,True,"18 Avenue de la Dranse, 74200 Thonon-les-Bains",76.0,246.0,3.0,76.0,,3.0,0.0,,habitavel
apartamento,Thonon-les-Bains,,,"https://www.google.com/maps/search/?api=1&query=46.369703,6.496231",Dupraz Immobilier Thonon,https://www.dupraz-immobilier.com/ville_bien/fiches/3-33-29_60896304/t3-de-76-m2-avec-terrasse-de-25-m2-garage-cave-et-stationnement.html,,,,"18 Avenue de la Dranse, 74200 Thonon-les-Bains",76.0,246.0,3.0,76.0,,,0.0,,habitavel
apartamento,Thonon-les-Bains,,,"https://www.google.com/maps/search/?api=1&query=46.369703,6.496231",Laforêt Thonon-Évian,https://www.laforet.com/agence-immobiliere/thonon-evian/acheter/thonon-les-bains/appartement-3-pieces-52402655,,,True,"18 Avenue de la Dranse, 74200 Thonon-les-Bains",76.0,246.0,3.0,75.0,,3.0,1.32,,habitavel
apartamento,Thonon-les-Bains,,,"https://www.google.com/maps/search/?api=1&query=46.369703,6.496231",Poirier Immobilier Thonon,https://www.poirier-immobilier.com/vente/6-thonon-les-bains/appartement/2456-spacieux-appartement-de-type-3-avec-garage-proche-centre-ville,,,True,"18 Avenue de la Dranse, 74200 Thonon-les-Bains",76.0,246.0,3.0,76.12,,3.0,0.16,,habitavel
apartamento,Thonon-les-Bains,,,"https://www.google.com/maps/search/?api=1&query=46.374978,6.478569",Laforêt Thonon-Évian,https://www.laforet.com/agence-immobiliere/thonon-evian/acheter/thonon-les-bains/appartement-2-pieces-52534317,,,True,"4 Chemin des Echenets, 74200 Thonon-les-Bains",40.0,92.0,2.0,40.0,,2.0,0.0,,habitavel
apartamento,Thonon-les-Bains,,,"https://www.google.com/maps/search/?api=1&query=46.374978,6.478569",Leman Property Thonon,https://www.leman-property.com/vente/appartement/thonon-les-bains/thonon-les-bains-t2-duplex-renove-vue-lac/,,,,"4 Chemin des Echenets, 74200 Thonon-les-Bains",40.0,92.0,2.0,40.0,,,0.0,,habitavel
apartamento,Thonon-les-Bains,,,"https://www.google.com/maps/search/?api=1&query=46.374978,6.478569",Christelle Vannier Immobilier,https://cvannier-immobilier.com/fr/propriete/vente+appartement+thonon-les-bains+exclusivite-appartement-de-type-2-avec-cave+86737083,,,True,"4 Chemin des Echenets, 74200 Thonon-les-Bains",40.0,92.0,2.0,40.0,,2.0,0.0,,habitavel
apartamento,Thonon-les-Bains,,,"https://www.google.com/maps/search/?api=1&query=46.374978,6.478569",Christelle Vannier Immobilier,https://cvannier-immobilier.com/fr/propriete/vente+appartement+thonon-les-bains+appartement-t2-thonon-les-bains+86380593,,,True,"4 Chemin des Echenets, 74200 Thonon-les-Bains",40.0,92.0,2.0,40.25,,2.0,0.62,,habitavel
apartamento,Thonon-les-Bains,,,"https://www.google.com/maps/search/?api=1&query=46.37254,6.479088",Laforêt Thonon-Évian,https://www.laforet.com/agence-immobiliere/thonon-evian/acheter/thonon-les-bains/appartement-2-pieces-52534317,,,True,"46 Grande Rue, 74200 Thonon-les-Bains",40.0,26.0,2.0,40.0,,2.0,0.0,,habitavel
apartamento,Thonon-les-Bains,,,"https://www.google.com/maps/search/?api=1&query=46.37254,6.479088",Leman Property Thonon,https://www.leman-property.com/vente/appartement/thonon-les-bains/thonon-les-bains-t2-duplex-renove-vue-lac/,,,,"46 Grande Rue, 74200 Thonon-les-Bains",40.0,26.0,2.0,40.0,,,0.0,,habitavel
apartamento,Thonon-les-Bains,,,"https://www.google.com/maps/search/?api=1&query=46.37254,6.479088",Christelle Vannier Immobilier,https://cvannier-immobilier.com/fr/propriete/vente+appartement+thonon-les-bains+exclusivite-appartement-de-type-2-avec-cave+86737083,,,True,"46 Grande Rue, 74200 Thonon-les-Bains",40.0,26.0,2.0,40.0,,2.0,0.0,,habitavel
apartamento,Thonon-les-Bains,,,"https://www.google.com/maps/search/?api=1&query=46.37254,6.479088",Christelle Vannier Immobilier,https://cvannier-immobilier.com/fr/propriete/vente+appartement+thonon-les-bains+appartement-t2-thonon-les-bains+86380593,,,True,"46 Grande Rue, 74200 Thonon-les-Bains",40.0,26.0,2.0,40.25,,2.0,0.62,,habitavel
apartamento,Thonon-les-Bains,,,"https://www.google.com/maps/search/?api=1&query=46.362269,6.459765",Cabinet Greneche,https://grenecheimmo.fr/fr/propriete/vente+appartement+thonon-les-bains+appartement-t4-neuf+86974022,,,,"9 Avenue de Geneve, 74200 Thonon-les-Bains",112.0,1433.0,4.0,109.93,,,1.85,,habitavel
apartamento,Thonon-les-Bains,,,"https://www.google.com/maps/search/?api=1&query=46.362269,6.459765",Cabinet Greneche,https://grenecheimmo.fr/fr/propriete/vente+appartement+thonon-les-bains+appartement-4-pieces-local-entrepot-artisanal-thonon-les-bains+86641773,,,True,"9 Avenue de Geneve, 74200 Thonon-les-Bains",112.0,1433.0,4.0,112.0,,4.0,0.0,,habitavel
apartamento,Thonon-les-Bains,,,"https://www.google.com/maps/search/?api=1&query=46.362269,6.459765",Christelle Vannier Immobilier,https://cvannier-immobilier.com/fr/propriete/vente+appartement+thonon-les-bains+exclusivite-grand-t4-de-114m-garage-et-parking+86690288,,,True,"9 Avenue de Geneve, 74200 Thonon-les-Bains",112.0,1433.0,4.0,114.0,,4.0,1.75,,habitavel
apartamento,Thonon-les-Bains,,,"https://www.google.com/maps/search/?api=1&query=46.362269,6.459765",Cabinet Greneche,https://grenecheimmo.fr/fr/propriete/vente+appartement+thonon-les-bains+duplex-4-pieces-thonon-les-bains+85982874,,,True,"9 Avenue de Geneve, 74200 Thonon-les-Bains",112.0,1433.0,4.0,112.0,,4.0,0.0,,habitavel
apartamento,Thonon-les-Bains,,,"https://www.google.com/maps/search/?api=1&query=46.367814,6.474046",Laforêt Thonon-Évian,https://www.laforet.com/agence-immobiliere/thonon-evian/acheter/thonon-les-bains/appartement-2-pieces-52534317,,,True,"29 Boulevard du Général Dessaix, 74200 Thonon-les-Bains",40.0,570.0,2.0,40.0,,2.0,0.0,,habitavel
apartamento,Thonon-les-Bains,,,"https://www.google.com/maps/search/?api=1&query=46.367814,6.474046",Leman Property Thonon,https://www.leman-property.com/vente/appartement/thonon-les-bains/thonon-les-bains-t2-duplex-renove-vue-lac/,,,,"29 Boulevard du Général Dessaix, 74200 Thonon-les-Bains",40.0,570.0,2.0,40.0,,,0.0,,habitavel
apartamento,Thonon-les-Bains,,,"https://www.google.com/maps/search/?api=1&query=46.367814,6.474046",Christelle Vannier Immobilier,https://cvannier-immobilier.com/fr/propriete/vente+appartement+thonon-les-bains+exclusivite-appartement-de-type-2-avec-cave+86737083,,,True,"29 Boulevard du Général Dessaix, 74200 Thonon-les-Bains",40.0,570.0,2.0,40.0,,2.0,0.0,,habitavel
apartamento,Thonon-les-Bains,,,"https://www.google.com/maps/search/?api=1&query=46.367814,6.474046",Christelle Vannier Immobilier,https://cvannier-immobilier.com/fr/propriete/vente+appartement+thonon-les-bains+appartement-t2-thonon-les-bains+86380593,,,True,"29 Boulevard du Général Dessaix, 74200 Thonon-les-Bains",40.0,570.0,2.0,40.25,,2.0,0.62,,habitavel
apartamento,Thonon-les-Bains,,,"https://www.google.com/maps/search/?api=1&query=46.367391,6.486249",Agence Lehmann,https://lehmann-immo.com/fr/propriete/vente+appartement+thonon-les-bains+appartement-moderne-t2-a-thonon-les-bains+87095867,,,,"5 Chemin Neuf, 74200 Thonon-les-Bains",42.0,750.0,3.0,42.39,,,0.92,,habitavel
apartamento,Thonon-les-Bains,,,"https://www.google.com/maps/search/?api=1&query=46.367471,6.473006",CENTURY 21 Chablais-Léman Thonon,https://www.century21-chablais-leman-thonon.com/trouver_logement/detail/15698583939/,,,True,"5 Boulevard des Trolliettes, 74200 Thonon-les-Bains",57.0,1430.0,3.0,58.39,,3.0,2.38,,habitavel
apartamento,Thonon-les-Bains,,,"https://www.google.com/maps/search/?api=1&query=46.371411,6.476682",Agence Barnoud Thonon,https://www.barnoud-immobilier.fr/vente/74-haute-savoie/1-thonon-les-bains/2-appartement/t4/10465-a-vendre-au-centre-ville-de-thonon-les-bains-grand-appartement-avec-balcon/,,,,"15 Avenue des Tilleuls, 74200 Thonon-les-Bains",103.0,49.0,4.0,100.65,,,2.28,,habitavel
apartamento,Thonon-les-Bains,,,"https://www.google.com/maps/search/?api=1&query=46.37232,6.496028",Laforêt Thonon-Évian,https://www.laforet.com/agence-immobiliere/thonon-evian/acheter/thonon-les-bains/appartement-2-pieces-52196779,,,True,"41 Route de Tully, 74200 Thonon-les-Bains",45.0,5510.0,2.0,45.0,,2.0,0.0,,habitavel
apartamento,Thonon-les-Bains,,,"https://www.google.com/maps/search/?api=1&query=46.37232,6.496028",Leman Property Thonon,https://www.leman-property.com/vente/appartement/thonon-les-bains/en-exclusivite-t2-rez-de-jardin-thonon-st-disdille/,,,,"41 Route de Tully, 74200 Thonon-les-Bains",45.0,5510.0,2.0,44.0,,,2.22,,habitavel
apartamento,Thonon-les-Bains,,,"https://www.google.com/maps/search/?api=1&query=46.37232,6.496028",A&P Immobilier,https://www.immobilierapi.com/vente/1-thonon-les-bains/appartement/t2/853-thonon-les-bains-a-vendre-appartement-en-plateau-brut-a-amenager-parking-et-cave-thonon-ouest/,,,True,"41 Route de Tully, 74200 Thonon-les-Bains",45.0,5510.0,2.0,44.3,,2.0,1.56,,habitavel
apartamento,Thonon-les-Bains,,,"https://www.google.com/maps/search/?api=1&query=46.37232,6.496028",Poirier Immobilier Thonon,https://www.poirier-immobilier.com/vente/6-thonon-les-bains/appartement/2317-a-decouvrir-appartement-t2-avec-fort-potentiel-a-rafraichir-selon-vos-envies,,,True,"41 Route de Tully, 74200 Thonon-les-Bains",45.0,5510.0,2.0,44.78,,2.0,0.49,,habitavel
apartamento,Thonon-les-Bains,,,"https://www.google.com/maps/search/?api=1&query=46.37232,6.496028",Agence Barnoud Thonon,https://www.barnoud-immobilier.fr/vente/74-haute-savoie/1-thonon-les-bains/2-appartement/t2/11354-appartement-de-type-2-a-vendre-a-thonon-les-bains/,,,,"41 Route de Tully, 74200 Thonon-les-Bains",45.0,5510.0,2.0,46.0,,,2.17,,habitavel
apartamento,Thonon-les-Bains,,,"https://www.google.com/maps/search/?api=1&query=46.375031,6.478522",Laforêt Thonon-Évian,https://www.laforet.com/agence-immobiliere/thonon-evian/acheter/thonon-les-bains/appartement-2-pieces-52534317,,,True,"2 Chemin des Echenets, 74200 Thonon-les-Bains",40.0,103.0,2.0,40.0,,2.0,0.0,,habitavel
apartamento,Thonon-les-Bains,,,"https://www.google.com/maps/search/?api=1&query=46.375031,6.478522",Leman Property Thonon,https://www.leman-property.com/vente/appartement/thonon-les-bains/thonon-les-bains-t2-duplex-renove-vue-lac/,,,,"2 Chemin des Echenets, 74200 Thonon-les-Bains",40.0,103.0,2.0,40.0,,,0.0,,habitavel
apartamento,Thonon-les-Bains,,,"https://www.google.com/maps/search/?api=1&query=46.375031,6.478522",Christelle Vannier Immobilier,https://cvannier-immobilier.com/fr/propriete/vente+appartement+thonon-les-bains+exclusivite-appartement-de-type-2-avec-cave+86737083,,,True,"2 Chemin des Echenets, 74200 Thonon-les-Bains",40.0,103.0,2.0,40.0,,2.0,0.0,,habitavel
apartamento,Thonon-les-Bains,,,"https://www.google.com/maps/search/?api=1&query=46.375031,6.478522",Christelle Vannier Immobilier,https://cvannier-immobilier.com/fr/propriete/vente+appartement+thonon-les-bains+appartement-t2-thonon-les-bains+86380593,,,True,"2 Chemin des Echenets, 74200 Thonon-les-Bains",40.0,103.0,2.0,40.25,,2.0,0.62,,habitavel
apartamento,Thonon-les-Bains,,,"https://www.google.com/maps/search/?api=1&query=46.36727,6.486253",Agence Lehmann,https://lehmann-immo.com/fr/propriete/vente+appartement+thonon-les-bains+appartement-moderne-t2-a-thonon-les-bains+87095867,,,,"7 Chemin Neuf, 74200 Thonon-les-Bains",42.0,387.0,3.0,42.39,,,0.92,,habitavel
apartamento,Thonon-les-Bains,,,"https://www.google.com/maps/search/?api=1&query=46.363662,6.464335",Agence Lehmann,https://lehmann-immo.com/fr/propriete/vente+appartement+thonon-les-bains+appartement-moderne-t3-a-thonon-les-bains+87100377,,,,"5 Avenue de la Grangette, 74200 Thonon-les-Bains",68.0,3092.0,4.0,66.44,,,2.29,,habitavel
apartamento,Thonon-les-Bains,,,"https://www.google.com/maps/search/?api=1&query=46.363662,6.464335",Agence Barnoud Thonon,https://www.barnoud-immobilier.fr/vente/74-haute-savoie/1-thonon-les-bains/2-appartement/t3/9917-a-thonon-les-bains-appartement-a-acheter-avec-2-chambres/,,,,"5 Avenue de la Grangette, 74200 Thonon-les-Bains",68.0,3092.0,4.0,69.52,,,2.19,,habitavel
apartamento,Thonon-les-Bains,,,"https://www.google.com/maps/search/?api=1&query=46.383117,6.505056",Leman Property Thonon,https://www.leman-property.com/vente/appartement/thonon-les-bains/en-exclusivite-t2-rez-de-jardin-thonon-st-disdille/,,,,"19 Rue du Vieux Pont, 74200 Thonon-les-Bains",43.0,47.0,1.0,44.0,,,2.27,,habitavel
apartamento,Thonon-les-Bains,,,"https://www.google.com/maps/search/?api=1&query=46.383117,6.505056",Agence Lehmann,https://lehmann-immo.com/fr/propriete/vente+appartement+thonon-les-bains+appartement-moderne-t2-a-thonon-les-bains+87095867,,,,"19 Rue du Vieux Pont, 74200 Thonon-les-Bains",43.0,47.0,1.0,42.39,,,1.42,,habitavel
apartamento,Thonon-les-Bains,,,"https://www.google.com/maps/search/?api=1&query=46.363901,6.47779",Laforêt Thonon-Évian,https://www.laforet.com/agence-immobiliere/thonon-evian/acheter/thonon-les-bains/appartement-2-pieces-52196779,,,True,"3 Rue de l’Oncion, 74200 Thonon-les-Bains",44.0,488.0,2.0,45.0,,2.0,2.22,,habitavel
apartamento,Thonon-les-Bains,,,"https://www.google.com/maps/search/?api=1&query=46.363901,6.47779",Leman Property Thonon,https://www.leman-property.com/vente/appartement/thonon-les-bains/en-exclusivite-t2-rez-de-jardin-thonon-st-disdille/,,,,"3 Rue de l’Oncion, 74200 Thonon-les-Bains",44.0,488.0,2.0,44.0,,,0.0,,habitavel
apartamento,Thonon-les-Bains,,,"https://www.google.com/maps/search/?api=1&query=46.363901,6.47779",A&P Immobilier,https://www.immobilierapi.com/vente/1-thonon-les-bains/appartement/t2/853-thonon-les-bains-a-vendre-appartement-en-plateau-brut-a-amenager-parking-et-cave-thonon-ouest/,,,True,"3 Rue de l’Oncion, 74200 Thonon-les-Bains",44.0,488.0,2.0,44.3,,2.0,0.68,,habitavel
apartamento,Thonon-les-Bains,,,"https://www.google.com/maps/search/?api=1&query=46.363901,6.47779",Christelle Vannier Immobilier,https://cvannier-immobilier.com/fr/propriete/vente+appartement+thonon-les-bains+exclusivite-t2-centre-ville-thonon-les-bains+86925991,,,True,"3 Rue de l’Oncion, 74200 Thonon-les-Bains",44.0,488.0,2.0,43.6,,2.0,0.91,,habitavel
apartamento,Thonon-les-Bains,,,"https://www.google.com/maps/search/?api=1&query=46.363901,6.47779",Poirier Immobilier Thonon,https://www.poirier-immobilier.com/vente/6-thonon-les-bains/appartement/2317-a-decouvrir-appartement-t2-avec-fort-potentiel-a-rafraichir-selon-vos-envies,,,True,"3 Rue de l’Oncion, 74200 Thonon-les-Bains",44.0,488.0,2.0,44.78,,2.0,1.74,,habitavel
apartamento,Thonon-les-Bains,,,"https://www.google.com/maps/search/?api=1&query=46.365556,6.476669",CENTURY 21 Chablais-Léman Thonon,https://www.century21-chablais-leman-thonon.com/trouver_logement/detail/16350251916/,,,True,"9 Chemin du Martinet, 74200 Thonon-les-Bains",60.0,476.0,3.0,60.0,,3.0,0.0,,habitavel
apartamento,Thonon-les-Bains,,,"https://www.google.com/maps/search/?api=1&query=46.365556,6.476669",Agence Lehmann,https://lehmann-immo.com/fr/propriete/vente+appartement+thonon-les-bains+87286557,,,,"9 Chemin du Martinet, 74200 Thonon-les-Bains",60.0,476.0,3.0,61.22,,,1.99,,habitavel
apartamento,Thonon-les-Bains,,,"https://www.google.com/maps/search/?api=1&query=46.363814,6.477676",Laforêt Thonon-Évian,https://www.laforet.com/agence-immobiliere/thonon-evian/acheter/thonon-les-bains/appartement-2-pieces-52196779,,,True,"4 Rue de l’Oncion, 74200 Thonon-les-Bains",44.0,530.0,2.0,45.0,,2.0,2.22,,habitavel
apartamento,Thonon-les-Bains,,,"https://www.google.com/maps/search/?api=1&query=46.363814,6.477676",Leman Property Thonon,https://www.leman-property.com/vente/appartement/thonon-les-bains/en-exclusivite-t2-rez-de-jardin-thonon-st-disdille/,,,,"4 Rue de l’Oncion, 74200 Thonon-les-Bains",44.0,530.0,2.0,44.0,,,0.0,,habitavel
apartamento,Thonon-les-Bains,,,"https://www.google.com/maps/search/?api=1&query=46.363814,6.477676",A&P Immobilier,https://www.immobilierapi.com/vente/1-thonon-les-bains/appartement/t2/853-thonon-les-bains-a-vendre-appartement-en-plateau-brut-a-amenager-parking-et-cave-thonon-ouest/,,,True,"4 Rue de l’Oncion, 74200 Thonon-les-Bains",44.0,530.0,2.0,44.3,,2.0,0.68,,habitavel
apartamento,Thonon-les-Bains,,,"https://www.google.com/maps/search/?api=1&query=46.363814,6.477676",Christelle Vannier Immobilier,https://cvannier-immobilier.com/fr/propriete/vente+appartement+thonon-les-bains+exclusivite-t2-centre-ville-thonon-les-bains+86925991,,,True,"4 Rue de l’Oncion, 74200 Thonon-les-Bains",44.0,530.0,2.0,43.6,,2.0,0.91,,habitavel
apartamento,Thonon-les-Bains,,,"https://www.google.com/maps/search/?api=1&query=46.363814,6.477676",Poirier Immobilier Thonon,https://www.poirier-immobilier.com/vente/6-thonon-les-bains/appartement/2317-a-decouvrir-appartement-t2-avec-fort-potentiel-a-rafraichir-selon-vos-envies,,,True,"4 Rue de l’Oncion, 74200 Thonon-les-Bains",44.0,530.0,2.0,44.78,,2.0,1.74,,habitavel
apartamento,Thonon-les-Bains,,,"https://www.google.com/maps/search/?api=1&query=46.380608,6.486565",Laforêt Thonon-Évian,https://www.laforet.com/agence-immobiliere/thonon-evian/acheter/thonon-les-bains/appartement-2-pieces-52534317,,,True,"23 Avenue des Ducs de Savoie, 74200 Thonon-les-Bains",39.0,74.0,2.0,40.0,,2.0,2.5,,habitavel
apartamento,Thonon-les-Bains,,,"https://www.google.com/maps/search/?api=1&query=46.380608,6.486565",Leman Property Thonon,https://www.leman-property.com/vente/appartement/thonon-les-bains/thonon-les-bains-t2-duplex-renove-vue-lac/,,,,"23 Avenue des Ducs de Savoie, 74200 Thonon-les-Bains",39.0,74.0,2.0,40.0,,,2.5,,habitavel
apartamento,Thonon-les-Bains,,,"https://www.google.com/maps/search/?api=1&query=46.380608,6.486565",Christelle Vannier Immobilier,https://cvannier-immobilier.com/fr/propriete/vente+appartement+thonon-les-bains+exclusivite-appartement-de-type-2-avec-cave+86737083,,,True,"23 Avenue des Ducs de Savoie, 74200 Thonon-les-Bains",39.0,74.0,2.0,40.0,,2.0,2.5,,habitavel
apartamento,Thonon-les-Bains,,,"https://www.google.com/maps/search/?api=1&query=46.374955,6.478582",Laforêt Thonon-Évian,https://www.laforet.com/agence-immobiliere/thonon-evian/acheter/thonon-les-bains/appartement-2-pieces-52534317,,,True,"6 Chemin des Echenets, 74200 Thonon-les-Bains",40.0,111.0,2.0,40.0,,2.0,0.0,,habitavel
apartamento,Thonon-les-Bains,,,"https://www.google.com/maps/search/?api=1&query=46.374955,6.478582",Leman Property Thonon,https://www.leman-property.com/vente/appartement/thonon-les-bains/thonon-les-bains-t2-duplex-renove-vue-lac/,,,,"6 Chemin des Echenets, 74200 Thonon-les-Bains",40.0,111.0,2.0,40.0,,,0.0,,habitavel
apartamento,Thonon-les-Bains,,,"https://www.google.com/maps/search/?api=1&query=46.374955,6.478582",Christelle Vannier Immobilier,https://cvannier-immobilier.com/fr/propriete/vente+appartement+thonon-les-bains+exclusivite-appartement-de-type-2-avec-cave+86737083,,,True,"6 Chemin des Echenets, 74200 Thonon-les-Bains",40.0,111.0,2.0,40.0,,2.0,0.0,,habitavel
apartamento,Thonon-les-Bains,,,"https://www.google.com/maps/search/?api=1&query=46.374955,6.478582",Christelle Vannier Immobilier,https://cvannier-immobilier.com/fr/propriete/vente+appartement+thonon-les-bains+appartement-t2-thonon-les-bains+86380593,,,True,"6 Chemin des Echenets, 74200 Thonon-les-Bains",40.0,111.0,2.0,40.25,,2.0,0.62,,habitavel
apartamento,Évian-les-Bains,,,"https://www.google.com/maps/search/?api=1&query=46.398406,6.573859",Nestenn Évian,https://immobilier-evian-les-bains.nestenn.com/centre-d-evian-grand-t3-dans-residence-recente-avec-ascenseur-parking-disponible-ref-39259091,,,True,"12 Avenue Anna De Noailles - Rd 1005, 74500 Évian-les-Bains",71.0,91.0,3.0,71.0,,3.0,0.0,,habitavel
apartamento,Évian-les-Bains,,,"https://www.google.com/maps/search/?api=1&query=46.394015,6.577663",Nestenn Évian,https://immobilier-evian-les-bains.nestenn.com/avant-premiere-residence-alvea-a-evian-les-bains-ref-39323972,,,True,"4 Route De Chez Ravasse, 74500 Évian-les-Bains",90.0,62.0,4.0,89.0,,4.0,1.11,,habitavel
apartamento,Thonon-les-Bains,,,"https://www.google.com/maps/search/?api=1&query=46.376248,6.497533",Laforêt Thonon-Évian,https://www.laforet.com/agence-immobiliere/thonon-evian/acheter/thonon-les-bains/appartement-3-pieces-52196857,,,True,"11 Chemin du Clos de Champagne, 74200 Thonon-les-Bains",66.0,413.0,3.0,65.0,,3.0,1.52,,habitavel
apartamento,Thonon-les-Bains,,,"https://www.google.com/maps/search/?api=1&query=46.376248,6.497533",Agence Lehmann,https://lehmann-immo.com/fr/propriete/vente+appartement+thonon-les-bains+appartement-moderne-t3-a-thonon-les-bains+87100377,,,,"11 Chemin du Clos de Champagne, 74200 Thonon-les-Bains",66.0,413.0,3.0,66.44,,,0.66,,habitavel
apartamento,Thonon-les-Bains,,,"https://www.google.com/maps/search/?api=1&query=46.376248,6.497533",Agence Lehmann,https://lehmann-immo.com/fr/propriete/vente+appartement+thonon-les-bains+bel-appartement-3-pieces-moderne-a-thonon-les-bains+87095945,,,True,"11 Chemin du Clos de Champagne, 74200 Thonon-les-Bains",66.0,413.0,3.0,66.53,,3.0,0.8,,habitavel
apartamento,Thonon-les-Bains,,,"https://www.google.com/maps/search/?api=1&query=46.376248,6.497533",Christelle Vannier Immobilier,https://cvannier-immobilier.com/fr/propriete/vente+appartement+thonon-les-bains+exclusivite-t3-en-rez-de-jardin-avec-garage+87300076,,,True,"11 Chemin du Clos de Champagne, 74200 Thonon-les-Bains",66.0,413.0,3.0,65.42,,3.0,0.88,,habitavel
apartamento,Thonon-les-Bains,,,"https://www.google.com/maps/search/?api=1&query=46.376248,6.497533",Christelle Vannier Immobilier,https://cvannier-immobilier.com/fr/propriete/vente+appartement+thonon-les-bains+exclusivite-t3-en-duplex+87254132,,,True,"11 Chemin du Clos de Champagne, 74200 Thonon-les-Bains",66.0,413.0,3.0,65.0,,3.0,1.52,,habitavel
apartamento,Thonon-les-Bains,,,"https://www.google.com/maps/search/?api=1&query=46.376248,6.497533",Christelle Vannier Immobilier,https://cvannier-immobilier.com/fr/propriete/vente+appartement+thonon-les-bains+appartement-de-type-3-a-thonon-les-bains+85757383,,,True,"11 Chemin du Clos de Champagne, 74200 Thonon-les-Bains",66.0,413.0,3.0,66.0,,3.0,0.0,,habitavel
apartamento,Thonon-les-Bains,,,"https://www.google.com/maps/search/?api=1&query=46.376248,6.497533",Christelle Vannier Immobilier,https://cvannier-immobilier.com/fr/propriete/vente+appartement+thonon-les-bains+exclusivite-appartement-type-3-avec-garage+84395461,,,True,"11 Chemin du Clos de Champagne, 74200 Thonon-les-Bains",66.0,413.0,3.0,65.0,,3.0,1.52,,habitavel
apartamento,Thonon-les-Bains,,,"https://www.google.com/maps/search/?api=1&query=46.376248,6.497533",Poirier Immobilier Thonon,https://www.poirier-immobilier.com/vente/6-thonon-les-bains/appartement/2467-bel-appartement-de-type-3-a-proximite-immediate-du-centre-ville,,,True,"11 Chemin du Clos de Champagne, 74200 Thonon-les-Bains",66.0,413.0,3.0,67.05,,3.0,1.57,,habitavel
apartamento,Thonon-les-Bains,,,"https://www.google.com/maps/search/?api=1&query=46.372422,6.479267",Agence Barnoud Thonon,https://www.barnoud-immobilier.fr/vente/74-haute-savoie/1-thonon-les-bains/2-appartement/t3/9917-a-thonon-les-bains-appartement-a-acheter-avec-2-chambres/,,,,"61 Grande Rue, 74200 Thonon-les-Bains",70.0,159.0,2.0,69.52,,,0.69,,habitavel
apartamento,Thonon-les-Bains,,,"https://www.google.com/maps/search/?api=1&query=46.373675,6.481097",Agence Lehmann,https://lehmann-immo.com/fr/propriete/vente+appartement+thonon-les-bains+appartement-moderne-t3-a-thonon-les-bains+87100377,,,,"3 Avenue Saint-François de Sales, 74200 Thonon-les-Bains",66.0,205.0,2.0,66.44,,,0.66,,habitavel
apartamento,Thonon-les-Bains,,,"https://www.google.com/maps/search/?api=1&query=46.372421,6.479836",Laforêt Thonon-Évian,https://www.laforet.com/agence-immobiliere/thonon-evian/acheter/thonon-les-bains/appartement-3-pieces-52196857,,,True,"10 Rue Chante Coq, 74200 Thonon-les-Bains",65.0,129.0,3.0,65.0,,3.0,0.0,,habitavel
apartamento,Thonon-les-Bains,,,"https://www.google.com/maps/search/?api=1&query=46.372421,6.479836",Agence Lehmann,https://lehmann-immo.com/fr/propriete/vente+appartement+thonon-les-bains+appartement-moderne-t3-a-thonon-les-bains+87100377,,,,"10 Rue Chante Coq, 74200 Thonon-les-Bains",65.0,129.0,3.0,66.44,,,2.17,,habitavel
apartamento,Thonon-les-Bains,,,"https://www.google.com/maps/search/?api=1&query=46.372421,6.479836",Agence Lehmann,https://lehmann-immo.com/fr/propriete/vente+appartement+thonon-les-bains+bel-appartement-3-pieces-moderne-a-thonon-les-bains+87095945,,,True,"10 Rue Chante Coq, 74200 Thonon-les-Bains",65.0,129.0,3.0,66.53,,3.0,2.3,,habitavel
apartamento,Thonon-les-Bains,,,"https://www.google.com/maps/search/?api=1&query=46.372421,6.479836",A&P Immobilier,https://www.immobilierapi.com/vente/1-thonon-les-bains/appartement/t3/806-t3-a-fort-potentiel-thonon-les-bains-parking-et-cave-thonon-ouest/,,,True,"10 Rue Chante Coq, 74200 Thonon-les-Bains",65.0,129.0,3.0,63.6,,3.0,2.15,,habitavel
apartamento,Thonon-les-Bains,,,"https://www.google.com/maps/search/?api=1&query=46.372421,6.479836",Christelle Vannier Immobilier,https://cvannier-immobilier.com/fr/propriete/vente+appartement+thonon-les-bains+exclusivite-t3-en-rez-de-jardin-avec-garage+87300076,,,True,"10 Rue Chante Coq, 74200 Thonon-les-Bains",65.0,129.0,3.0,65.42,,3.0,0.64,,habitavel
apartamento,Thonon-les-Bains,,,"https://www.google.com/maps/search/?api=1&query=46.372421,6.479836",Christelle Vannier Immobilier,https://cvannier-immobilier.com/fr/propriete/vente+appartement+thonon-les-bains+exclusivite-t3-en-duplex+87254132,,,True,"10 Rue Chante Coq, 74200 Thonon-les-Bains",65.0,129.0,3.0,65.0,,3.0,0.0,,habitavel
apartamento,Thonon-les-Bains,,,"https://www.google.com/maps/search/?api=1&query=46.372421,6.479836",Christelle Vannier Immobilier,https://cvannier-immobilier.com/fr/propriete/vente+appartement+thonon-les-bains+appartement-de-type-3-a-thonon-les-bains+85757383,,,True,"10 Rue Chante Coq, 74200 Thonon-les-Bains",65.0,129.0,3.0,66.0,,3.0,1.52,,habitavel
apartamento,Thonon-les-Bains,,,"https://www.google.com/maps/search/?api=1&query=46.372421,6.479836",Christelle Vannier Immobilier,https://cvannier-immobilier.com/fr/propriete/vente+appartement+thonon-les-bains+exclusivite-appartement-type-3-avec-garage+84395461,,,True,"10 Rue Chante Coq, 74200 Thonon-les-Bains",65.0,129.0,3.0,65.0,,3.0,0.0,,habitavel
apartamento,Thonon-les-Bains,,,"https://www.google.com/maps/search/?api=1&query=46.37398,6.483488",CENTURY 21 Chablais-Léman Thonon,https://www.century21-chablais-leman-thonon.com/trouver_logement/detail/16350251916/,,,True,"6 Rue Amédée VIII, 74200 Thonon-les-Bains",61.0,3203.0,3.0,60.0,,3.0,1.64,,habitavel
apartamento,Thonon-les-Bains,,,"https://www.google.com/maps/search/?api=1&query=46.37398,6.483488",Agence Lehmann,https://lehmann-immo.com/fr/propriete/vente+appartement+thonon-les-bains+87286557,,,,"6 Rue Amédée VIII, 74200 Thonon-les-Bains",61.0,3203.0,3.0,61.22,,,0.36,,habitavel
apartamento,Thonon-les-Bains,,,"https://www.google.com/maps/search/?api=1&query=46.37398,6.483488",Christelle Vannier Immobilier,https://cvannier-immobilier.com/fr/propriete/vente+appartement+thonon-les-bains+appartement-t3-thonon-centre-ville+85078596,,,True,"6 Rue Amédée VIII, 74200 Thonon-les-Bains",61.0,3203.0,3.0,62.0,,3.0,1.61,,habitavel
apartamento,Thonon-les-Bains,,,"https://www.google.com/maps/search/?api=1&query=46.363704,6.463265",Christelle Vannier Immobilier,https://cvannier-immobilier.com/fr/propriete/vente+maison+thonon-les-bains+villa-jumelee-t5-secteur-corzent+87337095,,,True,"80 Avenue du Général de Gaulle, 74200 Thonon-les-Bains",117.0,360.0,4.0,118.0,,4.0,0.85,,habitavel
apartamento,Thonon-les-Bains,,,"https://www.google.com/maps/search/?api=1&query=46.372151,6.49081",CENTURY 21 Chablais-Léman Thonon,https://www.century21-chablais-leman-thonon.com/trouver_logement/detail/16350251916/,,,True,"10 Chemin de la Mouche, 74200 Thonon-les-Bains",61.0,1165.0,3.0,60.0,,3.0,1.64,,habitavel
apartamento,Thonon-les-Bains,,,"https://www.google.com/maps/search/?api=1&query=46.372151,6.49081",Agence Lehmann,https://lehmann-immo.com/fr/propriete/vente+appartement+thonon-les-bains+87286557,,,,"10 Chemin de la Mouche, 74200 Thonon-les-Bains",61.0,1165.0,3.0,61.22,,,0.36,,habitavel
apartamento,Thonon-les-Bains,,,"https://www.google.com/maps/search/?api=1&query=46.372151,6.49081",Christelle Vannier Immobilier,https://cvannier-immobilier.com/fr/propriete/vente+appartement+thonon-les-bains+appartement-t3-thonon-centre-ville+85078596,,,True,"10 Chemin de la Mouche, 74200 Thonon-les-Bains",61.0,1165.0,3.0,62.0,,3.0,1.61,,habitavel
apartamento,Thonon-les-Bains,,,"https://www.google.com/maps/search/?api=1&query=46.364195,6.458968",Laforêt Thonon-Évian,https://www.laforet.com/agence-immobiliere/thonon-evian/acheter/thonon-les-bains/appartement-4-pieces-52789637,,,True,"6 Rue des Gentianes, 74200 Thonon-les-Bains",99.0,1286.0,4.0,100.0,,4.0,1.0,,habitavel
apartamento,Thonon-les-Bains,,,"https://www.google.com/maps/search/?api=1&query=46.364195,6.458968",Agence Barnoud Thonon,https://www.barnoud-immobilier.fr/vente/74-haute-savoie/1-thonon-les-bains/2-appartement/t4/10465-a-vendre-au-centre-ville-de-thonon-les-bains-grand-appartement-avec-balcon/,,,,"6 Rue des Gentianes, 74200 Thonon-les-Bains",99.0,1286.0,4.0,100.65,,,1.64,,habitavel
apartamento,Thonon-les-Bains,,,"https://www.google.com/maps/search/?api=1&query=46.362202,6.457965",Laforêt Thonon-Évian,https://www.laforet.com/agence-immobiliere/thonon-evian/acheter/thonon-les-bains/appartement-4-pieces-21989784,,,True,"6 Chemin de la Brise, 74200 Thonon-les-Bains",87.0,896.0,4.0,87.0,241.0,4.0,0.0,,habitavel
apartamento,Thonon-les-Bains,,,"https://www.google.com/maps/search/?api=1&query=46.362202,6.457965",Christelle Vannier Immobilier,https://cvannier-immobilier.com/fr/propriete/vente+appartement+thonon-les-bains+appartement-t4-en-attique-residence-neuve+86566650,,,True,"6 Chemin de la Brise, 74200 Thonon-les-Bains",87.0,896.0,4.0,87.33,,4.0,0.38,,habitavel
apartamento,Thonon-les-Bains,,,"https://www.google.com/maps/search/?api=1&query=46.362202,6.457965",Christelle Vannier Immobilier,https://cvannier-immobilier.com/fr/propriete/vente+appartement+thonon-les-bains+appartement-t4-thonon-les-bains-concise+87257451,,,True,"6 Chemin de la Brise, 74200 Thonon-les-Bains",87.0,896.0,4.0,85.92,,4.0,1.24,,habitavel
apartamento,Thonon-les-Bains,,,"https://www.google.com/maps/search/?api=1&query=46.363629,6.46308",Christelle Vannier Immobilier,https://cvannier-immobilier.com/fr/propriete/vente+maison+thonon-les-bains+villa-jumelee-t5-secteur-corzent+87337095,,,True,"82 Avenue du Général de Gaulle, 74200 Thonon-les-Bains",117.0,939.0,4.0,118.0,,4.0,0.85,,habitavel
apartamento,Thonon-les-Bains,,,"https://www.google.com/maps/search/?api=1&query=46.373919,6.482937",CENTURY 21 Chablais-Léman Thonon,https://www.century21-chablais-leman-thonon.com/trouver_logement/detail/16436700333/,,,True,"6 Rue des Potiers, 74200 Thonon-les-Bains",70.0,3203.0,3.0,70.6,,3.0,0.85,,habitavel
apartamento,Thonon-les-Bains,,,"https://www.google.com/maps/search/?api=1&query=46.373919,6.482937",Agence Barnoud Thonon,https://www.barnoud-immobilier.fr/vente/74-haute-savoie/1-thonon-les-bains/2-appartement/t3/9917-a-thonon-les-bains-appartement-a-acheter-avec-2-chambres/,,,,"6 Rue des Potiers, 74200 Thonon-les-Bains",70.0,3203.0,3.0,69.52,,,0.69,,habitavel
apartamento,Thonon-les-Bains,,,"https://www.google.com/maps/search/?api=1&query=46.373919,6.482937",Christelle Vannier Immobilier,https://cvannier-immobilier.com/fr/propriete/vente+appartement+thonon-les-bains+exclusivite-appartement-t3-avec-garage-+86909438,,,True,"6 Rue des Potiers, 74200 Thonon-les-Bains",70.0,3203.0,3.0,68.98,,3.0,1.46,,habitavel
apartamento,Évian-les-Bains,,,"https://www.google.com/maps/search/?api=1&query=46.400934,6.610934",Nestenn Évian,https://immobilier-evian-les-bains.nestenn.com/programme-neuf-evian-les-bains-du-t2-au-t4-ref-39323966,,,True,"79 Avenue Des Grottes, 74500 Évian-les-Bains",58.0,567.0,3.0,58.0,,3.0,0.0,,habitavel
apartamento,Évian-les-Bains,,,"https://www.google.com/maps/search/?api=1&query=46.400903,6.610519",Nestenn Évian,https://immobilier-evian-les-bains.nestenn.com/programme-neuf-evian-les-bains-du-t2-au-t4-ref-39323966,,,True,"73 Avenue Des Grottes, 74500 Évian-les-Bains",58.0,362.0,3.0,58.0,,3.0,0.0,,habitavel
apartamento,Thonon-les-Bains,,,"https://www.google.com/maps/search/?api=1&query=46.368346,6.46759",CENTURY 21 Chablais-Léman Thonon,https://www.century21-chablais-leman-thonon.com/trouver_logement/detail/16436700333/,,,True,"16 Boulevard Bel Air, 74200 Thonon-les-Bains",72.0,5928.0,3.0,70.6,,3.0,1.94,,habitavel
apartamento,Thonon-les-Bains,,,"https://www.google.com/maps/search/?api=1&query=46.368346,6.46759",Agence Barnoud Thonon,https://www.barnoud-immobilier.fr/vente/74-haute-savoie/1-thonon-les-bains/2-appartement/t4/9874-thonon-appartement-t4/,,,,"16 Boulevard Bel Air, 74200 Thonon-les-Bains",72.0,5928.0,3.0,71.85,,,0.21,,habitavel
apartamento,Thonon-les-Bains,,,"https://www.google.com/maps/search/?api=1&query=46.372392,6.479155",Agence Barnoud Thonon,https://www.barnoud-immobilier.fr/vente/74-haute-savoie/1-thonon-les-bains/2-appartement/t3/9917-a-thonon-les-bains-appartement-a-acheter-avec-2-chambres/,,,,"42 Grande Rue, 74200 Thonon-les-Bains",70.0,140.0,2.0,69.52,,,0.69,,habitavel
apartamento,Thonon-les-Bains,,,"https://www.google.com/maps/search/?api=1&query=46.370071,6.471762",CENTURY 21 Chablais-Léman Thonon,https://www.century21-chablais-leman-thonon.com/trouver_logement/detail/16436700333/,,,True,"8 Avenue du Parc, 74200 Thonon-les-Bains",69.0,855.0,3.0,70.6,,3.0,2.27,,habitavel
apartamento,Thonon-les-Bains,,,"https://www.google.com/maps/search/?api=1&query=46.370071,6.471762",Laforêt Thonon-Évian,https://www.laforet.com/agence-immobiliere/thonon-evian/acheter/thonon-les-bains/appartement-3-pieces-52196898,,,True,"8 Avenue du Parc, 74200 Thonon-les-Bains",69.0,855.0,3.0,68.0,,3.0,1.45,,habitavel
apartamento,Thonon-les-Bains,,,"https://www.google.com/maps/search/?api=1&query=46.370071,6.471762",Laforêt Thonon-Évian,https://www.laforet.com/agence-immobiliere/thonon-evian/acheter/thonon-les-bains/appartement-3-pieces-52232506,,,True,"8 Avenue du Parc, 74200 Thonon-les-Bains",69.0,855.0,3.0,68.0,,3.0,1.45,,habitavel
apartamento,Thonon-les-Bains,,,"https://www.google.com/maps/search/?api=1&query=46.370071,6.471762",CENTURY 21 Chablais-Léman Thonon,https://www.century21-chablais-leman-thonon.com/trouver_logement/detail/15273893649/,,,True,"8 Avenue du Parc, 74200 Thonon-les-Bains",69.0,855.0,3.0,68.0,,3.0,1.45,,habitavel
apartamento,Thonon-les-Bains,,,"https://www.google.com/maps/search/?api=1&query=46.370071,6.471762",CENTURY 21 Chablais-Léman Thonon,https://www.century21-chablais-leman-thonon.com/trouver_logement/detail/15273884285/,,,True,"8 Avenue du Parc, 74200 Thonon-les-Bains",69.0,855.0,3.0,68.0,,3.0,1.45,,habitavel
apartamento,Thonon-les-Bains,,,"https://www.google.com/maps/search/?api=1&query=46.370071,6.471762",Agence Barnoud Thonon,https://www.barnoud-immobilier.fr/vente/74-haute-savoie/1-thonon-les-bains/2-appartement/t3/9917-a-thonon-les-bains-appartement-a-acheter-avec-2-chambres/,,,,"8 Avenue du Parc, 74200 Thonon-les-Bains",69.0,855.0,3.0,69.52,,,0.75,,habitavel
apartamento,Thonon-les-Bains,,,"https://www.google.com/maps/search/?api=1&query=46.370071,6.471762",CENTURY 21 Chablais-Léman Thonon,https://www.century21-chablais-leman-thonon.com/trouver_logement/detail/15273980963/,,,True,"8 Avenue du Parc, 74200 Thonon-les-Bains",69.0,855.0,3.0,68.0,,3.0,1.45,,habitavel
apartamento,Thonon-les-Bains,,,"https://www.google.com/maps/search/?api=1&query=46.370071,6.471762",A&P Immobilier,https://www.immobilierapi.com/vente/1-thonon-les-bains/appartement/t3/864-thonon-les-bains-magnifique-appartement-t3-en-centre-au-calme-a-saisir/,,,True,"8 Avenue du Parc, 74200 Thonon-les-Bains",69.0,855.0,3.0,68.0,,3.0,1.45,,habitavel
apartamento,Thonon-les-Bains,,,"https://www.google.com/maps/search/?api=1&query=46.370071,6.471762",Christelle Vannier Immobilier,https://cvannier-immobilier.com/fr/propriete/vente+appartement+thonon-les-bains+exclusivite-appartement-t3-avec-garage-+86909438,,,True,"8 Avenue du Parc, 74200 Thonon-les-Bains",69.0,855.0,3.0,68.98,,3.0,0.03,,habitavel
apartamento,Thonon-les-Bains,,,"https://www.google.com/maps/search/?api=1&query=46.370071,6.471762",Laforêt Thonon-Évian,https://www.laforet.com/agence-immobiliere/thonon-evian/acheter/thonon-les-bains/appartement-3-pieces-52232515,,,True,"8 Avenue du Parc, 74200 Thonon-les-Bains",69.0,855.0,3.0,68.0,,3.0,1.45,,habitavel
apartamento,Thonon-les-Bains,,,"https://www.google.com/maps/search/?api=1&query=46.370339,6.481391",Laforêt Thonon-Évian,https://www.laforet.com/agence-immobiliere/thonon-evian/acheter/thonon-les-bains/appartement-4-pieces-21989784,,,True,"8 Boulevard du Canal, 74200 Thonon-les-Bains",88.0,258.0,4.0,87.0,241.0,4.0,1.14,,habitavel
apartamento,Thonon-les-Bains,,,"https://www.google.com/maps/search/?api=1&query=46.370339,6.481391",Christelle Vannier Immobilier,https://cvannier-immobilier.com/fr/propriete/vente+appartement+thonon-les-bains+appartement-t4-en-attique-residence-neuve+86566650,,,True,"8 Boulevard du Canal, 74200 Thonon-les-Bains",88.0,258.0,4.0,87.33,,4.0,0.76,,habitavel
apartamento,Thonon-les-Bains,,,"https://www.google.com/maps/search/?api=1&query=46.370339,6.481391",Christelle Vannier Immobilier,https://cvannier-immobilier.com/fr/propriete/vente+appartement+thonon-les-bains+appartement-t4-thonon-les-bains-concise+87257451,,,True,"8 Boulevard du Canal, 74200 Thonon-les-Bains",88.0,258.0,4.0,85.92,,4.0,2.36,,habitavel
apartamento,Thonon-les-Bains,,,"https://www.google.com/maps/search/?api=1&query=46.379374,6.485374",Laforêt Thonon-Évian,https://www.laforet.com/agence-immobiliere/thonon-evian/acheter/thonon-les-bains/appartement-3-pieces-52703873,,,True,"8 Place de la Fontaine, 74200 Thonon-les-Bains",74.0,122.0,3.0,75.0,,3.0,1.33,,habitavel
apartamento,Thonon-les-Bains,,,"https://www.google.com/maps/search/?api=1&query=46.379374,6.485374",Laforêt Thonon-Évian,https://www.laforet.com/agence-immobiliere/thonon-evian/acheter/thonon-les-bains/appartement-3-pieces-52402655,,,True,"8 Place de la Fontaine, 74200 Thonon-les-Bains",74.0,122.0,3.0,75.0,,3.0,1.33,,habitavel
